video,frame,label,pt_0,pt_1,pt_2,pt_3,pt_4,pt_5,pt_6,pt_7,pt_8,pt_9,pt_10,pt_11,pt_12,pt_13,pt_14,pt_15,pt_16,pt_17,pt_18,pt_19,pt_20,pt_21,pt_22,pt_23,pt_24,pt_25,pt_26,pt_27,pt_28,pt_29,pt_30,pt_31,pt_32,pt_33,pt_34,pt_35,pt_36,pt_37,pt_38,pt_39,pt_40,pt_41,pt_42,pt_43,pt_44,pt_45,pt_46,pt_47,pt_48,pt_49,pt_50,pt_51,pt_52,pt_53,pt_54,pt_55,pt_56,pt_57,pt_58,pt_59,pt_60,pt_61,pt_62,pt_63,pt_64,pt_65,pt_66,pt_67,pt_68,pt_69,pt_70,pt_71,pt_72,pt_73,pt_74,pt_75,pt_76,pt_77,pt_78,pt_79,pt_80,pt_81,pt_82,pt_83,pt_84,pt_85,pt_86,pt_87,pt_88,pt_89,pt_90,pt_91,pt_92,pt_93,pt_94,pt_95,pt_96,pt_97,pt_98,pt_99,pt_100,pt_101,pt_102,pt_103,pt_104,pt_105,pt_106,pt_107,pt_108,pt_109,pt_110,pt_111,pt_112,pt_113,pt_114,pt_115,pt_116,pt_117,pt_118,pt_119,pt_120,pt_121,pt_122,pt_123,pt_124,pt_125,pt_126,pt_127,pt_128,pt_129,pt_130,pt_131,pt_132,pt_133,pt_134,pt_135
clip_20250722_124710.avi,30,0,152,227,155,249,160,270,165,291,172,310,182,327,196,342,213,353,232,356,251,352,269,340,283,325,293,306,300,286,303,265,306,243,308,220,159,208,167,196,182,191,196,192,210,196,239,192,254,186,269,184,285,189,294,199,226,214,226,227,226,241,226,254,214,269,221,271,227,273,234,270,241,268,175,221,184,214,195,213,206,221,195,224,184,225,249,218,257,209,269,208,278,213,270,218,259,219,203,304,210,294,219,289,228,292,237,289,248,292,257,300,249,312,239,318,229,320,220,319,211,314,208,303,220,299,228,299,237,297,252,301,238,306,229,308,220,307
clip_20250722_124710.avi,60,0,132,222,134,243,139,264,144,284,151,303,161,321,174,336,189,348,208,351,228,348,248,336,264,322,277,304,284,284,288,262,292,239,293,215,135,198,142,186,155,181,169,182,182,186,209,182,225,176,242,174,259,178,271,189,196,205,196,218,194,231,194,245,184,261,190,263,197,265,205,262,214,260,150,213,158,208,169,207,180,213,169,216,158,217,224,209,233,202,244,202,254,206,246,211,234,211,175,295,182,287,191,282,199,284,208,281,221,285,234,292,223,305,211,312,201,313,192,312,183,307,180,295,191,291,200,292,209,290,229,293,210,299,200,301,192,300
clip_20250722_124710.avi,90,0,125,234,129,255,135,276,142,296,151,315,162,332,175,347,190,358,208,360,226,356,245,342,260,326,272,306,279,285,283,263,285,240,285,216,128,207,132,194,144,186,157,184,169,187,201,182,217,175,234,171,251,175,264,186,188,213,189,229,189,244,189,259,180,275,186,277,193,279,201,275,209,272,143,225,151,218,161,217,173,223,162,226,151,228,216,216,224,208,236,207,245,211,238,217,226,218,173,308,178,300,187,295,195,297,203,294,216,296,228,303,219,316,208,323,199,325,190,324,181,319,178,308,188,305,196,305,205,303,222,303,206,310,197,312,189,311
clip_20250722_124710.avi,120,0,179,221,179,243,182,264,184,286,190,306,199,324,211,340,225,354,243,359,264,358,283,346,299,331,312,313,321,294,326,273,332,251,336,228,186,205,195,195,209,193,223,197,236,203,267,203,282,198,297,195,313,200,322,211,250,222,249,237,247,252,245,268,231,277,238,280,245,283,253,281,261,279,200,221,209,215,221,217,231,225,220,227,208,226,273,227,283,219,295,219,304,225,296,230,284,230,217,304,226,300,236,298,244,301,253,299,265,302,277,307,265,320,253,325,243,325,235,323,225,317,222,305,236,306,244,308,253,307,271,308,253,312,244,312,236,311
clip_20250722_124710.avi,150,0,156,231,157,252,162,272,168,292,176,310,187,327,199,342,213,355,229,359,247,356,265,343,281,328,293,310,301,290,305,268,309,245,309,221,157,210,162,198,175,194,188,194,200,199,231,195,246,186,263,183,280,187,291,198,217,220,217,235,216,250,215,266,205,278,211,281,218,283,226,280,235,278,172,226,179,220,190,219,201,226,190,229,179,230,243,223,252,215,263,214,273,218,265,224,253,225,196,307,203,304,211,301,218,304,226,301,238,303,251,305,240,316,229,321,221,323,213,322,205,317,200,308,212,309,219,310,227,308,246,306,228,309,220,310,212,309
clip_20250722_124710.avi,180,0,146,225,150,246,155,266,160,286,170,303,183,318,200,331,218,341,237,342,255,337,269,323,281,307,289,288,294,269,297,250,298,230,298,209,160,205,170,196,184,191,199,191,213,195,241,190,254,184,267,181,281,184,289,193,230,211,231,224,232,238,234,251,220,265,227,266,235,268,241,265,247,262,179,220,188,215,198,214,208,218,198,221,188,223,249,214,258,208,268,207,276,209,269,215,259,215,206,293,216,287,226,283,235,286,243,282,252,284,262,288,254,299,246,305,237,307,228,307,217,303,212,293,227,292,235,293,243,291,257,289,244,293,236,295,227,294
clip_20250722_124740.avi,30,0,329,285,330,304,333,323,338,342,347,359,360,374,376,385,395,392,414,394,432,389,445,378,456,364,463,348,468,332,470,315,471,298,470,280,346,259,356,251,369,247,383,248,396,253,423,253,434,248,446,246,457,250,464,260,411,270,413,281,414,292,416,304,400,317,407,319,415,320,421,318,427,316,362,275,371,270,380,270,389,276,380,278,370,278,427,276,436,270,445,270,452,275,445,278,436,278,380,342,394,337,407,334,414,336,421,334,431,336,439,340,431,349,422,354,414,355,406,355,394,351,385,343,406,343,414,344,421,343,435,341,421,343,414,344,406,344
clip_20250722_124740.avi,60,0,340,273,340,293,342,313,346,334,355,352,368,367,385,380,403,388,422,391,440,387,454,376,465,361,474,345,479,327,482,309,484,292,484,274,359,247,370,239,384,236,397,238,410,244,437,245,449,240,461,240,472,244,479,254,425,262,426,273,427,284,428,296,409,307,418,310,426,312,433,310,440,308,375,266,384,263,393,264,402,268,393,269,384,269,441,270,451,267,459,267,466,271,459,273,451,272,386,332,400,324,415,322,424,324,433,322,445,325,454,333,444,349,433,357,423,358,413,357,398,350,390,333,415,329,424,330,433,329,449,333,433,346,423,347,413,346
clip_20250722_124740.avi,90,0,326,282,327,300,328,319,333,338,341,355,353,369,369,380,389,386,408,388,425,384,440,375,450,362,457,347,462,331,464,314,465,298,465,282,346,254,356,246,368,243,381,245,393,250,421,251,431,246,443,246,453,250,459,259,408,267,409,277,410,287,412,298,395,310,402,312,410,314,417,312,423,310,361,271,369,268,378,268,387,273,378,274,369,274,424,274,432,270,440,270,447,275,441,276,432,276,373,334,386,327,400,324,409,326,417,325,428,328,437,335,428,349,417,354,408,355,398,354,385,349,377,335,400,331,409,332,417,331,433,336,417,344,408,345,399,344
clip_20250722_124740.avi,120,0,318,295,319,313,321,332,325,350,332,367,343,382,358,394,375,401,392,404,409,402,424,393,436,380,444,365,450,348,453,331,455,314,456,296,334,271,345,265,357,263,369,265,380,271,409,273,419,268,431,267,442,271,449,279,395,290,396,302,396,314,397,326,381,336,388,338,396,340,402,338,408,336,348,293,356,293,364,293,374,295,364,297,355,297,412,297,421,296,429,297,437,298,429,301,421,300,363,357,376,354,387,352,394,354,401,352,410,355,419,358,410,368,401,372,393,373,385,372,374,368,368,359,386,360,394,361,401,360,414,359,401,361,394,362,386,361
clip_20250722_124811.avi,30,0,359,291,359,308,360,325,362,343,368,359,378,373,392,384,409,391,427,395,444,394,459,387,471,376,479,362,484,347,487,331,490,314,491,298,378,266,387,259,399,257,411,259,422,264,448,267,458,264,470,264,480,269,485,279,435,281,435,290,435,299,435,309,420,322,426,324,433,325,439,325,445,324,390,283,399,280,407,281,415,286,406,287,398,286,450,289,458,286,467,287,473,292,466,293,458,292,403,346,414,342,425,339,431,342,438,341,446,345,455,351,445,357,436,359,429,359,422,357,413,354,407,347,424,348,431,349,437,349,451,351,437,349,430,349,423,348
clip_20250722_124811.avi,60,0,356,288,356,307,357,325,360,344,366,361,376,376,390,388,407,397,424,401,441,401,456,393,468,381,476,365,482,349,486,333,489,316,491,299,377,263,387,256,400,254,412,256,424,262,449,267,459,263,471,263,481,268,486,278,436,280,436,290,436,299,436,310,420,322,427,324,433,326,439,326,445,325,390,282,399,280,407,281,415,285,406,286,398,285,450,290,460,288,468,290,474,294,467,295,458,293,402,349,413,340,424,337,431,340,438,339,446,345,452,356,445,366,436,370,428,369,421,368,410,362,406,349,423,344,431,346,437,346,448,355,437,358,430,357,422,356
clip_20250722_124811.avi,90,0,351,294,351,312,353,330,356,347,364,363,375,376,391,385,408,391,425,393,441,392,456,385,466,374,473,360,477,345,480,330,483,315,484,299,373,263,383,256,396,253,409,255,420,261,445,265,455,261,466,261,475,267,480,277,433,277,434,286,434,294,435,304,419,317,425,319,432,320,438,320,444,319,387,280,395,276,404,277,412,282,403,283,394,283,446,286,455,283,463,284,469,290,462,291,454,289,398,344,410,333,423,330,431,332,438,331,447,337,453,348,446,358,436,361,428,361,420,360,408,355,402,344,422,337,430,338,437,338,449,347,437,351,429,351,421,350
clip_20250722_124811.avi,120,0,351,292,351,311,352,330,356,348,363,364,375,377,389,388,405,396,422,399,438,398,451,390,461,378,469,363,474,348,478,333,482,317,483,301,373,264,384,258,396,256,408,258,420,265,445,269,454,265,465,266,474,270,480,279,432,282,433,292,433,302,434,312,418,322,424,325,431,327,437,326,442,325,387,283,395,279,403,280,411,285,402,286,394,286,446,290,454,287,462,288,468,294,462,295,453,293,400,349,411,341,422,338,429,341,435,340,442,345,448,355,441,365,432,368,426,368,418,367,408,361,404,349,421,345,428,346,434,347,444,355,433,356,427,356,420,354
clip_20250722_124811.avi,150,0,351,298,351,316,353,334,356,352,363,369,374,383,388,394,404,401,421,404,437,403,451,395,461,383,469,368,475,352,478,336,481,320,482,303,371,272,381,264,393,261,405,263,416,268,441,271,451,267,462,267,472,272,477,281,429,286,430,296,430,305,431,315,415,328,422,329,429,331,435,331,440,329,384,290,392,288,400,288,408,292,400,293,391,293,444,295,452,293,460,294,467,298,459,299,452,298,396,354,407,346,419,342,427,344,433,343,442,348,449,358,441,368,432,372,424,373,416,371,405,366,400,354,418,350,426,351,433,352,444,358,432,361,425,362,417,361
clip_20250722_124811.avi,180,0,344,300,344,318,346,335,350,353,357,368,369,380,385,389,402,395,419,397,435,394,447,386,456,374,462,361,467,347,469,333,471,318,471,303,364,272,374,265,386,262,398,264,409,269,434,272,444,269,454,269,463,273,467,281,423,287,424,296,425,306,426,316,410,328,417,329,424,331,429,330,435,329,378,289,386,286,394,286,401,291,393,292,385,292,436,294,444,291,451,292,457,296,451,298,443,297,392,351,405,346,416,344,422,346,428,345,436,348,443,354,435,360,427,363,421,363,414,362,403,359,396,352,415,352,422,353,428,353,439,354,427,353,421,353,415,352
clip_20250722_124825.avi,30,0,309,295,308,311,308,327,310,344,315,359,323,374,335,385,351,393,368,396,386,394,403,388,415,377,425,364,431,349,434,333,436,316,438,299,319,268,327,261,338,258,349,259,359,264,386,264,396,260,408,259,419,264,426,273,371,280,371,289,371,299,371,308,358,322,364,323,370,325,376,324,382,323,329,286,336,280,345,281,353,287,344,288,336,288,389,288,396,282,405,283,413,288,406,291,397,290,342,347,352,340,362,337,369,339,376,338,385,341,396,348,385,354,375,356,368,357,361,356,351,353,346,347,362,345,369,346,375,346,391,348,375,347,368,347,362,347
clip_20250722_124825.avi,60,0,302,286,302,303,303,319,307,337,312,353,321,369,333,381,349,390,367,394,385,391,402,384,416,374,427,359,434,342,437,323,439,304,440,284,309,256,316,247,327,242,339,243,351,246,379,245,391,240,405,239,417,243,425,253,364,263,364,272,364,282,363,292,351,307,357,308,364,310,372,308,379,306,321,273,328,268,337,268,347,272,337,275,328,275,384,271,392,266,402,266,411,271,403,273,393,273,336,338,344,327,356,322,364,324,372,322,385,327,397,337,386,350,373,356,364,357,355,356,344,351,340,338,356,330,364,331,372,330,393,337,373,345,364,346,356,345
clip_20250722_124825.avi,90,0,306,285,306,303,308,321,312,339,317,356,325,371,337,384,352,393,370,397,388,395,406,387,420,376,431,361,437,344,441,326,443,307,445,287,315,259,323,251,334,248,346,249,357,253,384,252,396,248,408,246,420,250,429,259,369,268,369,279,369,289,368,299,357,314,363,316,369,317,377,316,383,314,327,277,334,273,343,273,352,276,343,278,334,279,390,276,398,272,407,273,415,276,407,278,398,278,344,348,353,338,362,333,369,335,375,333,385,338,394,347,385,357,375,361,368,362,361,361,352,358,349,347,362,343,369,343,375,342,389,347,375,348,368,348,362,348
clip_20250722_124825.avi,120,0,303,291,303,307,305,324,309,340,314,356,321,371,333,384,348,394,366,397,384,394,402,388,416,377,426,362,433,345,437,327,439,308,439,289,310,264,317,256,327,252,338,252,348,255,377,254,389,249,403,247,415,252,424,261,362,271,361,281,361,291,360,301,350,315,355,317,362,318,369,316,376,314,322,280,328,275,337,275,346,279,337,281,328,282,383,277,391,272,400,272,408,277,400,279,391,279,336,345,343,334,354,330,361,331,369,330,381,334,393,343,382,355,370,360,361,361,353,361,343,356,339,345,354,337,362,338,369,337,388,343,369,349,361,350,353,349
clip_20250722_124825.avi,150,0,303,282,301,298,302,314,304,331,307,347,314,361,326,373,340,380,357,383,375,383,394,379,409,371,420,358,427,342,431,325,434,307,435,290,310,257,317,249,328,245,339,246,349,250,376,251,388,247,401,246,413,251,421,261,361,266,360,275,358,284,357,294,346,308,352,310,358,311,365,310,372,309,321,273,327,269,335,269,344,274,335,275,327,275,380,275,389,270,397,271,405,276,397,277,388,276,331,335,340,328,350,324,357,326,364,324,375,329,388,336,375,342,364,344,356,345,349,344,340,342,335,335,350,333,357,333,364,333,383,335,364,334,357,334,350,334
clip_20250722_124846.avi,30,0,292,307,291,326,292,345,295,365,300,384,308,401,320,417,335,429,353,434,372,433,391,425,407,412,418,395,427,377,431,357,435,336,436,315,300,282,309,274,321,271,333,273,344,279,374,281,387,275,400,274,413,279,422,288,357,296,356,308,355,320,354,332,341,344,347,346,354,348,361,347,369,346,313,301,320,296,330,297,339,303,329,304,319,304,378,305,386,300,396,300,405,305,396,308,386,307,324,374,333,365,344,361,353,363,361,362,374,367,386,377,373,392,360,398,351,398,342,397,331,390,328,374,344,369,352,370,360,370,381,377,360,386,352,386,343,384
clip_20250722_124846.avi,60,0,293,315,292,335,293,354,296,374,301,393,310,411,322,426,338,438,358,442,377,440,396,431,410,417,421,400,428,380,432,361,436,340,438,319,305,287,313,278,326,275,339,277,351,283,379,284,392,279,405,278,418,283,426,293,364,301,363,313,363,325,362,338,348,351,354,354,361,356,369,355,376,353,317,306,325,301,334,302,344,307,334,309,324,309,383,309,392,304,402,305,411,311,402,313,392,312,332,383,342,377,353,375,359,378,366,376,376,381,387,388,375,397,364,400,357,400,350,398,341,394,337,384,352,384,359,385,365,386,381,388,364,387,358,388,351,386
clip_20250722_124846.avi,90,0,293,318,292,337,293,356,295,376,301,394,309,411,321,426,336,438,353,443,372,443,390,435,405,422,416,406,425,387,431,367,436,347,438,326,304,289,313,280,326,278,338,280,349,286,378,289,390,284,404,283,417,288,425,298,362,304,361,316,360,328,359,341,345,352,351,355,358,358,366,357,373,355,316,308,324,303,333,304,342,310,332,311,322,311,382,313,391,308,401,309,409,314,401,317,390,316,325,381,335,372,347,369,355,372,364,371,376,377,388,387,375,401,362,406,353,407,344,405,333,397,330,382,346,377,355,379,363,379,382,387,363,393,354,393,345,392
clip_20250722_124846.avi,120,0,294,294,292,311,294,329,296,347,301,365,308,381,319,395,334,406,352,410,370,409,388,402,404,390,415,375,423,357,428,337,431,317,433,297,300,269,307,260,318,255,330,256,341,260,370,259,382,254,395,253,408,258,416,268,354,277,353,287,352,297,351,307,339,321,345,323,351,325,359,323,367,322,312,284,319,279,327,279,337,284,328,286,319,286,374,284,382,278,392,279,400,284,392,286,383,285,323,352,331,341,342,337,350,339,358,338,371,343,383,354,371,367,358,372,349,372,340,371,330,366,327,352,342,346,350,346,358,346,378,354,358,360,349,361,341,360
clip_20250722_124846.avi,150,0,296,299,294,318,295,338,298,358,304,377,312,395,323,412,338,426,355,432,374,430,393,422,409,409,422,392,432,373,437,352,442,330,444,308,304,273,312,265,323,262,334,263,346,268,378,269,391,264,405,263,418,268,427,278,361,287,359,299,358,310,356,322,344,335,350,338,357,340,365,338,373,337,316,292,323,287,333,288,342,294,332,295,323,295,382,295,391,290,402,291,410,296,402,298,391,297,327,367,335,356,347,353,355,355,364,354,378,359,390,371,378,387,363,393,354,393,344,392,333,384,331,368,346,360,355,361,364,361,385,372,364,381,355,381,345,380
clip_20250722_124846.avi,180,0,297,299,296,317,296,335,298,354,303,372,311,388,324,402,340,411,358,416,377,415,395,409,410,398,421,383,428,366,433,348,436,329,438,310,310,271,319,262,331,258,344,260,356,265,385,267,397,263,410,264,421,269,429,280,369,285,368,295,367,306,367,316,352,330,358,332,365,334,372,334,379,333,322,290,330,286,339,286,349,292,339,293,329,293,387,295,396,291,405,292,413,297,405,299,395,298,331,360,342,350,354,347,362,349,369,348,380,354,390,366,379,378,367,382,359,381,350,380,339,374,335,360,353,356,361,357,369,358,385,365,368,369,360,369,352,368
clip_20250722_124908.avi,30,0,325,302,325,322,328,341,332,360,339,378,351,393,366,406,383,414,401,418,417,416,431,406,442,392,450,377,456,360,459,343,462,326,463,308,347,276,358,268,371,265,385,267,397,273,421,277,432,273,443,273,453,277,459,287,409,292,410,302,411,312,412,323,395,335,401,337,409,339,415,338,420,337,362,295,370,293,379,294,387,297,378,298,370,298,424,301,432,299,440,300,447,304,440,305,432,304,374,363,386,354,399,351,406,354,414,353,423,358,429,368,421,381,412,387,403,387,395,386,383,379,378,364,398,358,406,359,413,360,425,368,412,375,404,376,396,374
clip_20250722_124908.avi,60,0,325,308,326,327,328,346,332,365,339,382,350,397,364,409,381,417,397,421,413,419,427,411,438,398,447,383,453,367,457,350,461,332,462,314,347,280,358,274,371,272,383,275,395,280,421,284,431,280,442,280,452,283,458,292,408,298,408,309,409,320,409,331,393,343,400,345,406,347,412,347,418,345,361,300,370,296,379,297,387,303,378,304,369,303,422,307,431,303,439,303,446,309,439,311,430,309,373,370,384,362,396,359,403,362,410,361,419,366,425,375,417,387,409,392,401,392,393,391,382,385,377,371,395,367,403,368,409,368,421,375,409,379,402,380,394,378
clip_20250722_124908.avi,90,0,324,311,325,329,327,348,333,366,341,382,353,397,369,408,387,416,405,419,421,416,434,405,445,391,452,375,457,358,459,341,461,323,461,305,344,283,353,275,365,272,377,274,389,278,416,279,426,274,437,273,448,276,454,285,403,295,405,306,406,317,407,328,392,341,399,342,406,344,412,342,418,340,358,301,366,297,374,297,383,301,374,303,366,303,419,302,428,298,436,298,443,302,436,304,428,303,377,369,387,361,398,357,405,359,412,357,420,360,428,369,421,380,413,386,405,387,397,386,387,382,381,369,398,364,405,364,412,364,423,369,412,374,405,375,397,374
clip_20250722_124908.avi,120,0,320,304,321,322,322,339,325,357,332,373,342,387,357,397,374,403,393,406,410,404,425,397,437,386,445,372,450,357,452,341,454,325,455,308,339,276,349,269,361,266,373,268,384,274,412,276,421,272,432,271,443,275,449,285,398,290,398,300,399,309,399,319,384,332,391,334,398,336,404,335,410,334,352,293,360,289,369,290,377,295,368,297,360,296,414,298,422,294,431,294,437,300,431,302,422,300,367,358,378,352,389,349,396,351,403,350,411,354,420,361,410,368,402,370,395,371,387,370,377,367,371,359,389,358,396,358,402,358,415,360,402,360,395,360,388,360
clip_20250722_124927.avi,30,0,321,298,320,318,321,338,325,358,332,376,344,392,359,404,376,413,395,417,412,415,426,406,436,393,444,378,451,363,456,347,459,330,460,313,346,273,358,266,372,264,385,268,397,276,423,280,433,277,444,277,454,282,459,292,409,294,409,305,410,316,410,327,392,338,399,341,406,344,412,343,418,341,360,292,370,289,379,290,387,296,377,297,368,296,423,302,432,299,441,301,447,306,440,307,431,306,370,363,384,358,397,356,403,359,410,358,418,362,425,370,416,377,408,380,400,380,393,378,381,374,374,364,395,365,403,366,409,366,421,369,408,369,402,370,394,368
clip_20250722_124927.avi,60,0,325,296,324,317,326,338,329,359,337,378,349,394,365,408,382,418,401,422,418,420,432,409,442,395,451,379,458,362,463,345,467,328,468,310,351,272,363,264,377,263,391,266,403,273,430,278,441,274,452,274,461,279,466,289,417,292,417,303,418,314,419,326,399,337,407,340,414,343,421,342,427,341,366,291,376,288,385,289,393,295,384,296,374,295,430,301,440,297,448,299,454,304,447,306,439,304,375,364,389,358,404,356,411,359,418,359,426,364,432,373,423,383,414,388,406,387,398,386,386,379,379,366,402,364,410,366,417,367,427,373,415,375,408,375,400,373
clip_20250722_124927.avi,90,0,327,297,326,319,327,341,331,362,339,381,350,397,365,411,382,422,399,426,415,425,429,416,440,402,449,386,457,369,464,351,468,333,470,314,355,272,368,266,382,265,395,268,407,276,434,281,444,278,455,278,465,282,470,291,420,296,420,307,421,318,421,330,401,341,409,344,416,347,423,347,429,345,369,292,378,289,388,290,395,297,386,298,377,297,434,304,443,300,452,302,457,308,450,310,442,308,379,370,392,364,405,361,412,364,419,364,426,370,431,380,423,391,414,396,407,396,399,393,387,386,384,371,403,370,411,372,417,373,426,379,416,381,409,382,401,380
clip_20250722_124927.avi,120,0,325,295,324,316,325,338,328,359,335,378,347,395,362,409,378,419,395,424,412,423,426,414,438,401,447,386,455,369,461,352,466,335,468,316,353,273,365,266,380,265,393,270,405,277,433,282,443,279,454,279,463,284,468,294,418,297,418,308,418,320,418,332,398,342,405,345,413,348,419,348,425,347,367,293,377,290,387,291,394,298,385,299,375,298,431,306,440,301,450,303,456,309,449,311,439,309,375,370,387,362,401,359,408,362,416,362,424,368,428,380,420,392,411,397,402,397,394,395,383,387,379,370,399,366,407,368,414,369,423,379,413,384,405,384,397,382
clip_20250722_124927.avi,150,0,322,295,322,317,323,339,326,359,334,379,345,396,361,410,378,420,397,425,414,423,428,413,439,399,448,382,456,366,462,349,466,331,468,313,350,271,363,264,377,263,390,266,402,274,430,279,440,275,452,275,462,280,466,290,416,293,416,305,416,317,416,329,396,338,404,342,412,345,418,344,424,343,364,291,374,288,383,289,391,296,382,296,372,295,429,302,439,298,448,300,454,306,447,307,438,305,372,366,385,358,399,356,407,359,415,359,424,364,429,375,421,389,411,395,402,395,393,393,381,385,376,367,398,363,406,365,414,366,424,375,412,382,404,383,396,381
clip_20250722_124927.avi,180,0,327,292,326,313,327,334,330,354,337,372,348,389,362,402,379,411,397,415,415,414,430,406,443,394,453,379,460,362,465,345,469,327,471,309,348,268,361,261,374,259,387,263,399,270,426,275,438,271,450,271,461,277,468,287,412,289,411,300,411,311,411,323,394,334,400,337,407,340,414,339,420,338,362,288,372,284,381,285,390,292,380,293,370,292,428,298,438,294,447,295,454,302,446,303,437,301,372,361,384,354,397,351,405,354,412,353,421,359,429,368,419,378,410,382,401,382,393,380,381,374,376,361,396,359,404,360,411,361,424,368,410,370,403,370,395,368
clip_20250722_124927.avi,210,0,323,262,319,275,318,290,321,305,326,320,331,335,338,349,347,358,362,359,381,355,402,349,421,339,438,325,449,308,451,287,449,265,447,245,322,238,320,231,324,225,330,223,336,224,354,218,364,210,377,205,391,207,403,215,343,236,340,245,335,253,331,262,330,277,335,279,341,279,349,275,358,271,326,252,328,245,333,243,340,244,334,246,329,249,367,236,372,230,380,229,389,231,381,233,374,234,332,305,332,295,338,290,345,290,351,286,367,288,384,292,371,302,357,308,350,310,343,312,336,310,335,304,339,298,346,296,353,294,380,293,355,300,348,302,341,303
clip_20250722_125014.avi,30,0,304,278,304,300,306,322,309,344,316,365,326,384,341,400,358,414,378,420,398,418,417,406,432,391,445,373,454,354,460,333,464,311,467,288,315,253,326,243,341,240,356,243,369,250,403,252,417,246,433,245,447,251,455,262,385,271,384,285,384,300,383,315,366,326,374,329,382,332,390,330,399,328,332,273,341,268,352,270,362,277,351,278,340,277,407,279,417,273,428,274,437,280,428,283,417,282,343,353,356,348,370,346,380,348,390,347,404,351,417,358,403,377,389,385,378,386,367,384,354,374,348,355,369,354,380,355,390,355,411,359,389,370,379,371,368,369
clip_20250722_125014.avi,60,0,311,284,311,304,312,325,316,345,322,364,332,382,345,397,362,408,381,413,398,411,416,401,430,388,441,372,449,353,454,334,458,314,460,293,324,259,335,252,347,250,360,253,372,259,402,261,415,256,428,255,441,260,449,270,386,277,385,291,385,304,384,318,368,327,375,330,383,333,391,332,399,330,337,279,345,275,355,276,365,283,354,284,344,283,406,286,415,280,425,281,434,286,426,289,415,288,348,354,359,346,372,343,382,346,391,345,403,349,414,357,403,373,391,380,380,381,370,379,357,371,353,355,372,351,381,352,391,352,409,358,390,367,380,368,371,366
clip_20250722_125014.avi,90,0,319,286,318,306,320,325,322,346,328,365,338,382,352,397,369,410,387,415,407,413,425,403,439,389,451,372,459,354,464,334,467,313,469,292,330,260,340,251,352,248,365,250,377,255,409,256,421,251,435,250,447,255,455,265,392,273,392,286,391,298,390,311,376,322,382,324,390,327,398,325,406,324,345,278,353,274,362,274,372,280,361,282,352,281,413,282,422,277,431,277,440,282,432,285,422,284,355,351,366,342,379,339,389,342,398,340,411,345,422,355,410,372,397,379,387,380,376,378,364,370,359,352,378,347,388,348,398,349,418,356,397,366,387,366,377,365
clip_20250722_125014.avi,120,0,314,289,314,310,317,330,321,351,327,369,337,386,351,400,368,410,387,414,405,412,422,402,436,389,447,372,454,354,459,334,463,314,465,292,326,263,335,255,348,252,361,254,374,260,405,261,417,255,431,254,444,258,454,268,389,278,389,291,389,304,389,317,374,331,381,333,389,335,396,334,403,332,339,282,348,277,358,277,368,284,358,286,347,286,409,286,418,279,429,280,438,285,429,288,419,288,358,361,369,356,380,352,387,355,394,353,404,357,415,364,404,374,394,378,386,379,378,377,368,373,362,362,379,362,387,363,394,362,409,364,393,364,386,365,379,364
clip_20250722_125014.avi,150,0,338,297,336,315,334,334,335,352,340,369,350,383,363,393,379,402,395,407,411,409,426,402,438,392,447,381,454,368,459,355,463,341,465,327,366,274,378,270,390,270,402,274,413,282,437,290,446,289,456,291,463,296,466,305,423,302,423,311,422,321,422,331,403,339,409,342,415,346,421,346,427,346,377,295,387,295,395,297,401,302,392,301,384,299,434,312,443,312,450,315,455,320,448,320,441,317,380,356,393,354,405,354,412,358,418,358,424,363,429,370,420,376,412,377,406,376,399,373,389,367,383,358,403,362,410,364,416,366,426,370,414,367,408,366,402,363
clip_20250722_125035.avi,30,0,302,300,299,319,299,339,300,359,304,377,311,395,322,411,337,423,355,429,376,429,397,423,414,411,428,396,437,377,443,358,448,338,451,317,310,275,319,266,331,264,343,266,354,273,383,276,397,272,412,272,425,278,434,289,366,293,364,304,362,315,360,327,346,340,352,343,359,346,367,345,375,343,320,297,329,296,338,297,347,299,337,301,327,301,387,304,398,303,408,305,416,308,407,310,397,308,329,369,339,362,350,359,358,361,366,360,378,366,391,374,377,385,364,388,355,388,347,386,337,381,334,370,349,368,357,369,365,369,386,374,365,376,357,376,349,375
clip_20250722_125035.avi,60,0,307,304,305,323,306,343,308,364,313,383,321,402,333,419,349,432,368,438,390,437,410,428,426,414,439,397,447,378,452,357,456,336,457,314,315,279,324,270,336,267,349,269,361,275,393,277,406,272,420,271,433,277,442,287,375,294,374,305,372,317,371,329,357,342,364,345,371,347,379,346,387,344,328,298,336,293,346,294,356,300,345,302,335,301,396,303,405,297,416,298,425,304,416,306,405,305,338,372,348,363,361,360,370,362,379,361,392,366,405,377,391,393,377,400,368,400,357,399,346,390,342,373,360,369,370,370,378,370,400,377,378,385,369,386,359,384
clip_20250722_125035.avi,90,0,316,309,315,330,317,350,320,372,326,393,336,413,350,429,369,442,391,447,415,444,436,433,454,418,468,400,476,379,479,357,482,334,483,312,326,278,334,267,347,261,361,262,375,267,409,267,423,261,439,260,454,267,464,279,391,287,390,298,389,308,388,319,373,337,381,339,389,341,399,339,408,337,340,299,349,296,358,295,370,298,358,300,349,301,416,298,426,295,437,296,447,300,436,301,426,300,351,373,363,361,378,356,389,357,399,356,416,361,432,373,417,392,400,400,388,401,377,400,362,393,356,374,378,365,389,366,399,365,427,373,400,387,389,388,377,387
clip_20250722_125035.avi,120,0,320,310,319,329,320,349,322,370,327,389,335,407,349,423,366,434,385,440,406,438,426,430,442,417,454,400,463,381,468,361,471,340,473,319,330,281,339,271,351,267,364,268,377,273,409,275,422,270,437,270,451,276,460,287,391,291,390,302,389,312,387,323,373,339,380,341,387,343,395,342,404,341,343,299,351,294,361,294,371,299,360,301,351,301,413,302,423,297,433,298,442,304,432,305,422,304,353,373,363,361,376,356,386,358,395,357,409,364,422,377,409,393,394,399,384,399,374,397,362,390,358,374,376,365,386,366,394,366,416,377,394,386,385,386,375,384
clip_20250722_125035.avi,150,0,334,318,333,335,333,352,334,369,338,386,345,402,356,416,370,425,386,430,403,430,420,424,433,412,442,397,449,380,453,364,457,346,459,328,346,298,354,292,364,290,375,292,385,297,409,300,420,296,431,296,442,301,448,310,395,312,394,322,393,331,392,341,380,353,385,355,391,357,397,357,403,356,356,315,363,312,370,312,378,317,370,318,362,318,412,321,419,317,427,318,435,323,427,325,419,324,363,380,372,375,382,373,388,375,394,374,403,379,413,387,402,396,393,399,386,398,379,397,370,392,367,381,381,381,388,382,394,382,408,387,393,388,387,388,380,386
clip_20250722_125035.avi,180,0,321,300,318,319,318,338,319,358,322,378,329,395,342,410,357,421,377,426,398,425,419,420,437,409,451,394,460,377,466,358,469,339,472,319,330,273,339,265,352,261,364,264,376,270,407,273,420,269,435,269,449,275,458,287,388,289,386,301,384,312,382,324,367,336,373,339,381,342,390,341,399,339,341,293,349,289,359,290,368,296,358,296,348,296,410,300,420,295,430,297,439,303,429,304,419,303,348,365,360,358,373,355,381,357,389,356,402,361,416,370,401,380,387,384,378,384,369,382,358,376,353,366,372,364,380,365,388,366,410,370,388,372,379,372,371,371
clip_20250722_125124.avi,30,0,291,290,291,311,293,331,296,351,303,370,312,388,325,403,343,414,363,419,382,417,400,407,415,393,425,377,433,359,438,340,441,320,444,299,305,261,315,253,328,249,342,252,354,258,387,259,399,255,413,254,426,259,434,270,369,276,369,288,369,300,369,312,353,326,360,328,367,331,374,329,381,328,319,283,328,280,338,280,348,284,337,286,328,286,389,286,399,283,409,285,417,289,409,290,399,289,333,360,345,350,357,346,365,349,373,348,383,353,393,363,382,376,372,381,363,381,354,380,343,374,338,360,357,356,365,357,373,357,387,362,372,366,364,366,355,365
clip_20250722_125124.avi,60,0,289,275,289,295,290,315,293,336,301,355,312,373,326,387,344,398,364,403,383,400,400,390,414,375,425,358,433,340,438,321,441,301,443,281,305,246,316,238,330,235,343,238,355,244,387,246,399,241,413,240,426,245,434,254,371,265,371,278,371,290,370,304,355,316,362,319,369,321,376,319,383,318,319,268,328,263,339,263,349,270,338,272,327,272,390,273,400,267,411,268,419,273,411,276,400,276,331,344,345,337,359,335,368,337,377,336,389,339,400,346,388,363,376,370,366,371,356,369,343,362,336,345,358,343,367,344,376,343,395,347,376,356,366,357,357,356
clip_20250722_125124.avi,90,0,288,277,288,297,290,318,295,339,305,357,318,373,334,386,352,395,370,398,387,394,402,384,413,369,423,352,430,335,433,316,436,297,436,278,310,249,321,241,334,238,348,239,361,245,388,247,399,242,411,241,423,245,430,255,375,263,376,275,377,286,378,298,361,311,368,313,376,315,383,314,389,312,324,267,333,262,343,263,352,269,342,270,332,270,391,271,400,265,409,265,417,271,410,273,400,273,338,340,351,331,366,327,374,330,382,328,393,333,401,343,392,358,381,364,372,365,362,364,349,357,343,340,365,335,374,336,382,336,396,343,381,352,373,353,364,352
clip_20250722_125124.avi,120,0,297,273,296,293,296,314,299,334,305,353,315,371,328,386,345,398,363,403,381,401,398,393,414,380,426,364,434,346,439,327,442,307,444,287,313,248,323,240,336,237,349,240,361,246,391,249,403,244,416,244,428,250,435,260,374,265,374,276,373,287,372,299,357,313,363,315,370,318,378,316,385,315,326,267,334,262,344,263,353,270,343,271,333,271,393,274,402,268,412,270,420,276,412,278,402,277,336,345,348,337,361,333,368,335,376,334,386,340,395,349,384,361,374,366,365,367,357,365,346,359,341,346,360,343,368,343,375,344,390,349,374,352,366,353,359,351
clip_20250722_125124.avi,150,0,294,283,292,301,292,320,294,340,299,358,308,374,321,387,337,396,356,401,376,400,394,393,408,382,419,368,427,352,431,334,435,317,438,299,308,260,318,252,332,250,345,253,357,260,385,264,397,260,410,260,422,266,429,277,369,278,368,289,367,301,366,313,350,324,357,326,364,329,371,328,379,327,321,279,329,275,338,276,347,283,337,284,328,283,387,288,396,283,406,285,414,290,405,292,396,291,329,349,342,344,354,342,362,344,369,343,380,347,391,354,379,362,368,365,360,365,351,363,340,359,334,350,354,350,362,351,369,352,386,354,368,354,361,354,353,353
clip_20250722_125144.avi,30,0,290,290,290,309,291,328,295,348,302,366,313,381,328,393,347,400,368,403,388,402,406,395,421,384,431,368,437,349,440,330,442,311,443,291,304,258,314,248,327,242,342,242,356,247,384,247,396,242,410,242,423,248,431,259,369,264,370,272,370,281,370,290,355,308,362,310,370,311,377,310,384,308,319,274,327,269,337,268,347,272,337,274,328,275,389,273,399,269,409,270,417,275,408,275,399,274,336,344,347,330,360,324,368,326,376,325,388,331,399,344,388,356,376,361,368,361,358,361,346,356,341,343,360,334,368,334,376,334,393,343,376,348,368,349,359,348
clip_20250722_125144.avi,60,0,294,294,294,316,296,338,300,360,308,380,320,398,335,413,353,424,372,428,390,425,407,414,420,399,431,381,439,362,444,342,448,321,450,300,313,269,324,261,338,259,352,262,366,269,396,271,409,266,422,264,435,269,443,279,380,287,381,301,381,315,381,330,364,342,371,344,379,347,387,346,394,343,327,289,335,284,346,285,356,292,345,294,334,293,399,295,408,289,419,290,428,295,420,298,409,298,342,373,355,366,368,363,377,366,384,364,394,369,404,376,393,389,383,395,374,395,365,394,353,388,347,374,368,372,376,373,384,373,398,376,383,380,375,381,366,380
clip_20250722_125144.avi,90,0,294,281,293,305,294,328,298,351,306,372,316,392,332,408,350,421,371,426,392,425,411,414,426,397,438,378,447,357,452,336,457,313,459,290,311,254,323,246,338,243,353,247,368,254,401,257,414,252,430,251,443,256,452,268,384,275,383,290,383,304,383,319,364,332,372,335,381,338,389,337,397,335,327,276,337,271,348,272,358,280,347,281,335,281,404,284,414,278,426,279,435,285,426,288,414,287,342,364,355,358,369,355,377,358,385,357,396,362,406,371,394,385,382,390,374,390,365,388,352,381,347,365,368,364,377,365,384,366,400,371,383,374,375,375,366,373
clip_20250722_125144.avi,120,0,296,288,295,308,296,328,299,348,305,367,313,386,325,402,342,413,361,418,381,417,399,408,412,394,422,376,430,356,434,336,438,316,440,296,310,263,319,255,332,252,344,255,356,260,385,262,397,258,410,257,422,262,430,272,370,278,369,289,368,300,368,312,352,325,359,328,367,330,374,329,381,328,322,281,330,276,340,277,349,284,339,285,329,285,388,286,397,281,407,282,415,287,407,290,397,289,333,357,343,348,356,344,364,347,372,346,384,351,394,362,383,377,371,383,362,383,353,381,341,374,337,358,355,353,364,354,372,354,389,363,371,371,363,371,354,370
clip_20250722_125144.avi,150,0,299,284,297,305,298,325,300,345,306,365,315,383,328,398,345,408,364,413,383,412,401,405,416,392,426,375,434,357,439,337,444,317,446,296,312,260,322,252,335,249,349,252,361,258,390,260,402,256,416,256,428,261,436,272,374,276,373,288,373,299,372,311,357,324,363,326,370,329,378,328,385,327,325,281,334,279,342,280,352,283,342,284,333,284,393,286,403,285,412,287,420,290,412,291,402,290,338,356,348,345,360,341,368,343,375,343,385,349,393,362,384,374,373,378,365,378,356,376,346,370,343,356,359,349,367,350,374,351,388,361,374,364,366,364,358,363
clip_20250722_125206.avi,30,0,313,294,311,311,311,329,313,346,317,363,325,379,337,393,351,404,368,409,385,408,401,401,414,389,424,375,431,359,435,342,439,326,441,308,327,274,336,266,348,263,360,265,370,271,395,273,406,270,418,270,428,276,433,286,381,287,381,296,380,305,379,315,364,326,370,329,377,331,383,330,390,329,339,289,346,285,354,286,362,291,353,292,345,291,397,295,405,291,413,293,420,298,413,299,404,298,344,352,354,344,366,341,374,344,382,343,393,348,401,359,391,371,380,376,371,376,362,374,352,367,348,353,366,348,374,350,382,350,397,358,381,365,372,365,364,363
clip_20250722_125206.avi,60,0,325,284,324,302,325,320,327,338,332,355,340,371,352,384,368,392,386,395,404,395,421,388,434,376,443,361,450,345,453,328,457,310,458,293,339,258,348,250,360,247,372,249,384,254,410,257,420,254,433,254,443,259,450,270,396,270,396,279,395,288,395,298,380,311,386,313,393,315,399,314,406,313,351,275,358,271,367,271,375,276,366,277,358,277,413,279,421,276,429,278,436,283,429,283,420,282,361,340,372,331,383,328,390,330,396,329,405,335,413,345,404,353,395,355,388,355,380,353,370,349,366,340,382,336,390,336,396,337,409,344,395,344,389,344,382,343
clip_20250722_125206.avi,90,0,336,269,335,288,336,308,339,328,345,347,354,365,367,380,385,390,404,394,424,392,442,383,455,368,464,351,472,332,476,313,479,293,481,272,348,241,357,233,369,230,381,232,393,237,424,239,436,234,449,233,461,237,469,247,408,255,408,266,408,277,407,288,392,301,399,303,406,306,414,304,422,303,360,260,368,255,378,256,387,262,377,263,368,263,428,263,437,258,447,258,455,264,447,266,437,266,372,332,383,321,396,317,405,319,414,318,427,324,438,335,426,351,413,357,403,358,393,356,380,349,376,332,395,325,405,326,414,326,433,335,413,345,403,345,394,344
clip_20250722_125206.avi,120,0,308,273,307,293,307,313,309,333,315,353,323,371,336,386,352,397,371,402,390,402,406,393,420,379,430,362,438,343,444,324,448,305,451,285,323,250,333,242,347,240,360,242,372,249,399,252,411,248,424,248,436,254,443,264,384,267,383,279,383,290,382,302,366,315,373,317,380,320,387,319,394,318,336,269,344,265,353,266,363,272,352,273,343,273,402,276,411,272,420,274,428,279,420,281,410,280,346,345,357,337,370,334,377,337,384,336,394,342,403,352,392,363,382,367,374,367,366,366,355,359,350,345,369,342,377,344,384,344,398,351,383,355,375,355,367,354
clip_20250722_125206.avi,150,0,303,293,304,310,306,327,309,344,316,359,327,372,342,382,360,387,379,389,396,387,411,379,421,367,429,353,433,337,434,321,436,304,435,288,317,267,325,258,337,254,350,255,361,259,386,259,396,254,408,253,419,257,427,266,375,274,375,283,376,292,377,301,364,316,371,317,377,318,383,317,389,315,330,282,338,278,346,278,355,282,347,284,338,284,391,282,399,277,407,277,415,282,408,284,399,283,349,342,360,336,371,332,377,334,384,332,393,335,403,341,393,349,384,352,377,352,370,352,360,349,353,342,371,341,378,341,384,340,399,341,384,341,377,342,370,342
clip_20250722_125242.avi,30,0,323,292,322,313,323,335,327,357,334,377,346,395,361,409,379,419,398,424,417,421,432,411,445,396,455,379,462,362,467,343,471,325,472,306,346,266,357,258,371,255,386,258,398,265,428,269,440,265,452,266,462,272,468,283,413,285,413,296,414,308,415,319,395,332,402,335,410,338,417,337,424,335,361,286,371,282,380,283,389,289,379,290,369,289,429,295,439,291,448,292,455,299,447,299,438,298,369,359,383,352,398,350,407,353,416,352,426,357,434,367,424,381,413,387,403,387,393,385,380,378,373,361,397,358,406,360,415,360,429,367,414,375,405,375,395,374
clip_20250722_125242.avi,60,0,310,278,310,302,312,326,317,350,326,372,340,392,358,407,380,417,403,421,425,418,442,405,455,388,466,369,474,349,478,328,481,308,481,287,336,246,350,236,366,232,383,235,398,242,432,247,445,242,458,242,470,248,477,259,416,265,417,278,418,291,420,305,396,319,406,322,415,325,424,324,431,322,355,267,367,263,378,264,388,270,377,271,366,271,434,275,445,271,455,273,463,279,455,280,445,278,367,350,384,342,401,339,412,342,422,341,435,346,444,356,433,371,420,378,408,379,397,377,380,369,372,351,400,348,411,350,422,350,438,356,420,364,409,365,398,363
clip_20250722_125242.avi,90,0,303,276,303,302,306,327,312,352,323,375,338,394,357,410,379,420,402,423,422,420,437,407,449,389,459,369,467,348,473,327,475,304,475,281,330,247,343,237,360,232,377,234,393,241,425,244,438,239,452,239,464,244,471,256,411,264,412,277,414,290,416,303,394,322,403,325,412,326,420,325,426,323,348,268,360,262,371,262,382,269,371,271,359,271,428,273,439,267,450,269,458,275,449,277,438,276,370,361,386,353,402,349,410,352,416,350,426,355,433,364,424,373,415,378,407,378,399,378,385,374,376,361,401,360,409,361,416,361,427,363,415,362,408,363,400,362
clip_20250722_125242.avi,120,0,294,277,294,303,297,328,301,352,310,375,324,394,342,409,362,419,384,423,404,420,419,408,430,391,439,372,447,353,454,333,458,312,458,291,325,247,339,238,354,236,371,239,385,246,416,252,428,248,440,249,451,254,457,265,401,269,401,281,402,293,404,306,382,321,390,324,399,326,405,326,411,325,341,269,352,265,363,265,372,272,362,274,351,273,416,279,427,274,437,276,443,283,436,284,426,282,360,357,375,348,389,343,396,346,402,345,410,353,415,365,407,375,399,379,391,379,384,378,371,371,366,357,388,353,395,355,401,356,410,363,400,364,393,365,386,363
clip_20250722_125242.avi,150,0,302,285,303,310,305,334,310,358,319,380,333,399,350,414,370,425,391,429,411,427,428,415,441,398,452,379,460,360,466,340,470,319,471,297,329,256,343,248,359,245,375,248,389,256,422,261,434,256,449,256,461,261,468,272,407,279,407,293,408,306,409,321,387,334,396,337,405,340,413,339,421,337,347,280,358,278,369,278,379,284,368,285,357,284,424,289,436,286,446,288,454,293,445,294,435,293,359,364,375,357,392,353,402,356,411,355,422,360,429,370,419,385,409,391,398,392,388,390,372,383,364,365,391,363,401,364,410,365,424,370,409,376,400,377,389,375
clip_20250722_125242.avi,180,0,311,290,311,315,313,340,317,364,325,386,339,407,357,424,376,436,396,441,414,438,431,424,445,407,457,388,466,368,472,347,476,326,477,304,335,266,348,257,365,254,381,258,396,266,429,270,441,265,455,264,467,269,474,280,412,289,413,304,414,319,415,334,392,345,401,349,410,352,418,351,425,348,353,288,364,284,375,285,385,292,374,294,362,293,431,298,442,292,453,293,460,299,452,302,441,301,362,373,378,366,395,364,405,367,416,366,427,371,436,379,425,398,412,406,401,407,389,405,374,396,366,374,394,372,405,374,415,374,430,380,413,392,402,393,391,391
clip_20250722_125242.avi,210,0,315,279,315,304,317,330,321,354,330,377,343,398,360,415,380,427,402,432,422,429,438,415,451,396,462,376,471,356,477,335,481,313,482,291,340,252,354,243,370,240,387,243,401,251,435,254,448,250,461,249,473,254,480,265,418,273,419,287,420,301,421,316,398,330,407,334,416,337,424,335,431,333,358,274,370,270,381,271,391,278,380,279,368,278,435,282,447,277,457,279,465,285,457,287,446,286,371,365,387,358,403,356,411,359,420,358,431,363,439,371,428,386,417,393,408,393,398,392,384,384,376,366,402,366,411,368,419,368,433,371,418,378,409,378,400,377
clip_20250722_125242.avi,240,0,318,274,317,297,318,320,321,343,328,365,339,385,355,401,373,413,392,419,411,417,428,406,443,390,454,371,463,352,469,332,474,312,476,291,342,248,355,241,370,240,385,244,397,251,428,256,441,253,454,253,466,258,472,268,412,274,412,287,412,300,412,314,392,326,400,329,408,332,415,331,422,330,356,273,367,273,378,274,387,278,376,279,366,278,430,284,441,283,451,285,458,289,450,291,440,289,368,357,382,348,396,344,404,346,411,346,420,353,426,365,417,380,407,386,398,387,389,385,377,377,373,358,394,352,402,353,410,354,420,364,408,372,400,372,392,371
clip_20250722_125242.avi,270,0,295,293,296,312,299,332,305,352,315,370,329,385,349,396,373,401,397,400,418,395,436,385,448,370,457,353,460,333,461,313,460,294,458,275,310,255,318,244,331,236,347,233,362,236,394,235,407,230,421,228,434,233,443,244,380,252,381,262,382,271,384,281,368,301,376,302,386,303,394,300,401,297,325,268,333,260,343,259,355,264,345,266,334,267,401,260,410,253,420,253,430,259,421,260,411,260,347,335,361,322,376,315,387,316,396,313,411,317,425,327,414,340,400,345,390,347,379,348,363,345,352,335,377,324,387,323,397,322,419,328,398,336,389,338,378,338
clip_20250722_125423.avi,30,0,310,289,311,313,313,337,319,359,330,380,346,398,366,411,388,420,409,423,427,420,442,407,453,390,462,371,469,351,474,331,476,311,476,290,339,258,351,248,368,245,383,247,398,253,430,255,442,250,455,249,466,253,472,264,415,274,417,288,419,301,422,315,399,330,408,332,417,334,424,332,431,330,357,278,367,273,378,273,388,280,378,282,367,282,432,283,443,277,453,277,460,284,453,286,443,285,373,361,389,353,405,349,414,352,424,350,434,354,443,362,433,377,422,384,412,385,402,384,387,378,378,362,405,358,414,359,423,358,437,363,422,370,413,371,403,370
clip_20250722_125423.avi,60,0,334,261,333,283,332,305,335,327,343,347,356,363,374,376,394,384,414,389,433,388,448,380,459,367,468,352,476,335,482,318,486,300,488,282,365,231,377,223,392,221,406,224,419,231,448,236,459,233,471,234,481,241,486,251,433,253,433,263,434,274,434,285,413,299,421,301,428,304,435,304,441,303,378,252,388,248,398,249,407,257,397,257,387,256,447,264,457,260,467,261,473,268,465,269,456,267,386,328,400,319,416,316,424,318,433,318,443,325,449,336,440,348,429,353,420,353,410,351,397,344,390,329,414,325,423,326,431,327,445,336,430,341,421,340,413,339
clip_20250722_125423.avi,90,0,334,262,334,285,335,308,338,330,347,349,361,366,380,378,402,387,423,390,442,389,456,379,466,364,474,347,481,330,487,312,490,292,490,273,365,232,378,224,393,222,408,225,422,232,447,236,459,232,471,232,482,237,488,247,436,251,437,262,438,273,439,285,420,300,427,303,435,305,441,304,446,303,381,253,391,249,401,250,410,256,400,257,390,256,450,261,460,257,469,259,475,265,468,266,459,264,399,335,415,328,428,324,433,327,439,326,446,331,451,340,443,347,436,351,430,351,423,350,412,346,405,336,426,335,432,336,438,336,446,339,437,337,431,338,425,337
clip_20250722_125423.avi,120,0,326,240,329,265,333,289,342,311,357,328,379,338,404,344,429,347,452,348,470,345,481,334,488,319,493,302,496,285,499,267,499,249,494,232,364,191,376,180,391,174,409,173,424,180,458,182,469,180,480,183,487,191,490,200,447,204,451,210,455,216,459,223,434,245,444,247,454,248,460,248,466,247,385,211,395,206,406,205,417,211,406,212,396,212,458,215,467,212,476,214,483,220,476,220,467,218,410,283,427,267,445,260,454,262,462,261,473,270,477,288,471,299,461,304,452,304,442,303,426,297,415,283,444,270,453,271,461,272,472,286,461,292,452,292,443,292
clip_20250722_125423.avi,150,0,388,251,391,274,396,296,404,317,418,335,436,350,459,359,484,364,507,365,526,359,539,347,547,330,553,311,558,291,560,271,560,251,557,231,415,209,427,198,442,192,459,191,474,196,504,194,516,188,530,186,542,190,549,200,493,214,497,225,501,236,505,248,483,266,493,268,503,268,511,266,517,263,435,228,445,223,456,221,467,225,457,227,447,229,511,222,521,217,530,218,538,222,531,224,522,224,461,303,477,288,492,282,503,283,513,281,524,286,533,298,525,314,514,321,503,323,492,323,476,318,466,302,493,291,503,291,513,291,528,299,513,308,503,309,492,310
clip_20250722_125423.avi,180,0,358,221,354,243,352,265,353,287,360,307,374,324,392,336,411,344,430,349,448,349,464,343,477,332,487,319,495,304,502,288,508,271,512,254,391,194,406,189,421,190,435,194,447,202,476,210,487,208,499,211,508,217,512,227,459,225,458,237,457,249,456,262,434,273,441,276,449,280,455,280,462,280,402,219,413,217,424,219,431,227,421,227,411,225,473,238,483,235,493,237,499,245,491,246,482,243,409,296,425,294,438,293,444,297,450,297,458,303,464,311,454,316,445,316,439,315,432,313,420,307,414,298,436,301,443,303,449,305,459,310,447,306,441,305,434,303
clip_20250722_125423.avi,210,0,339,257,339,275,340,294,343,312,350,329,361,344,377,355,394,363,414,366,434,365,452,357,466,345,476,330,482,313,485,295,486,278,487,259,350,228,358,219,371,215,384,215,396,220,424,220,437,215,452,214,465,218,473,228,410,237,410,247,410,257,410,268,396,284,403,285,410,287,418,285,425,284,363,247,372,242,381,242,390,246,381,249,372,249,430,246,440,242,450,242,458,247,450,249,440,249,379,313,391,306,402,302,410,304,418,302,430,306,443,313,430,320,418,323,410,324,402,323,391,320,384,314,402,312,410,313,418,312,438,313,418,312,410,313,402,312
clip_20250722_125440.avi,30,0,316,265,315,287,316,310,320,333,330,352,345,368,363,381,383,390,403,395,420,392,434,381,446,367,455,351,462,334,466,316,469,298,470,280,348,234,361,227,376,224,391,228,403,235,431,240,442,236,454,237,464,242,469,253,417,257,418,267,419,277,421,288,398,302,407,305,415,307,422,307,428,306,363,258,374,257,383,259,392,262,382,263,372,262,430,268,440,268,449,270,456,273,448,274,439,273,370,331,386,322,403,318,412,321,421,321,431,327,437,340,428,356,417,362,407,362,397,360,382,352,375,333,401,328,411,329,419,330,432,340,418,348,408,348,399,347
clip_20250722_125440.avi,60,0,316,282,316,302,318,323,323,344,332,362,347,377,365,389,385,397,405,401,423,398,438,388,449,373,458,357,464,339,468,321,470,304,470,285,341,249,352,240,367,236,382,239,396,245,424,247,435,242,448,242,459,247,465,257,411,264,412,275,414,285,416,296,395,312,404,314,412,316,420,315,426,313,357,269,367,266,377,266,387,270,377,272,366,272,426,273,437,270,446,271,453,276,445,277,436,276,372,341,386,332,401,328,410,330,419,329,429,334,436,344,428,357,417,363,408,364,399,363,385,357,377,342,401,337,410,338,418,338,431,344,418,349,409,350,400,349
clip_20250722_125440.avi,90,0,321,271,321,293,321,316,325,338,334,357,348,374,366,386,385,396,405,400,423,398,438,389,449,375,459,359,466,341,471,324,474,305,475,287,351,243,364,235,379,232,394,236,408,243,435,248,447,244,459,245,469,251,474,262,422,264,422,274,423,285,424,296,402,309,410,312,419,315,427,315,434,313,366,264,377,261,387,261,396,267,386,268,376,267,435,274,446,271,455,273,462,279,454,279,445,277,375,337,390,329,406,327,415,330,423,329,434,336,440,347,431,360,420,365,410,365,400,363,386,355,380,339,405,335,414,337,422,338,435,347,421,352,412,352,403,350
clip_20250722_125440.avi,120,0,324,274,324,296,325,318,329,340,337,359,351,376,369,388,389,396,410,400,428,398,441,388,452,374,461,357,467,340,472,323,475,305,476,286,354,246,367,238,382,236,397,240,410,247,437,251,448,247,459,248,470,252,475,263,424,268,425,279,427,290,428,302,406,314,414,318,423,321,430,320,436,318,369,268,379,266,389,267,398,271,388,272,378,271,437,277,447,275,456,276,463,281,455,282,446,281,379,341,395,334,410,332,419,335,428,334,437,339,443,349,434,361,424,366,415,366,405,365,391,358,384,342,409,340,418,342,426,343,438,349,425,353,416,353,407,352
clip_20250722_125440.avi,150,0,321,272,321,296,323,320,328,342,338,362,353,379,371,391,390,400,408,404,424,401,437,390,448,376,458,359,465,341,471,323,475,304,475,284,351,248,363,239,379,237,394,240,408,248,435,252,446,248,458,248,469,252,474,262,421,269,423,281,424,293,426,305,404,318,412,321,421,323,428,323,434,321,366,270,377,269,386,270,396,273,385,275,375,274,435,279,446,277,455,279,462,282,454,284,444,283,381,350,395,342,410,338,418,341,425,340,434,345,439,355,432,369,423,375,414,376,405,375,392,367,386,351,409,347,417,348,424,349,434,355,423,361,416,362,407,361
clip_20250722_125440.avi,180,0,320,267,319,289,320,310,324,332,332,350,346,367,364,379,384,388,404,392,422,389,436,379,447,364,456,349,462,332,467,316,470,298,470,280,347,240,360,233,376,232,390,236,403,243,431,247,443,243,455,243,465,248,471,258,418,263,418,275,420,287,421,300,399,311,407,314,416,318,423,316,429,314,363,261,373,259,383,260,392,266,382,267,372,266,432,272,442,269,451,270,457,275,450,277,441,275,376,335,392,332,406,330,413,333,420,332,428,337,436,342,426,351,418,355,410,356,402,354,389,348,381,337,405,340,412,341,419,341,431,342,419,342,411,342,404,340
clip_20250722_125505.avi,30,0,319,266,318,287,318,309,322,330,331,349,344,365,362,379,382,387,402,391,420,389,435,378,445,364,454,348,460,331,464,314,467,296,467,279,347,237,359,230,374,228,388,232,400,238,429,243,440,239,451,239,461,244,466,253,415,258,416,269,417,280,418,292,396,305,405,308,413,311,420,310,427,308,362,258,371,255,381,256,390,262,380,263,370,262,429,268,439,264,448,265,454,271,447,272,438,271,370,331,385,324,401,322,409,325,418,325,428,330,435,338,426,351,415,357,406,357,396,355,382,348,374,333,400,331,409,332,417,333,431,338,416,343,407,344,398,342
clip_20250722_125505.avi,60,0,314,268,313,290,314,312,318,332,327,351,340,366,358,378,378,385,398,389,416,387,430,378,441,365,449,349,455,333,460,316,463,300,464,282,345,241,358,233,373,230,388,233,401,241,427,246,437,242,449,243,459,249,464,260,413,261,414,272,415,282,417,293,395,307,403,310,411,312,418,312,424,310,360,260,370,256,380,257,389,264,379,264,369,263,427,271,437,266,446,268,451,275,444,276,435,274,374,335,389,329,403,326,409,328,415,328,423,334,428,343,420,350,412,353,405,353,398,352,386,347,378,336,401,335,408,336,414,337,424,342,413,341,406,341,400,340
clip_20250722_125505.avi,90,0,319,266,318,287,319,309,322,330,330,349,342,366,359,379,378,387,399,391,417,389,432,380,443,366,451,350,458,333,463,317,467,299,468,281,348,236,361,228,375,227,389,231,401,238,427,243,438,240,450,240,460,244,465,255,414,257,415,269,416,280,417,291,395,304,403,307,411,310,419,310,425,308,362,257,372,253,381,254,390,261,380,261,370,260,428,267,439,264,447,265,453,272,446,272,437,270,370,332,385,324,400,322,408,325,416,325,425,330,431,340,422,352,412,357,403,357,394,355,381,348,375,333,398,330,407,332,415,333,425,340,413,342,404,343,396,341
clip_20250722_125505.avi,120,0,315,268,314,290,315,312,319,333,326,352,338,368,355,381,375,390,395,394,413,393,428,384,441,370,450,355,457,338,461,320,465,302,467,283,343,239,356,233,370,232,384,236,397,243,424,248,435,245,448,245,458,249,464,259,410,263,410,275,410,286,411,299,392,313,399,316,406,318,413,318,419,317,358,262,368,259,378,260,386,267,376,268,366,267,425,274,436,269,445,271,452,277,444,280,434,278,371,344,384,338,396,336,403,339,409,338,416,343,422,352,414,358,406,361,399,361,392,359,381,354,375,345,395,345,402,347,408,347,417,352,407,347,401,347,394,346
clip_20250722_125505.avi,150,0,315,268,315,290,316,312,320,333,328,352,341,368,358,381,376,389,395,394,412,393,426,384,438,371,447,355,455,338,460,320,465,302,466,283,344,242,357,234,372,233,387,236,400,244,426,249,437,245,449,245,460,250,466,260,413,263,414,275,415,286,416,298,394,310,402,313,410,316,417,316,423,314,359,262,369,258,379,259,388,267,378,267,367,266,427,273,437,268,447,270,453,276,446,278,436,276,370,339,384,331,398,328,406,331,413,330,422,337,427,348,419,359,410,363,401,363,392,361,380,355,375,340,397,336,405,338,412,339,422,347,411,350,403,350,395,348
clip_20250722_125505.avi,180,0,330,260,328,285,328,309,330,333,338,354,350,375,366,391,384,404,403,410,422,409,438,399,453,385,465,368,475,350,483,332,490,312,494,291,362,241,378,235,394,236,409,242,421,251,451,257,463,254,476,255,487,260,493,271,433,272,432,287,431,301,431,316,408,325,415,330,424,334,431,333,438,332,376,267,387,266,397,268,406,274,395,275,385,272,449,284,461,282,470,284,477,289,469,291,459,289,380,352,395,348,410,347,418,350,426,350,435,356,441,364,430,376,420,380,411,380,402,377,390,370,385,354,408,356,416,358,424,359,436,364,422,365,414,365,406,363
clip_20250722_125621.avi,30,0,322,299,323,321,325,343,330,364,339,383,353,400,369,414,387,424,404,427,420,424,432,412,442,396,451,379,458,362,463,344,467,326,468,306,345,280,357,274,372,273,386,276,399,282,425,284,436,279,448,278,459,281,465,290,412,299,413,314,414,328,415,342,395,351,404,354,412,356,419,355,425,352,360,300,370,297,379,298,388,303,378,305,369,304,427,307,437,302,446,303,453,307,446,310,437,309,374,375,388,370,402,369,409,371,417,370,427,373,433,378,425,392,416,399,407,399,399,398,386,390,379,376,401,375,409,377,417,376,429,379,416,388,408,388,400,387
clip_20250722_125621.avi,60,0,306,308,304,330,303,352,306,373,315,392,327,408,340,422,356,432,371,436,384,433,394,424,404,412,414,399,423,386,430,371,435,356,438,339,336,296,348,290,362,289,376,294,387,303,413,309,423,307,433,306,440,309,444,317,398,324,398,337,397,350,397,363,377,370,384,373,391,376,399,375,405,372,348,316,358,315,368,317,375,323,366,324,356,322,410,329,419,328,426,330,432,333,425,335,418,333,356,391,369,389,382,389,389,391,395,390,401,393,404,399,398,408,391,412,384,412,377,410,365,404,360,392,381,395,387,397,393,397,401,398,393,401,387,401,380,400
clip_20250722_125621.avi,90,0,318,287,317,309,318,330,322,350,329,369,342,385,358,397,377,405,396,409,413,407,427,397,438,384,446,368,452,352,457,335,461,318,462,300,343,263,355,255,369,252,384,255,397,262,423,267,434,263,446,263,456,267,462,277,410,282,411,294,412,306,413,318,393,331,401,334,408,336,415,335,421,334,358,282,368,279,378,279,386,286,376,287,366,286,424,291,434,287,442,289,448,294,442,297,432,295,374,360,387,353,400,350,406,353,413,352,420,358,425,366,418,373,410,376,403,376,395,375,384,370,378,360,398,360,405,362,412,362,421,365,411,363,404,363,397,362
clip_20250722_125640.avi,30,0,343,282,342,302,342,322,347,342,356,360,369,376,385,389,403,398,422,401,439,398,452,386,462,371,470,356,476,339,480,323,481,307,480,290,367,257,378,250,391,247,404,250,416,256,441,258,452,255,463,254,472,259,478,267,430,273,430,283,432,293,433,303,412,313,420,316,429,319,437,318,443,316,382,274,391,271,399,272,407,277,399,277,390,277,444,280,453,277,461,279,467,283,460,284,452,283,388,339,402,330,418,327,427,330,436,329,446,334,453,345,445,360,434,368,424,368,414,366,399,357,392,340,417,335,426,337,435,337,448,345,434,355,424,356,415,354
clip_20250722_125640.avi,60,0,350,279,350,300,350,321,355,342,364,361,378,377,394,390,413,398,432,402,449,398,462,388,471,373,479,357,486,341,491,325,493,308,493,290,378,255,390,248,404,245,418,248,430,254,455,258,465,254,476,254,486,258,491,268,443,272,444,283,446,293,447,303,426,315,434,318,442,321,449,320,456,318,393,273,402,270,411,270,420,276,411,276,401,275,456,280,466,277,474,279,480,284,473,285,465,283,400,341,415,333,431,331,439,333,448,333,458,338,464,349,455,363,445,370,435,371,426,369,411,360,405,343,430,338,439,340,447,340,459,348,445,358,437,359,427,357
clip_20250722_125640.avi,90,0,335,290,335,309,336,329,340,349,350,366,364,381,381,392,400,399,419,402,435,399,447,388,457,375,464,360,469,344,473,328,474,312,474,296,363,263,375,256,388,254,401,256,414,262,438,265,447,261,457,261,467,265,471,274,427,280,428,289,430,299,432,309,411,321,419,323,427,326,434,325,440,323,379,281,387,278,396,278,404,283,396,284,387,283,439,287,448,284,456,285,462,290,456,291,448,290,387,346,401,337,416,334,424,337,433,336,442,341,447,352,440,366,430,373,421,373,411,372,397,364,391,347,415,342,424,344,432,344,443,352,431,361,422,361,413,360
clip_20250722_125640.avi,120,0,336,290,336,310,336,331,341,351,351,369,364,384,381,396,400,404,418,408,435,405,447,394,457,380,464,363,470,346,474,330,476,313,475,296,363,264,374,257,388,255,401,257,413,263,438,266,448,261,458,261,468,265,473,274,427,280,429,290,431,300,432,311,412,322,420,325,428,327,435,326,441,325,379,282,388,279,396,279,404,284,396,285,387,284,440,288,449,284,457,285,462,290,456,291,448,290,388,348,401,339,416,336,425,339,433,338,443,343,448,355,441,370,430,377,421,378,411,376,397,367,392,350,415,344,424,345,432,346,444,355,431,366,422,366,413,365
clip_20250722_125640.avi,150,0,332,294,333,314,334,335,339,354,348,371,361,385,378,396,396,403,414,406,429,404,441,395,450,381,456,366,462,350,466,335,469,318,469,301,360,269,371,263,384,261,397,264,409,270,433,273,443,269,453,269,463,273,468,282,421,286,423,297,424,307,425,318,407,330,414,332,421,334,427,333,433,332,374,288,382,284,391,285,399,290,390,291,381,291,434,294,443,290,451,291,457,297,451,298,442,297,389,358,400,348,412,345,420,347,427,346,434,351,438,362,433,373,425,378,417,378,409,377,398,371,393,357,411,351,419,353,426,353,434,361,426,365,418,366,410,365
clip_20250722_125640.avi,180,0,312,293,314,315,318,336,324,356,336,373,352,386,371,396,392,401,412,402,427,398,438,387,445,372,451,355,455,338,459,321,460,304,458,286,340,266,352,258,366,254,381,255,395,261,417,261,427,256,438,254,449,257,454,266,409,279,411,289,414,300,417,311,398,326,406,328,414,329,420,328,426,325,357,285,367,283,376,282,385,285,376,287,366,288,422,285,430,282,438,283,445,285,439,288,430,288,384,355,397,349,409,345,415,347,420,345,428,349,434,354,428,364,421,368,414,369,408,369,396,365,389,355,408,354,415,355,420,354,430,354,420,355,414,357,408,356
clip_20250722_125654.avi,30,0,325,289,324,310,325,330,327,351,335,369,348,385,366,396,385,404,404,408,422,406,437,398,448,385,456,369,461,352,466,335,469,318,470,300,351,262,363,254,376,252,390,255,402,261,429,264,440,261,452,261,462,266,467,276,417,281,417,291,418,301,419,312,400,327,408,330,415,332,421,331,427,330,365,282,375,278,385,278,393,285,384,286,374,285,430,290,440,285,449,287,455,293,449,295,439,293,378,355,393,349,406,347,412,350,420,349,428,354,436,362,427,368,418,371,410,371,402,369,390,364,383,356,405,357,412,358,419,358,432,361,418,359,411,359,404,358
clip_20250722_125654.avi,60,0,324,290,324,310,325,331,328,351,336,370,349,386,367,397,386,404,406,408,425,406,439,398,449,384,456,368,462,352,466,335,469,317,470,299,350,262,362,253,376,251,390,253,403,260,428,264,439,260,452,260,462,265,467,276,416,279,417,288,418,298,419,309,400,324,407,326,415,327,421,327,427,327,364,283,374,282,383,282,392,285,382,287,373,286,430,290,440,289,448,291,455,294,447,296,439,294,379,353,393,344,406,341,413,344,420,343,429,349,435,359,426,367,418,369,410,369,402,367,390,363,384,353,405,350,412,351,419,352,430,358,418,356,411,357,403,355
clip_20250722_125654.avi,90,0,325,293,325,314,326,335,330,356,339,374,352,390,369,403,388,412,407,415,425,414,439,403,449,389,458,372,464,355,468,337,471,320,471,301,351,268,363,261,377,258,391,261,405,268,430,271,440,267,452,267,463,272,468,282,418,287,418,297,419,308,421,319,401,333,409,335,417,337,424,336,430,335,367,287,376,283,386,283,394,290,385,291,375,290,432,295,441,290,450,291,456,297,449,299,440,297,381,362,394,354,407,350,415,353,422,352,430,358,436,368,429,378,420,383,412,383,404,381,392,375,386,363,406,359,414,360,421,361,431,368,421,369,413,370,405,368
clip_20250722_125654.avi,120,0,327,293,326,313,325,333,328,354,336,372,349,389,365,402,384,410,405,414,423,412,437,402,449,387,457,371,462,354,466,338,469,321,470,304,352,269,364,262,377,261,390,264,402,271,427,275,439,271,451,271,462,275,468,284,415,290,415,302,416,312,416,324,398,337,405,340,413,342,420,341,426,339,364,291,374,290,383,291,392,295,382,296,373,296,429,300,440,298,448,300,455,304,447,306,439,304,377,362,391,358,404,356,410,359,418,358,426,362,434,367,424,375,415,379,408,379,400,378,389,373,381,363,403,365,410,367,417,367,429,367,416,367,409,368,402,367
clip_20250722_125744.avi,30,0,330,271,330,291,330,311,334,331,342,349,355,364,371,375,390,383,408,387,426,386,440,376,451,363,459,347,465,331,469,315,472,298,473,280,355,241,366,234,380,231,393,233,406,240,432,244,443,240,455,241,465,246,470,256,420,258,420,268,421,277,423,287,404,302,411,304,418,306,425,306,431,304,369,260,379,257,388,257,396,263,387,264,378,263,434,268,443,265,452,266,458,272,451,272,442,271,380,331,394,322,408,318,416,321,424,320,433,326,440,337,431,349,421,354,413,354,404,353,391,346,385,332,407,327,416,328,423,329,435,337,422,341,414,341,406,340
clip_20250722_125744.avi,60,0,314,281,315,302,317,324,322,344,332,363,348,379,367,391,386,399,404,403,420,400,433,389,443,374,451,358,457,340,461,323,463,305,462,286,342,256,354,248,369,244,383,246,397,253,422,256,433,251,445,251,455,255,461,265,411,271,413,282,415,292,417,303,397,317,405,319,413,321,419,320,425,318,358,274,368,270,378,270,386,275,377,277,368,276,425,279,434,275,443,276,449,281,442,283,434,281,375,346,388,338,403,335,411,337,418,336,427,341,433,351,426,364,417,370,408,371,400,370,386,363,379,347,402,343,410,344,418,344,428,351,417,357,409,358,401,357
clip_20250722_125744.avi,90,0,313,284,313,305,315,326,320,346,331,364,346,378,364,389,384,395,404,397,420,394,432,385,441,370,447,355,452,339,457,323,459,306,458,289,341,258,353,251,367,248,381,250,394,255,420,259,431,255,443,255,452,259,457,268,409,274,410,284,412,295,414,306,394,319,402,321,410,324,417,322,422,320,357,275,366,271,375,271,384,277,375,278,365,278,422,281,432,276,441,277,446,283,440,285,431,284,376,345,390,339,402,336,409,338,414,337,422,342,428,350,421,357,413,360,406,360,399,359,388,355,381,346,401,344,408,345,414,345,424,349,413,348,407,349,400,348
clip_20250722_125744.avi,120,0,331,273,329,295,330,316,333,337,342,356,355,372,371,385,389,394,407,399,424,398,437,388,447,374,456,359,464,343,469,327,473,310,475,292,362,251,375,244,389,242,403,246,416,253,441,258,451,255,461,255,470,259,475,268,428,273,429,284,430,295,431,307,409,318,417,321,424,324,431,323,437,322,377,271,387,268,396,269,403,275,394,275,385,274,440,282,450,278,458,280,463,286,457,287,448,285,384,342,398,335,413,333,420,337,428,336,436,342,440,352,433,363,424,368,415,368,406,365,394,358,388,343,411,342,419,344,427,345,436,351,425,354,417,354,409,352
clip_20250722_125744.avi,150,0,326,272,326,294,327,315,331,336,340,354,353,370,369,383,388,392,407,396,425,394,438,385,449,370,457,354,464,337,469,320,472,303,473,284,353,246,365,238,380,236,394,239,408,246,432,252,443,248,456,248,467,252,472,263,421,266,421,277,422,288,424,300,403,312,411,315,419,318,426,317,433,315,368,266,378,262,388,262,397,270,387,271,376,270,435,275,444,270,454,272,460,278,453,280,443,278,380,340,394,332,408,329,416,332,423,331,432,337,438,348,430,359,421,363,412,363,403,361,391,355,385,341,407,337,415,339,423,340,433,347,422,350,414,350,405,348
clip_20250722_125744.avi,180,0,319,278,319,298,320,318,325,337,334,355,346,370,363,382,382,388,401,392,419,389,432,380,443,367,450,350,455,334,459,317,462,300,462,283,343,250,355,243,369,241,382,244,395,250,420,253,431,248,443,248,453,252,459,262,408,267,409,279,411,290,412,301,393,313,401,316,409,318,415,317,422,315,358,270,367,266,377,266,385,272,376,273,366,273,423,276,432,272,441,273,447,278,440,280,431,279,373,340,385,332,399,329,407,332,415,331,424,335,430,344,423,355,414,360,405,361,396,359,383,353,377,341,398,337,406,338,414,338,426,344,414,348,405,349,397,347
clip_20250722_125744.avi,210,0,321,273,321,294,322,314,326,334,335,352,349,369,366,381,385,389,405,393,422,390,436,381,447,367,455,351,461,334,465,316,468,299,469,281,348,247,360,239,374,237,389,240,401,246,428,249,438,245,450,245,461,249,466,259,416,266,417,277,419,289,420,301,399,312,407,315,416,317,423,316,429,314,363,269,373,267,383,267,391,271,382,273,372,272,430,275,440,273,448,274,454,278,447,280,439,278,375,338,390,331,405,328,413,331,422,330,431,334,437,343,429,356,419,361,410,362,401,360,387,354,380,339,404,336,412,337,421,338,433,343,420,348,411,349,402,348
clip_20250722_125801.avi,30,0,343,285,342,307,343,329,347,350,356,370,369,387,386,401,405,410,424,414,441,410,455,399,466,384,475,368,482,351,487,333,490,316,490,297,370,263,382,255,397,253,411,256,423,263,450,266,460,262,471,262,481,266,486,276,437,284,438,295,440,306,441,318,419,329,427,332,436,334,443,333,450,332,385,285,395,285,403,286,413,289,403,290,393,289,450,293,460,292,468,293,475,296,468,298,459,297,394,355,409,348,425,345,433,347,441,346,450,351,457,360,448,375,438,381,430,382,420,380,406,373,399,356,424,353,433,354,440,355,452,360,439,368,431,369,422,368
clip_20250722_125801.avi,60,0,344,274,342,296,342,317,345,338,352,357,364,374,380,388,399,397,419,402,438,401,453,391,464,377,473,361,480,345,486,328,489,311,491,293,373,250,385,243,400,242,414,246,426,254,453,258,464,255,476,256,485,261,490,271,439,273,439,283,440,294,440,305,419,317,427,320,435,324,442,323,448,321,387,271,397,268,406,269,414,275,405,276,395,274,453,282,463,279,472,281,477,287,470,288,461,285,396,347,409,339,423,336,431,339,438,339,446,345,451,356,443,365,434,369,426,368,417,367,405,360,401,347,422,346,430,348,437,348,447,354,435,355,428,355,420,353
clip_20250722_125801.avi,90,0,341,280,339,300,340,320,344,340,352,358,365,375,381,388,401,396,422,400,441,398,454,388,464,373,472,358,478,342,482,325,485,309,485,292,368,255,380,248,394,246,408,249,420,256,446,258,457,255,468,256,478,260,483,270,434,274,435,285,437,295,438,306,416,317,424,320,433,323,441,322,447,320,384,275,393,271,403,272,411,278,402,278,392,277,448,282,458,279,466,280,471,286,465,286,457,285,393,342,407,334,422,332,429,334,437,334,447,339,452,349,444,359,434,364,426,365,417,363,404,356,397,343,421,341,429,342,436,343,448,349,435,352,427,352,419,350
clip_20250722_125801.avi,120,0,337,277,337,298,338,320,341,340,350,359,363,375,381,388,400,396,421,400,439,397,451,387,461,373,469,357,476,342,480,326,483,309,484,293,367,254,379,246,394,244,409,248,422,256,448,259,458,256,469,256,479,261,484,270,435,275,436,286,437,297,439,308,417,320,425,323,433,326,440,325,446,323,382,275,393,274,402,275,410,278,401,279,392,278,447,284,457,283,465,286,471,289,464,290,456,288,393,343,409,339,423,338,430,341,437,340,445,345,452,351,443,359,434,363,426,363,418,361,406,355,398,344,422,347,429,348,436,349,447,351,435,351,427,351,420,350
clip_20250722_130017.avi,30,0,322,293,323,315,325,337,330,358,339,377,353,393,370,406,389,415,407,419,424,416,439,406,452,392,461,375,468,356,471,337,474,318,475,298,346,265,357,257,371,254,386,257,399,263,427,266,439,261,452,260,464,265,470,275,414,283,415,295,416,306,417,318,399,332,407,334,414,336,421,335,428,333,362,286,371,282,381,282,391,288,380,289,371,289,431,291,440,286,450,287,457,292,449,294,440,293,376,362,389,354,403,351,412,353,420,351,430,356,438,365,430,379,419,385,410,385,400,384,388,378,381,363,403,359,412,360,420,360,434,365,419,371,411,372,401,371
clip_20250722_130017.avi,60,0,325,291,325,313,326,335,331,357,341,376,353,393,369,407,387,417,406,421,423,419,438,409,450,394,460,376,468,358,472,339,476,319,477,299,350,266,361,258,375,255,390,258,403,264,430,268,442,264,454,263,466,268,472,278,417,284,417,295,418,307,419,319,400,332,408,334,416,336,423,336,429,334,366,286,375,283,384,283,393,289,383,290,374,289,433,292,443,289,452,290,459,295,451,297,442,295,378,362,390,354,404,350,413,353,421,352,431,357,438,369,429,381,419,386,410,386,400,385,387,378,382,363,403,358,412,359,420,360,433,368,419,373,411,374,402,372
clip_20250722_130017.avi,90,0,325,288,324,311,325,334,328,357,337,377,350,396,366,411,384,422,402,427,419,427,435,417,448,402,460,385,468,366,474,347,479,326,482,306,351,263,364,255,379,253,394,257,408,265,436,270,448,266,461,266,473,272,479,284,421,286,420,298,421,309,421,322,401,336,408,338,416,341,423,341,430,339,367,285,377,282,387,283,396,290,385,291,375,290,437,296,447,293,457,294,464,300,456,302,446,300,375,365,389,359,404,356,412,359,420,358,430,364,438,375,428,388,417,393,408,393,399,391,386,383,380,367,403,364,412,366,419,367,433,374,418,380,410,380,401,378
clip_20250722_130017.avi,120,0,328,294,327,317,328,340,332,363,341,384,354,402,370,417,389,428,409,433,427,431,443,421,456,406,467,388,475,370,481,351,486,331,488,311,355,268,369,261,384,260,399,264,413,273,442,278,454,273,468,272,479,277,486,288,427,294,427,308,427,321,427,335,407,348,415,351,423,354,430,353,437,351,371,293,382,292,392,293,401,298,391,300,380,299,444,304,455,302,464,304,472,308,463,311,453,309,384,376,398,374,411,372,419,376,426,374,434,379,443,384,432,393,423,396,415,396,407,394,396,388,389,378,410,381,418,383,425,383,438,384,424,383,417,384,409,382
clip_20250722_130017.avi,150,0,331,290,329,313,329,336,333,359,341,381,354,400,370,416,389,428,408,433,427,431,444,420,458,405,469,387,478,369,484,350,488,331,489,311,357,267,370,260,385,259,400,264,413,272,443,278,455,274,468,273,479,279,486,290,427,294,427,308,427,322,427,336,406,346,414,349,422,352,430,351,437,350,372,292,383,292,393,294,402,298,391,299,381,297,444,305,455,304,464,306,471,308,463,311,453,309,378,370,395,367,410,366,419,369,428,368,438,372,447,378,436,394,424,400,415,401,405,399,391,390,383,372,409,374,418,376,427,376,442,379,426,386,416,387,407,385
clip_20250722_130147.avi,30,0,271,263,273,282,277,301,280,321,287,338,299,353,314,364,331,374,349,376,366,372,382,361,396,348,406,332,411,313,413,294,415,274,416,253,280,237,288,226,301,221,315,221,327,224,354,219,368,212,383,211,397,216,405,228,344,243,345,255,345,267,346,280,332,293,339,295,346,297,352,295,359,294,296,251,305,247,315,246,324,250,315,253,305,254,364,248,373,243,383,243,391,246,384,250,374,250,318,324,327,317,337,313,345,315,354,313,364,316,374,322,365,331,355,336,346,337,337,336,328,331,322,324,337,322,346,322,355,321,369,323,354,325,345,325,337,324
clip_20250722_130147.avi,60,0,261,264,263,283,267,301,270,319,276,337,287,352,302,364,318,374,336,377,353,374,369,363,382,350,391,334,396,316,399,297,402,277,403,257,269,244,278,234,291,228,305,229,318,233,342,228,356,221,371,221,385,226,393,237,332,246,332,258,333,269,333,282,321,296,327,298,334,299,340,298,346,297,286,255,294,250,304,249,313,254,304,257,294,257,352,251,361,245,371,245,379,249,372,253,362,253,309,327,316,320,326,315,334,318,341,315,351,319,361,326,352,335,343,339,335,340,326,339,317,335,314,327,326,324,334,324,342,323,356,326,342,327,334,328,326,327
clip_20250722_130147.avi,90,0,263,259,265,279,269,298,272,317,279,334,290,349,304,362,320,372,339,376,356,373,372,363,385,349,394,332,400,314,403,295,406,275,408,255,273,236,282,226,295,221,309,221,322,225,348,221,362,215,376,215,390,220,398,231,336,240,337,251,337,262,337,274,324,290,331,291,337,293,344,291,350,290,289,249,297,244,307,243,316,248,307,251,297,252,357,245,366,240,376,240,384,244,376,248,367,247,311,322,319,313,328,308,337,311,345,308,356,313,365,321,357,332,347,337,338,338,329,337,319,332,316,322,329,318,337,318,346,317,360,321,346,325,337,326,329,325
clip_20250722_130147.avi,120,0,257,260,260,279,262,298,265,318,272,336,283,352,298,365,315,376,334,379,352,376,368,365,382,351,391,334,396,315,400,296,403,276,404,256,268,240,277,229,290,224,304,225,317,229,342,224,356,218,371,217,385,222,393,233,332,243,332,255,332,267,332,279,319,294,325,296,332,298,339,296,345,295,284,252,292,248,302,247,312,251,302,254,292,254,352,248,361,243,371,244,379,247,371,251,362,251,305,325,313,318,323,314,331,316,340,314,350,318,361,324,351,335,341,339,332,340,323,339,313,335,309,325,323,322,332,322,340,322,356,325,340,328,332,329,323,328
clip_20250722_130147.avi,150,0,267,262,269,281,272,300,275,318,282,336,294,351,309,363,325,374,344,377,362,373,378,360,391,346,401,329,406,311,408,292,410,273,410,254,280,241,289,232,301,228,314,228,326,232,353,226,366,220,379,219,392,224,400,233,342,246,343,257,343,269,344,281,330,295,337,297,344,299,350,297,356,296,296,256,304,253,313,252,321,254,313,257,304,258,362,251,370,248,379,248,386,250,379,253,370,253,316,325,325,318,335,315,343,317,352,315,361,318,370,324,361,334,353,338,343,339,335,338,325,334,320,325,335,323,343,324,352,323,365,325,352,326,343,327,335,326
clip_20250722_130203.avi,30,0,269,269,272,288,276,306,280,324,287,341,298,355,311,366,327,376,345,379,362,375,377,363,389,350,398,334,403,315,406,296,408,276,408,257,277,246,283,235,295,229,308,229,320,232,346,226,359,219,374,217,387,222,395,233,336,247,337,259,338,270,338,282,327,297,334,298,340,300,346,298,351,297,292,257,300,251,310,250,318,255,310,258,300,259,357,251,365,245,375,244,382,248,376,253,366,253,317,329,323,321,332,316,340,318,348,316,358,320,368,327,359,336,350,341,341,342,333,341,324,337,321,328,333,325,341,325,349,324,363,327,349,330,341,331,333,330
clip_20250722_130203.avi,60,0,260,270,263,288,267,306,271,325,279,341,291,356,306,367,322,376,340,378,357,374,372,363,384,349,393,332,396,314,398,295,400,275,400,256,268,250,276,240,288,235,301,235,313,239,336,233,349,225,364,222,377,227,386,237,328,251,329,263,330,275,330,287,320,301,326,302,332,304,338,302,344,300,284,264,291,261,299,259,309,260,300,263,292,265,348,255,356,252,365,252,372,253,365,257,357,257,310,331,316,324,324,319,332,321,340,319,350,322,359,327,352,337,343,341,335,342,327,341,318,338,314,331,325,327,333,327,341,326,354,327,342,330,334,331,326,331
clip_20250722_130203.avi,90,0,261,270,264,288,268,306,271,324,278,341,289,356,303,368,319,377,337,380,355,376,369,365,383,352,392,336,396,317,398,298,401,278,401,257,268,250,275,241,288,236,301,237,313,241,336,234,349,227,363,224,378,228,387,238,326,252,327,264,327,275,328,287,318,302,324,303,330,304,336,302,342,300,283,262,290,257,299,255,309,260,300,264,290,264,348,255,356,249,365,248,373,252,366,256,357,257,308,333,314,325,323,320,331,322,338,319,348,322,358,329,350,339,341,343,333,344,325,344,316,341,312,332,324,329,332,329,339,327,353,329,340,332,332,333,325,333
clip_20250722_130203.avi,120,0,259,272,263,291,266,309,271,327,279,343,290,356,304,368,319,378,337,380,354,376,369,365,382,351,391,335,395,316,397,296,399,276,399,255,266,249,273,239,285,234,297,234,310,237,335,231,347,223,362,220,377,223,386,233,325,251,326,262,326,273,327,285,317,301,323,302,329,303,335,301,342,299,282,262,289,257,299,255,308,259,299,263,289,264,347,254,355,248,365,247,372,251,366,255,356,256,307,333,313,324,322,319,330,321,338,318,348,322,359,329,350,339,341,344,333,346,325,345,315,341,312,332,323,328,331,328,339,327,354,329,339,332,332,333,324,333
clip_20250722_130203.avi,150,0,261,270,264,288,267,306,270,325,277,342,287,355,302,366,318,374,335,377,353,374,368,365,381,353,390,338,395,320,397,302,399,283,401,264,271,251,278,242,291,237,304,237,316,241,340,236,354,230,368,229,381,233,390,243,330,253,330,265,330,276,330,288,320,302,325,303,332,305,337,303,343,301,286,264,294,261,303,259,311,262,303,265,294,266,351,258,359,255,368,255,375,257,368,261,359,261,308,332,316,326,324,322,332,324,339,321,348,324,359,328,349,336,341,339,333,340,326,340,317,337,312,331,325,329,332,330,340,328,354,329,340,329,333,330,325,330
clip_20250722_130217.avi,30,0,269,267,271,285,274,303,277,321,283,338,293,353,307,365,324,375,342,378,360,374,375,362,388,349,397,333,402,315,404,296,407,278,408,259,278,247,286,237,299,233,312,233,323,238,347,231,360,225,375,223,388,228,396,239,338,250,338,261,338,273,339,285,327,299,333,300,339,302,345,300,351,298,293,259,300,254,310,253,318,257,310,261,300,261,357,254,366,248,375,248,382,252,376,256,366,256,313,328,322,321,332,318,339,320,348,317,357,319,368,324,359,334,349,339,341,340,332,340,322,336,317,328,332,326,340,326,348,325,363,325,348,329,340,330,332,330
clip_20250722_130217.avi,60,0,266,266,268,284,271,301,274,320,280,337,291,352,305,364,321,375,339,378,356,374,372,363,385,350,395,335,400,317,402,298,405,279,406,260,274,248,282,238,295,234,308,234,320,238,343,233,357,226,371,226,385,230,393,240,334,250,334,261,334,273,334,285,323,298,329,300,335,301,341,299,347,298,290,259,297,254,307,253,315,257,307,260,298,261,354,254,362,248,371,248,378,252,372,256,363,256,309,327,318,321,328,318,336,320,344,317,354,320,365,324,356,335,345,339,337,341,328,340,318,336,313,327,328,325,336,325,344,324,361,325,345,329,336,330,328,330
clip_20250722_130217.avi,90,0,266,268,269,286,272,304,276,322,283,340,294,354,308,366,323,376,341,379,358,376,373,365,386,352,395,336,400,317,402,298,404,279,405,258,273,250,281,240,294,236,307,236,319,240,343,234,356,227,371,226,384,230,393,240,333,252,334,264,334,276,335,288,323,302,330,303,336,304,342,303,348,302,289,261,296,257,306,256,314,260,306,263,296,264,353,256,362,251,371,251,378,254,372,258,362,258,312,331,319,326,328,322,335,324,343,322,353,324,363,328,354,336,345,340,337,341,329,340,321,337,315,331,329,330,336,330,344,329,359,329,344,330,336,331,329,330
clip_20250722_130234.avi,30,0,264,270,266,289,270,307,273,325,279,343,289,358,303,370,319,380,336,383,354,379,370,369,383,356,392,340,397,322,399,304,402,285,404,265,272,251,281,242,294,238,307,239,319,243,343,238,357,232,371,232,385,236,393,245,333,255,333,266,333,278,333,290,321,303,327,305,333,307,340,305,346,304,288,262,295,258,305,257,314,262,305,265,295,265,353,259,361,254,370,254,378,257,371,261,362,261,310,333,317,326,326,322,334,325,342,322,351,326,360,332,352,342,343,346,335,347,326,346,317,342,315,333,326,331,334,331,342,330,355,332,342,334,334,336,326,335
clip_20250722_130234.avi,60,0,255,271,258,289,261,306,264,324,270,341,280,356,293,367,309,377,327,380,344,377,360,366,372,354,382,338,387,319,388,301,391,282,392,262,263,253,270,244,283,239,295,239,307,242,330,237,342,231,356,230,370,234,379,242,320,254,321,265,321,275,321,287,310,301,317,302,323,303,329,301,335,300,278,264,285,261,294,260,302,261,294,264,286,266,341,258,349,254,357,254,365,256,358,259,349,259,299,331,306,324,315,319,323,321,331,319,342,322,352,328,343,338,333,343,325,344,316,344,307,340,304,331,316,327,324,327,332,326,347,329,332,332,324,334,316,333
clip_20250722_130234.avi,90,0,254,275,257,293,260,311,264,329,271,345,283,359,297,369,314,378,332,381,350,377,365,366,378,353,387,337,391,318,392,299,394,280,394,260,262,256,269,245,281,240,295,240,307,243,332,237,344,229,359,228,372,232,381,242,322,255,323,267,323,278,324,291,312,304,319,306,326,307,332,305,339,303,277,267,285,262,294,260,303,264,295,267,286,268,342,259,351,254,360,253,367,257,361,260,352,260,302,333,310,326,319,322,327,324,335,322,345,324,356,328,346,338,337,342,329,343,321,343,311,340,306,333,320,329,327,329,335,328,351,329,336,332,328,334,320,333
clip_20250722_130234.avi,120,0,258,275,262,294,265,312,269,330,278,347,290,360,304,371,320,380,337,382,353,378,368,367,380,354,388,339,392,320,394,301,396,282,396,262,266,256,272,245,284,239,298,239,310,243,335,236,347,229,362,227,376,231,385,242,325,255,325,266,326,277,326,289,316,304,322,305,329,306,335,304,341,302,282,266,289,261,298,259,307,263,299,267,289,268,346,259,353,253,363,252,370,256,364,260,354,260,307,333,314,327,323,323,331,324,339,322,350,324,362,327,352,338,342,343,334,344,325,344,316,341,310,333,324,329,332,329,340,328,358,328,340,333,332,335,325,334
clip_20250722_130234.avi,150,0,254,272,257,291,261,309,264,327,272,344,283,358,297,369,313,378,331,381,348,377,362,366,375,353,383,336,387,318,389,299,391,280,391,260,262,256,269,246,281,242,294,241,306,244,329,239,341,232,355,231,369,235,378,243,319,255,320,266,320,277,321,289,311,303,317,305,323,306,329,304,335,302,277,267,284,264,293,262,301,264,294,268,285,269,340,259,348,256,356,255,364,257,357,261,349,261,302,335,308,327,316,323,324,324,331,322,340,325,350,330,342,340,334,344,326,345,318,345,310,342,306,334,317,330,324,330,332,329,346,330,332,334,325,335,318,335
clip_20250722_130327.avi,30,0,274,244,276,263,280,282,283,300,290,318,301,332,316,344,333,353,352,356,370,352,386,341,398,327,407,312,412,293,413,274,416,255,417,236,285,222,294,211,307,205,321,204,334,208,360,204,373,198,387,197,400,202,407,213,349,223,350,234,350,246,350,257,338,273,344,274,351,275,357,274,363,272,301,233,310,228,320,227,328,232,319,235,310,235,368,229,377,223,387,223,394,227,388,231,378,231,323,304,332,296,342,292,350,294,358,292,368,295,378,302,369,312,359,316,351,317,342,316,332,312,328,304,342,299,351,300,359,299,373,302,359,305,350,306,342,305
clip_20250722_130327.avi,60,0,272,244,275,264,277,283,281,302,289,319,302,333,317,345,334,354,353,357,370,353,385,341,397,327,407,310,412,292,413,273,414,254,415,235,285,221,294,210,308,204,323,204,335,209,360,204,373,198,387,197,400,203,407,215,350,225,351,236,352,247,353,259,338,274,345,276,353,277,359,276,365,274,302,234,311,229,320,228,329,233,320,235,311,236,368,230,377,226,387,226,394,229,387,233,378,232,323,304,333,297,343,294,352,296,359,294,369,297,379,303,369,313,360,318,352,319,343,318,333,313,328,304,344,301,352,301,360,301,374,304,359,307,351,308,343,307
clip_20250722_130327.avi,90,0,273,245,275,264,279,283,283,302,291,319,303,334,319,345,336,355,354,357,371,353,386,342,398,327,407,311,412,292,413,274,415,255,415,236,286,222,295,211,309,206,323,205,336,210,360,206,373,201,387,200,400,205,408,216,351,226,352,237,353,248,354,260,340,275,347,276,354,278,360,276,366,274,303,234,311,230,321,228,330,233,321,236,311,237,369,231,378,226,387,226,394,230,388,234,378,233,326,306,334,297,344,293,353,296,361,293,369,297,377,305,370,314,362,319,353,320,344,319,335,314,330,305,345,301,353,302,361,301,372,305,361,307,353,308,344,307
clip_20250722_130327.avi,120,0,273,246,276,266,279,284,283,303,290,320,302,334,318,345,336,353,355,355,372,352,386,341,398,327,407,311,412,294,414,275,416,257,416,238,287,222,296,212,310,207,324,206,337,211,363,207,376,203,390,202,402,207,409,218,352,227,353,239,354,250,355,262,340,276,347,278,354,279,360,278,366,277,304,235,312,231,322,230,331,234,322,237,312,238,370,233,379,228,388,228,395,232,389,235,379,235,326,306,335,299,345,295,353,297,361,295,370,299,378,306,370,314,362,317,354,318,345,317,335,313,330,306,345,303,353,304,361,303,373,306,361,306,353,307,345,306
clip_20250722_130327.avi,150,0,262,248,265,267,269,286,273,305,281,322,292,337,306,349,323,358,341,361,359,356,374,345,386,331,394,315,399,296,401,277,403,257,404,237,272,227,281,217,294,211,308,210,320,214,345,209,358,203,373,203,386,207,394,218,335,228,335,239,336,250,336,262,324,278,331,280,337,281,344,279,350,277,290,240,298,237,307,235,315,237,307,241,298,242,354,233,363,230,372,230,379,232,372,236,363,235,313,311,322,306,331,302,337,304,344,301,353,304,364,308,355,315,346,318,339,320,332,319,323,317,317,311,331,310,338,310,345,309,359,308,345,309,338,311,332,310
clip_20250722_130340.avi,30,0,272,250,275,269,279,288,283,306,290,323,300,338,315,349,332,358,350,361,367,358,383,347,396,334,405,318,410,300,412,281,415,261,416,241,283,228,292,218,305,212,319,213,332,217,357,212,371,206,385,204,399,209,407,221,347,232,347,243,348,255,348,268,335,281,342,283,349,285,355,283,361,281,300,239,308,234,318,233,327,238,318,241,308,241,366,236,375,230,385,230,392,234,385,238,376,237,324,311,331,303,340,299,347,301,354,299,363,303,373,311,364,319,356,323,348,323,340,322,331,318,328,310,340,307,348,308,355,307,368,310,355,311,348,312,340,311
clip_20250722_130340.avi,60,0,273,253,276,271,279,289,282,307,290,323,302,337,317,349,334,358,352,361,369,358,384,346,396,333,405,317,410,299,412,281,413,263,414,244,287,231,296,221,309,215,323,215,335,220,359,215,372,209,385,208,398,213,405,224,349,234,350,245,351,257,352,268,338,282,345,284,352,285,358,284,363,282,303,243,311,239,320,238,329,241,320,244,312,245,368,239,376,235,385,235,392,238,385,240,377,240,325,311,334,304,343,300,351,302,359,300,367,304,376,311,368,320,360,324,352,325,343,324,334,319,329,311,344,308,352,308,359,308,371,311,359,313,351,313,343,312
clip_20250722_130340.avi,90,0,270,254,273,273,277,291,282,309,289,326,300,340,315,352,330,362,347,364,364,360,378,348,390,335,399,319,404,300,406,281,408,262,409,243,278,232,286,222,299,217,312,217,324,221,349,216,362,210,377,208,390,213,398,223,340,236,341,248,341,260,342,272,329,285,336,287,343,288,349,286,354,285,295,245,302,241,311,240,320,243,312,246,303,247,359,240,367,235,376,235,384,238,377,242,368,242,318,315,326,308,334,305,342,307,350,305,360,307,370,312,361,323,353,327,344,328,336,328,327,323,323,315,335,312,343,312,351,311,365,313,351,317,343,318,335,317
clip_20250722_130354.avi,30,0,278,252,280,271,283,290,286,309,294,326,306,341,321,352,339,361,357,364,374,360,388,349,400,335,409,319,414,301,416,283,418,264,418,246,292,231,301,221,313,216,327,216,339,220,364,216,377,211,390,210,403,216,409,227,354,235,355,247,356,258,356,270,343,284,349,285,356,287,362,285,367,284,308,244,316,242,325,241,333,242,325,245,316,245,371,241,379,239,387,239,394,241,387,243,379,243,329,313,338,305,348,301,356,304,363,301,372,305,380,312,372,320,364,323,356,324,347,324,338,320,333,312,348,309,356,310,363,309,375,312,363,313,355,314,348,314
clip_20250722_130354.avi,60,0,281,252,283,271,286,289,290,306,297,322,308,337,323,348,339,358,357,361,374,358,389,346,402,332,411,316,416,298,418,280,419,262,420,244,293,228,302,219,315,214,329,214,341,219,367,214,380,209,394,208,407,213,413,225,357,234,358,246,358,257,359,269,345,282,352,284,359,286,364,284,370,283,310,241,318,237,328,236,336,241,328,243,318,244,374,239,383,234,392,234,399,238,393,242,384,241,331,311,339,304,349,300,357,303,365,301,374,305,382,312,374,321,366,325,357,326,349,325,339,320,335,311,349,308,357,309,365,309,377,312,365,314,357,314,349,313
clip_20250722_130354.avi,90,0,282,255,284,274,287,293,291,311,298,327,309,341,324,353,340,363,359,365,376,362,390,351,403,338,411,322,417,305,418,287,421,269,421,250,294,231,304,221,317,217,331,218,343,222,368,219,381,214,395,213,407,218,414,228,358,237,358,249,359,260,359,272,345,285,352,287,359,289,364,287,370,286,310,243,319,239,328,238,337,243,328,246,318,246,375,242,384,237,394,237,401,242,394,245,385,245,330,314,340,307,349,303,357,306,365,304,375,308,383,314,375,324,366,327,358,328,349,327,339,323,335,314,350,311,358,312,366,311,379,315,366,317,357,318,349,317
clip_20250722_130354.avi,120,0,280,253,283,272,287,290,291,308,298,325,308,339,322,352,338,362,356,364,372,361,386,349,398,335,407,320,412,302,415,283,418,265,419,246,291,229,300,219,312,214,326,214,338,218,362,214,376,208,390,207,402,213,409,224,353,234,354,245,354,257,355,269,341,283,348,284,355,286,361,284,366,283,306,242,314,237,324,236,333,241,324,244,314,244,371,239,380,233,389,234,396,238,390,241,380,241,328,313,337,305,347,301,354,303,362,301,372,305,380,311,372,323,363,328,355,329,347,328,337,323,333,313,347,309,355,309,362,309,376,312,363,317,354,318,347,317
clip_20250722_130354.avi,150,0,274,252,277,271,280,288,284,306,290,322,301,337,315,349,331,358,349,360,367,357,382,346,395,333,404,318,408,300,409,282,412,264,413,245,284,233,292,223,305,218,318,218,330,222,355,218,368,211,383,210,396,216,403,227,345,237,345,248,346,260,346,272,335,285,341,287,347,288,353,286,358,285,300,246,308,242,317,241,326,245,317,248,308,249,364,242,373,238,381,238,388,240,382,244,373,244,322,313,331,308,340,305,347,307,354,304,363,307,373,311,364,318,356,322,348,323,341,322,332,320,326,313,340,312,348,313,355,311,369,312,355,312,348,313,340,313
clip_20250722_130438.avi,30,0,279,255,282,274,287,292,291,311,298,328,310,343,324,356,340,366,358,369,375,365,389,353,401,339,410,322,414,303,416,283,419,263,419,243,287,235,296,226,309,221,322,222,334,226,360,220,372,213,387,210,401,214,409,224,349,238,350,250,351,262,352,275,340,288,347,290,353,291,359,289,365,287,303,246,311,241,322,239,330,244,322,248,312,249,369,240,378,234,388,233,395,237,389,242,379,242,331,320,337,312,346,308,354,310,362,307,371,310,379,317,372,328,364,333,356,334,347,334,338,329,336,319,347,316,355,316,362,315,375,317,362,321,355,322,347,322
clip_20250722_130438.avi,60,0,283,254,286,273,291,292,295,310,303,327,314,342,328,354,345,363,363,365,380,360,394,348,406,334,414,318,419,300,420,281,421,262,422,244,292,231,300,221,313,216,327,216,339,220,365,214,378,208,392,206,405,210,412,221,355,235,356,246,357,258,358,270,345,284,352,285,358,287,364,285,370,283,308,243,317,237,327,236,335,242,327,245,317,246,374,239,383,232,392,231,399,236,393,240,384,240,333,315,341,308,351,303,358,305,365,302,375,306,383,312,376,322,367,328,360,329,352,328,342,324,338,315,351,312,359,313,366,311,379,313,366,316,359,317,351,316
clip_20250722_130438.avi,90,0,283,252,286,271,291,290,295,308,302,325,314,339,328,351,345,360,363,363,380,359,394,347,406,333,415,316,419,298,420,279,422,260,423,242,293,231,301,221,314,217,328,217,341,221,365,216,378,210,392,208,405,211,413,221,356,235,357,247,358,258,359,270,346,284,353,286,359,287,365,285,370,284,309,243,317,238,327,236,336,242,327,245,317,246,374,239,383,232,393,232,400,236,394,241,384,241,334,314,342,307,351,303,359,305,367,303,376,306,384,313,377,322,369,326,360,327,352,326,343,322,338,314,352,311,359,311,367,310,379,313,368,315,359,316,352,315
clip_20250722_130438.avi,120,0,283,253,286,271,290,289,294,308,301,325,313,339,327,351,343,360,361,363,378,359,392,347,405,333,413,317,418,299,419,280,422,261,423,242,293,231,302,221,315,216,328,216,340,221,365,216,378,209,392,207,405,210,413,221,355,235,356,247,357,258,358,270,345,285,351,286,358,287,364,286,369,284,309,242,317,237,327,236,336,242,327,245,317,245,374,239,383,232,392,232,400,236,393,241,383,241,334,315,341,308,350,304,357,306,364,304,374,307,383,313,375,321,367,325,359,326,351,325,343,322,338,315,351,313,358,313,365,312,378,313,366,314,358,315,351,314
clip_20250722_130438.avi,150,0,274,252,277,271,281,289,285,307,291,324,302,338,316,350,332,359,350,361,367,358,383,348,396,335,404,319,409,301,410,282,412,263,413,243,284,235,293,226,305,221,319,222,331,226,356,221,369,215,383,213,396,216,404,227,346,237,346,249,347,261,347,273,336,287,342,288,348,289,354,287,359,286,300,247,308,245,317,243,326,245,317,249,308,250,365,242,374,239,383,239,390,241,383,245,374,245,323,314,332,310,340,306,348,308,355,306,364,308,374,312,365,319,357,322,349,323,341,323,332,320,327,314,341,313,349,314,356,313,370,313,356,313,349,314,341,314
clip_20250722_130515.avi,30,0,283,250,285,269,288,288,292,307,299,324,311,338,327,350,344,359,363,362,380,359,395,349,407,336,416,320,421,303,424,285,426,267,427,248,300,224,310,215,324,210,338,210,351,215,376,212,390,207,404,207,417,212,423,225,366,232,366,243,367,255,368,266,353,281,360,283,366,284,372,283,377,282,316,238,324,233,335,232,344,238,334,240,324,241,382,238,392,232,402,232,409,238,402,241,392,240,335,310,345,303,356,299,364,301,371,299,380,304,389,312,380,321,371,324,363,324,355,323,345,318,340,310,356,307,364,308,371,308,384,312,371,313,363,313,355,312
clip_20250722_130515.avi,60,0,293,247,295,267,297,286,300,305,308,323,320,338,336,351,353,362,372,366,389,362,404,350,417,335,426,319,431,300,433,281,435,263,436,245,311,223,321,214,335,209,350,209,362,214,388,211,401,207,414,207,426,213,431,224,377,230,378,242,379,253,380,265,364,278,371,280,377,283,383,281,389,280,327,237,336,234,346,233,354,237,345,239,336,239,393,237,403,234,411,235,418,238,411,240,403,239,346,309,356,301,367,298,376,300,384,299,393,303,400,311,392,322,383,327,374,328,365,326,355,320,351,309,367,305,376,306,384,306,396,311,383,315,374,317,366,315
clip_20250722_130515.avi,90,0,287,250,289,269,292,288,295,307,302,324,314,339,329,352,346,362,364,365,381,361,396,349,408,335,417,319,422,301,425,282,427,264,428,245,299,227,308,216,321,211,335,211,347,217,374,212,387,207,401,206,414,211,420,223,363,232,364,244,365,255,366,268,351,282,358,284,365,286,371,284,376,283,315,240,323,236,333,236,341,240,333,243,323,243,381,238,389,234,399,234,406,238,399,242,390,241,336,313,346,306,356,303,364,305,372,303,381,307,391,312,381,322,373,327,364,328,356,327,346,322,341,313,356,311,364,312,372,311,386,312,372,316,364,317,356,316
clip_20250722_130515.avi,120,0,291,251,293,270,296,288,300,307,307,324,318,339,334,350,352,359,371,361,389,357,404,346,417,332,426,316,430,298,431,280,432,262,433,244,304,227,314,217,327,212,341,212,354,216,380,212,393,207,407,207,420,212,426,224,370,233,370,244,371,255,372,267,357,282,364,283,371,285,377,284,382,283,320,239,329,235,339,234,348,240,339,242,329,242,387,238,396,233,406,233,413,238,406,241,397,240,342,311,352,305,362,302,370,305,377,303,386,306,396,311,386,318,378,320,370,321,362,321,352,318,345,311,362,311,370,312,378,310,391,311,377,311,370,312,362,311
clip_20250722_130515.avi,150,0,285,251,287,270,291,289,294,307,302,323,313,337,328,348,344,358,362,361,379,358,395,346,408,332,419,316,424,298,426,279,427,260,427,242,297,223,304,212,316,207,329,208,341,212,371,209,384,204,398,203,411,206,418,217,360,232,361,244,361,255,362,266,349,282,356,283,362,285,368,284,373,282,313,240,320,236,330,235,340,240,330,243,320,243,378,238,387,233,397,233,405,237,398,241,387,241,334,311,343,304,353,301,361,303,368,301,377,304,385,311,377,319,369,322,361,323,352,322,343,318,339,311,353,308,361,309,369,308,380,311,368,311,360,312,353,311
clip_20250722_130515.avi,180,0,279,251,282,270,286,290,290,309,297,326,308,341,323,353,340,363,359,365,377,361,392,349,405,335,414,318,419,300,420,281,422,262,422,242,290,234,299,224,313,220,327,220,339,224,365,220,378,214,392,212,405,215,413,225,354,237,355,249,355,261,356,274,343,287,350,289,356,290,362,288,368,287,307,246,315,243,325,242,334,245,325,248,316,249,373,242,381,238,390,238,398,240,391,244,382,244,330,316,339,311,349,308,356,310,364,307,372,310,382,314,373,321,365,325,357,326,349,326,340,323,334,317,349,316,357,316,364,315,378,314,364,315,357,317,349,316
clip_20250722_130528.avi,30,0,289,258,292,278,296,298,300,317,308,335,320,349,335,362,351,372,369,374,386,371,400,358,412,344,421,327,426,309,428,290,430,272,431,252,302,237,312,228,326,223,341,224,354,228,380,225,393,221,406,219,419,223,426,234,369,243,370,256,370,268,371,281,357,293,363,295,370,297,376,295,382,294,320,248,328,244,338,243,347,249,338,251,328,251,386,248,395,242,405,242,412,246,406,250,396,250,342,324,351,317,361,314,369,316,376,314,385,317,393,323,385,333,378,338,369,339,361,338,351,333,346,324,361,322,369,323,377,322,388,324,377,326,369,327,361,326
clip_20250722_130528.avi,60,0,291,251,293,271,296,291,299,310,306,328,318,343,334,356,351,366,369,370,386,366,401,354,413,340,422,323,427,305,430,287,433,268,434,249,308,230,319,221,332,217,346,218,358,223,384,220,397,216,410,215,422,220,428,231,373,238,373,250,374,261,375,273,359,287,366,289,373,291,379,289,385,288,325,245,334,242,342,241,350,244,342,246,333,247,389,244,398,241,407,242,413,245,406,247,398,247,344,317,354,310,364,307,372,309,380,308,389,311,397,317,389,327,380,332,372,333,363,332,353,327,349,317,364,315,372,316,380,315,393,317,380,321,372,322,364,321
clip_20250722_130528.avi,90,0,288,256,291,276,294,294,298,313,306,330,318,344,333,355,350,364,369,366,385,362,399,351,411,337,419,321,423,303,425,285,427,267,428,248,300,231,310,221,324,216,339,217,352,221,376,218,390,213,404,212,417,217,424,229,366,236,367,248,368,260,369,272,355,286,362,288,368,290,374,288,380,287,317,243,326,239,336,238,345,243,336,245,326,246,384,242,393,237,403,237,410,242,403,245,393,244,340,317,350,311,360,307,367,310,375,307,383,311,391,316,383,323,376,326,368,327,360,326,350,323,344,317,360,315,368,316,375,315,387,316,375,315,367,316,360,315
clip_20250722_130528.avi,120,0,288,254,291,274,294,292,298,311,305,329,317,343,332,355,349,365,367,367,384,365,398,353,409,339,418,323,423,305,425,287,428,268,429,249,301,232,311,222,325,218,339,219,352,223,377,220,390,215,404,213,417,218,424,229,367,238,367,249,368,261,369,273,355,287,361,289,368,290,374,289,379,287,318,244,326,239,336,239,345,244,336,246,326,247,384,243,393,237,403,237,410,242,403,246,393,245,340,317,349,310,359,306,367,309,375,307,383,311,391,318,384,327,376,331,367,332,358,331,349,326,345,318,359,315,367,316,375,315,386,318,375,319,367,320,359,319
clip_20250722_130528.avi,150,0,281,252,283,271,287,289,291,308,298,325,309,339,323,351,340,362,358,365,375,361,390,350,403,335,412,319,418,300,420,281,421,262,421,243,292,231,301,221,314,216,328,217,340,221,364,216,378,210,391,208,404,213,412,224,355,235,356,247,357,258,357,270,344,284,351,286,358,287,364,286,369,284,308,243,316,239,325,238,334,242,326,245,316,246,373,240,382,234,391,234,399,238,392,242,382,242,331,315,339,307,349,303,357,305,365,303,374,307,382,314,374,321,365,326,357,327,349,326,339,322,335,315,350,312,357,312,365,312,377,314,364,315,356,316,349,315
clip_20250722_130540.avi,30,0,274,257,277,277,281,296,285,315,293,332,306,347,321,359,339,368,357,370,374,366,388,354,399,339,408,322,413,304,415,285,417,266,417,246,287,234,297,225,311,220,325,221,338,225,363,221,376,215,389,213,402,217,409,227,353,239,354,251,355,262,356,274,342,289,349,290,356,291,361,290,366,289,304,246,313,241,323,240,331,245,323,248,313,249,370,243,379,237,389,237,396,241,390,245,380,245,329,321,338,313,347,308,356,311,363,308,372,312,379,319,372,329,365,333,356,335,347,334,338,330,334,321,348,317,356,317,364,316,374,319,364,321,356,322,347,322
clip_20250722_130540.avi,60,0,280,255,283,274,287,292,291,309,299,326,310,339,325,349,342,357,360,359,376,354,390,344,402,331,410,315,415,298,417,280,418,262,419,243,291,231,299,220,312,213,326,212,338,217,363,211,376,206,390,205,403,210,410,222,353,231,354,241,355,252,356,263,343,278,350,280,356,281,362,279,368,278,307,241,315,237,324,235,333,239,325,241,316,242,372,236,381,231,389,232,396,235,390,238,381,237,333,310,340,301,348,296,356,298,364,296,372,300,380,308,373,316,366,320,357,322,349,321,340,317,337,309,349,304,357,305,364,303,375,307,364,308,357,310,349,309
clip_20250722_130540.avi,90,0,280,253,282,272,286,289,290,307,296,324,308,338,322,350,339,359,357,361,374,357,388,346,400,333,409,317,413,299,415,281,417,263,418,244,291,230,299,219,312,213,326,213,338,217,363,212,376,207,390,206,403,211,409,223,353,232,354,243,355,254,356,265,343,280,349,281,356,283,362,281,368,280,307,242,315,237,324,236,333,240,324,243,315,244,371,237,380,232,388,232,396,236,389,239,380,239,329,311,337,304,347,299,355,301,363,299,372,303,381,309,373,318,364,323,356,324,348,323,338,319,334,311,348,308,356,308,364,307,376,309,363,311,355,312,348,312
clip_20250722_130540.avi,120,0,274,255,277,273,280,290,284,308,290,324,301,338,315,349,331,359,348,361,364,358,379,348,392,335,400,320,406,302,408,284,410,264,411,245,282,231,289,220,300,214,313,213,325,217,351,212,364,206,379,205,393,209,400,221,342,234,342,245,343,256,343,269,332,283,338,284,344,285,350,284,356,282,298,244,305,240,314,239,323,242,314,245,305,246,362,239,370,235,379,235,386,237,379,241,370,241,321,313,328,307,336,303,343,305,351,303,359,306,369,311,361,318,353,321,345,322,338,322,329,319,325,313,337,311,344,312,351,310,365,311,351,311,344,312,337,312
clip_20250722_130552.avi,30,0,278,253,280,272,284,291,288,309,295,326,307,341,322,352,339,362,358,364,375,360,390,349,402,335,411,319,416,301,418,283,419,264,420,245,289,232,299,223,312,218,326,218,339,223,364,218,376,213,390,212,403,216,410,225,353,236,354,248,355,259,355,272,342,285,349,286,356,288,362,286,367,285,306,244,314,240,324,239,332,243,324,245,315,246,372,240,380,237,389,237,396,240,390,242,381,242,329,313,337,306,347,302,355,305,363,302,372,306,380,312,372,321,364,325,356,326,347,325,338,321,334,313,347,310,355,311,363,310,375,312,363,315,355,316,347,315
clip_20250722_130552.avi,60,0,281,253,283,272,286,290,290,308,297,325,308,339,323,351,340,360,359,362,376,359,391,348,403,334,412,318,416,301,418,283,420,265,420,247,294,231,303,221,316,215,330,216,343,221,367,216,380,211,394,209,407,214,414,225,358,235,359,246,359,257,360,269,346,283,353,285,360,287,365,285,371,284,310,242,318,238,328,237,337,242,328,244,319,245,375,240,384,235,393,235,400,239,394,242,384,242,332,313,341,305,351,301,359,304,367,302,376,306,383,313,376,322,367,326,359,327,350,326,340,321,336,312,351,309,359,310,367,309,379,313,367,315,359,316,351,315
clip_20250722_130552.avi,90,0,280,253,282,272,285,290,289,308,297,325,308,339,323,351,339,361,357,364,374,360,388,348,401,334,410,319,416,301,418,283,420,264,420,246,291,229,301,220,313,215,327,215,339,219,366,215,379,210,392,209,405,214,411,225,355,236,356,247,356,258,357,270,343,284,350,286,357,287,363,286,368,284,308,242,316,238,326,237,335,242,326,245,316,245,373,240,382,235,391,235,398,239,392,243,382,243,330,313,339,308,349,304,356,306,363,304,372,308,380,313,373,323,364,327,357,328,349,327,339,322,334,314,349,312,356,313,363,312,376,314,363,315,356,316,349,315
clip_20250722_130552.avi,120,0,284,255,287,274,291,293,295,311,304,326,316,340,330,350,347,358,365,361,381,357,394,347,405,334,413,318,418,301,420,283,422,264,422,246,297,229,306,219,319,213,333,213,346,217,371,212,384,207,398,207,410,212,416,224,362,233,363,244,364,254,365,266,351,281,358,282,365,284,371,283,376,281,313,241,322,236,332,235,341,240,332,243,322,243,379,238,388,233,397,233,404,238,398,241,388,240,337,312,345,303,355,299,364,301,371,299,380,303,388,311,380,319,372,323,364,323,355,323,346,318,342,311,356,306,364,307,371,306,384,310,371,312,364,313,355,312
clip_20250722_130552.avi,150,0,277,256,280,274,283,291,287,309,294,326,305,340,320,351,336,360,354,362,371,359,386,348,399,336,408,320,412,302,413,284,415,265,416,247,288,235,296,225,308,219,321,219,333,223,358,218,371,212,385,210,398,216,405,227,348,237,349,249,350,260,351,272,339,285,345,287,352,288,357,286,363,285,304,246,311,242,320,241,329,245,320,247,311,248,367,241,375,237,384,237,391,240,384,243,375,243,327,314,335,308,344,305,352,307,359,304,367,307,377,311,368,318,360,322,353,323,345,322,336,320,331,314,344,312,352,313,359,312,373,312,359,312,352,313,345,313
clip_20250722_130611.avi,30,0,279,258,282,279,285,298,289,317,297,335,309,350,325,363,342,372,360,375,377,371,391,359,403,344,412,328,418,310,420,291,422,272,423,253,292,238,302,228,317,223,331,225,344,229,369,225,383,220,397,219,410,224,417,235,359,244,359,257,360,269,361,282,346,295,353,297,360,299,366,297,372,296,309,249,318,245,328,245,336,250,328,252,318,253,376,249,386,243,395,243,402,247,396,251,386,251,331,325,341,320,351,317,358,320,366,317,374,320,382,324,375,332,367,336,359,337,351,336,341,332,335,325,351,325,358,326,366,324,378,325,366,325,358,326,351,326
clip_20250722_130611.avi,60,0,289,256,290,276,293,296,297,315,304,333,316,349,331,362,348,374,367,377,383,373,397,360,409,345,418,328,423,310,426,291,430,273,431,254,305,236,316,228,331,225,345,226,358,232,383,229,396,225,408,224,421,227,427,237,372,246,373,259,373,272,374,285,357,296,364,299,372,301,378,299,384,297,321,249,330,245,340,245,349,251,340,253,330,253,388,251,397,246,407,246,414,250,407,254,398,254,340,324,351,320,362,317,370,320,378,318,386,321,394,325,386,336,378,341,369,342,361,341,350,335,345,325,362,325,370,326,378,325,390,326,378,330,369,331,361,330
clip_20250722_130611.avi,90,0,281,257,283,277,286,297,289,316,296,334,307,350,322,363,338,373,356,377,373,373,388,361,402,347,412,331,419,313,421,294,424,275,425,255,294,239,304,230,318,227,332,229,344,234,370,231,384,226,397,225,410,229,417,239,359,249,359,262,359,275,359,288,344,299,351,301,358,303,365,302,371,300,310,253,319,250,329,250,337,254,328,256,319,256,377,253,386,250,395,250,402,253,395,256,386,256,329,325,339,321,349,319,357,322,365,320,374,322,383,327,374,337,365,341,357,342,349,340,339,335,334,326,349,326,357,328,365,327,378,327,365,330,357,330,349,329
clip_20250722_130625.avi,30,0,282,263,285,284,288,303,292,322,300,340,312,355,327,368,343,379,361,382,377,378,392,365,404,350,414,333,420,315,423,295,425,276,426,257,295,241,305,233,319,230,332,231,345,237,373,233,385,227,398,225,411,228,419,237,361,252,362,265,362,278,362,291,348,303,355,305,362,307,368,305,374,303,312,256,320,252,331,251,339,257,330,260,320,260,379,256,388,250,398,250,405,254,398,259,389,258,333,331,343,326,352,323,361,325,368,323,377,326,387,331,378,341,369,346,361,347,352,346,343,341,338,331,353,331,361,332,369,331,382,332,368,335,360,335,352,334
clip_20250722_130625.avi,60,0,287,261,290,281,293,300,297,319,304,337,316,351,332,363,348,373,366,376,383,372,397,360,409,346,418,330,423,312,425,293,428,274,429,256,300,240,311,231,325,227,339,228,353,233,379,230,392,225,406,224,418,228,424,238,368,247,369,260,370,272,370,285,355,298,362,300,369,301,375,300,380,298,317,252,326,248,336,247,345,253,336,255,326,256,385,252,394,246,404,246,411,251,404,255,394,254,339,325,348,320,359,317,367,320,375,318,384,321,393,325,385,336,376,341,367,342,358,340,348,335,344,325,359,324,367,326,375,325,388,326,375,329,367,330,359,328
clip_20250722_130625.avi,90,0,287,258,289,279,293,298,297,317,304,335,315,350,330,363,347,373,365,376,381,372,396,360,408,346,417,330,423,313,426,294,429,275,430,256,301,238,312,229,326,226,341,227,354,233,380,229,393,225,407,223,420,227,426,239,368,247,369,260,369,272,369,285,354,298,361,300,368,302,374,300,380,299,318,251,327,247,337,246,346,252,337,254,327,255,385,252,394,246,404,247,411,251,404,255,394,254,338,326,348,321,359,318,367,321,374,319,382,322,391,328,382,336,374,340,366,341,358,339,348,335,343,327,359,327,367,328,374,327,386,328,374,328,366,329,358,327
clip_20250722_130625.avi,120,0,289,256,291,276,293,295,296,314,303,332,315,348,330,361,346,371,365,374,382,371,396,358,408,344,417,328,422,310,425,293,429,274,430,256,304,235,315,227,329,223,343,224,356,229,383,227,396,223,409,222,421,227,427,238,370,245,371,258,371,270,371,283,356,295,363,297,370,299,376,298,381,296,320,249,329,244,340,244,348,250,339,252,329,252,387,250,396,245,406,245,412,250,406,254,396,253,339,323,349,319,360,315,368,318,375,316,384,319,391,324,383,333,375,337,367,338,359,337,348,333,343,324,360,324,368,325,375,324,387,325,375,326,367,327,359,326
clip_20250722_130625.avi,150,0,285,259,287,278,290,297,293,315,301,332,313,346,327,358,343,369,360,372,377,369,391,356,403,342,413,327,419,310,422,291,424,272,425,253,298,234,307,225,321,220,334,221,346,226,374,223,386,218,399,216,412,221,418,232,362,243,363,256,364,267,365,280,350,293,357,294,363,296,369,295,375,293,314,249,322,244,332,244,341,249,332,252,322,252,380,248,388,243,398,243,405,247,398,251,389,251,334,321,343,315,353,311,362,314,370,312,379,316,388,322,379,333,370,337,362,338,353,336,343,331,339,321,354,320,362,320,370,320,383,322,370,325,362,325,353,324
clip_20250722_130625.avi,180,0,282,258,284,278,287,296,291,315,299,332,310,347,325,359,342,369,359,371,376,367,390,355,402,340,411,324,417,306,419,288,421,270,422,251,295,238,305,229,318,225,332,226,344,230,369,226,382,221,395,219,407,223,414,233,358,244,359,255,360,267,361,279,346,292,353,294,360,296,366,294,371,292,311,251,320,248,329,247,337,250,329,253,320,254,376,248,385,245,393,245,400,248,394,251,385,251,332,321,341,315,351,312,358,314,366,312,375,315,383,321,375,331,367,335,359,336,351,336,341,331,337,322,351,320,359,320,367,319,378,321,367,324,359,325,351,324
clip_20250722_130712.avi,30,0,278,260,282,281,287,301,292,320,300,337,312,352,327,363,344,373,362,375,379,371,394,358,406,343,414,326,419,307,421,287,423,268,424,248,290,240,300,231,314,226,328,226,342,230,368,226,381,221,395,218,408,221,416,230,357,244,358,256,359,269,360,282,347,295,354,297,361,298,367,296,372,294,307,250,316,245,327,243,336,249,327,252,316,253,376,246,385,239,395,238,403,243,396,248,386,248,336,327,344,319,353,315,361,317,368,314,376,317,383,323,377,332,370,336,362,338,354,337,345,334,341,326,353,324,361,324,369,322,378,323,369,324,361,326,354,325
clip_20250722_130712.avi,60,0,288,253,290,273,294,292,298,310,305,328,317,342,332,354,348,364,366,366,383,363,397,352,409,337,417,321,422,303,424,285,426,266,426,248,301,233,311,224,325,220,339,220,352,224,377,221,389,217,402,215,414,219,421,229,366,238,367,250,368,261,369,273,355,285,362,287,368,288,374,287,379,285,318,245,326,241,336,240,345,244,336,247,326,247,383,243,391,238,401,238,408,242,401,245,392,245,340,314,349,307,359,303,367,306,375,303,383,307,392,314,384,326,376,330,367,331,359,329,349,324,345,315,359,311,367,311,375,311,387,315,375,318,367,319,359,318
clip_20250722_130712.avi,90,0,279,257,282,276,286,294,290,313,298,330,309,345,323,357,340,367,358,369,375,365,389,353,401,339,410,322,415,304,417,285,418,267,419,247,290,237,299,227,313,223,327,223,339,227,362,223,375,217,389,215,402,218,410,228,353,240,353,252,354,263,354,275,342,289,348,290,355,291,361,290,367,288,306,249,314,246,324,244,333,248,324,251,315,252,372,245,380,241,389,241,396,243,390,247,381,247,330,320,337,312,347,308,355,310,362,307,371,311,380,318,373,328,364,333,356,334,348,333,338,329,334,320,347,316,355,316,363,315,375,318,363,321,355,322,348,322
clip_20250722_130735.avi,30,0,290,258,292,278,296,298,299,317,306,335,317,351,332,365,348,376,366,379,383,376,398,364,411,349,421,332,427,314,430,295,433,275,434,255,302,238,312,229,327,225,341,227,355,231,381,229,394,224,408,223,421,227,428,238,369,247,369,259,369,271,369,284,355,297,362,299,369,301,375,299,381,297,319,250,328,246,338,246,347,251,338,254,327,254,387,251,396,245,406,245,414,250,407,254,397,253,340,326,349,320,359,316,367,319,375,316,384,320,392,327,384,336,376,340,367,341,358,340,349,335,344,326,359,324,367,325,375,324,387,327,375,329,367,330,359,329
clip_20250722_130735.avi,60,0,291,258,294,278,297,298,301,316,309,334,321,349,336,361,353,372,371,374,388,371,402,359,414,345,424,328,430,310,432,291,435,272,436,252,305,239,316,230,330,226,344,227,358,231,383,229,396,224,409,222,423,225,430,236,372,245,373,258,373,271,374,285,359,295,366,297,373,300,379,298,385,296,322,251,331,246,341,246,350,251,341,253,331,254,390,250,398,244,408,244,415,248,408,252,399,252,343,324,353,318,363,315,371,318,380,316,389,319,397,324,389,335,381,339,371,340,362,339,352,334,348,324,363,321,371,322,380,321,392,325,380,328,371,329,363,328
clip_20250722_130754.avi,30,0,291,259,292,280,295,300,299,320,306,338,317,354,331,368,348,379,366,382,384,379,398,367,411,353,422,336,428,318,431,299,435,279,436,259,304,241,315,232,330,229,344,230,357,235,385,233,398,228,412,227,425,230,432,241,372,251,373,264,373,277,374,291,358,303,365,305,372,307,379,305,385,303,321,254,330,249,341,249,350,255,340,258,330,258,390,255,400,249,410,249,417,254,410,258,400,258,340,331,351,326,362,323,370,325,378,323,387,326,395,331,387,340,378,344,370,345,361,344,351,340,345,332,362,331,370,332,378,331,390,332,378,333,370,334,362,333
clip_20250722_130754.avi,60,0,286,259,288,280,292,300,296,319,303,337,315,353,330,366,346,376,364,379,381,375,396,363,409,348,418,331,424,313,427,295,429,275,430,256,299,240,309,231,323,228,337,229,350,233,377,231,390,226,403,224,416,228,423,238,365,249,366,262,366,274,367,288,352,300,359,302,366,304,372,302,378,300,316,254,324,249,334,249,343,254,334,257,324,258,383,254,391,247,401,247,409,252,402,256,392,256,337,329,346,323,356,319,365,322,372,320,381,323,390,329,382,340,373,344,365,345,356,344,346,339,342,330,356,328,365,328,372,328,385,330,372,332,364,333,356,332
clip_20250722_130754.avi,90,0,278,262,281,281,284,301,288,320,296,337,309,352,324,365,340,376,359,378,376,374,390,362,402,347,412,330,417,311,419,292,421,273,422,254,293,242,303,233,316,228,330,228,343,232,369,229,382,223,396,222,408,226,415,237,358,248,359,260,360,272,361,284,346,298,353,299,360,301,367,299,372,297,310,255,318,252,328,251,337,255,328,258,318,259,376,252,385,249,394,249,401,251,395,255,386,255,332,327,341,322,351,319,359,321,366,318,375,321,384,325,376,333,368,337,360,339,352,338,342,335,336,328,352,327,359,328,367,326,379,326,367,327,359,328,352,328
clip_20250722_130809.avi,30,0,279,265,282,284,285,303,289,322,297,340,309,355,324,369,340,380,358,383,375,379,390,366,403,350,413,333,419,315,421,295,423,275,423,256,291,246,300,237,314,232,328,233,341,237,367,234,380,228,394,225,407,229,415,239,356,253,357,265,358,278,358,291,344,303,351,305,358,307,364,305,370,303,308,258,316,253,326,252,335,258,326,260,316,261,375,255,383,248,393,248,401,252,394,257,384,257,332,334,340,327,350,323,357,326,364,323,373,326,381,332,374,343,366,348,358,349,350,348,340,343,336,334,350,332,357,332,365,331,377,333,365,336,357,337,350,336
clip_20250722_130809.avi,60,0,274,260,277,280,281,299,286,317,293,335,305,350,319,363,336,374,354,376,371,371,386,358,399,343,408,326,412,308,414,289,416,269,417,250,284,243,293,233,306,229,320,229,333,233,359,228,372,222,386,219,400,223,408,233,348,247,348,259,349,271,350,283,337,297,344,298,351,299,357,298,363,296,301,256,309,252,319,251,328,254,319,258,309,259,367,251,376,246,385,246,393,248,386,253,377,253,325,326,333,321,342,317,350,319,358,316,367,319,378,323,369,333,360,338,352,340,344,339,334,335,330,327,343,324,351,325,359,323,373,324,359,327,351,329,343,328
clip_20250722_130838.avi,30,0,281,259,283,279,286,298,290,317,299,334,311,350,326,363,343,373,362,375,379,371,394,358,406,343,415,326,420,308,422,289,423,270,423,250,294,241,304,231,317,227,331,227,344,232,370,227,383,222,396,220,409,225,415,235,359,246,360,259,361,271,362,284,348,296,354,298,361,300,368,297,373,295,312,254,320,252,328,251,337,252,329,255,320,256,377,250,386,248,394,249,401,250,394,253,386,252,334,325,344,320,353,317,361,319,368,316,377,319,385,323,377,331,370,335,362,336,354,336,344,332,339,325,353,325,361,325,369,324,381,324,369,324,361,326,353,325
clip_20250722_130838.avi,60,0,272,262,275,281,279,300,284,319,292,336,305,350,321,362,337,372,355,374,372,370,386,358,398,343,407,326,412,307,414,288,415,269,415,250,285,242,294,232,308,227,322,227,335,231,360,226,373,221,387,218,400,222,407,233,350,245,352,257,353,269,354,282,340,295,347,296,354,298,360,296,366,294,302,253,311,249,320,248,329,252,321,255,311,256,369,249,377,243,386,243,393,247,387,251,378,251,325,323,335,318,345,315,353,317,361,315,370,317,380,321,371,333,362,338,354,339,345,338,335,334,329,324,345,320,353,321,361,320,375,322,361,328,353,329,345,328
clip_20250722_130838.avi,90,0,264,262,267,281,271,299,275,317,283,334,295,349,309,361,326,371,344,374,360,370,374,358,386,344,395,328,400,309,401,291,404,272,405,252,277,242,286,233,299,228,312,229,324,233,349,228,362,221,376,219,389,224,396,234,340,247,341,259,341,271,342,283,329,296,336,298,342,299,348,297,354,296,293,255,301,252,311,251,319,254,311,258,302,259,358,251,367,247,376,247,383,249,376,253,368,253,317,326,326,321,335,317,341,319,348,317,356,320,365,324,357,332,350,336,343,337,336,337,327,334,322,326,335,325,342,326,349,324,360,324,349,325,342,327,336,326
clip_20250722_131016.avi,30,0,292,253,294,274,297,295,302,316,309,336,320,353,335,367,352,379,371,382,389,379,404,365,417,349,427,332,434,312,438,293,442,272,444,251,304,234,315,226,330,223,345,225,359,231,388,229,401,223,416,221,430,223,438,233,375,246,375,260,375,274,376,289,360,299,367,302,374,304,381,302,388,300,321,248,331,243,342,243,351,250,341,253,330,253,394,250,403,242,414,242,422,247,415,252,404,252,344,329,355,323,365,320,373,323,380,321,389,324,398,330,389,340,380,345,372,346,364,344,354,339,349,329,365,328,373,329,380,328,393,330,380,333,372,334,364,333
clip_20250722_131016.avi,60,0,282,256,284,276,288,296,292,316,300,335,312,351,326,365,342,377,360,380,377,377,391,363,403,348,412,330,418,311,422,292,426,272,427,251,294,236,304,226,319,222,334,224,347,229,374,225,387,219,401,217,414,221,422,231,362,245,363,258,364,270,365,284,350,296,357,298,364,300,370,298,376,296,311,249,320,244,331,244,340,250,331,253,320,253,381,249,389,243,400,242,407,247,401,252,390,252,334,327,344,321,354,317,362,320,370,317,379,321,387,326,379,337,371,342,362,344,353,343,343,337,339,327,354,326,362,327,370,326,382,327,370,330,362,331,354,331
clip_20250722_131016.avi,90,0,277,256,280,277,284,297,288,316,296,335,307,351,322,365,338,377,357,380,375,376,390,363,402,347,412,330,418,311,421,292,424,272,426,252,290,236,300,228,315,224,329,226,343,231,370,227,384,221,398,219,412,223,419,232,358,246,359,260,359,273,360,287,345,299,352,301,359,303,366,301,372,299,307,250,316,245,327,245,336,251,326,254,315,254,377,250,386,243,397,243,405,247,398,252,387,252,330,328,340,323,350,320,358,323,366,320,375,323,384,328,376,339,367,344,358,345,350,344,340,339,334,329,350,328,358,328,366,327,380,328,366,332,358,333,350,332
clip_20250722_131059.avi,30,0,274,251,276,272,279,293,283,313,290,332,301,349,315,364,331,376,350,379,368,376,383,363,396,348,406,330,413,311,417,291,422,271,424,250,284,235,295,226,310,222,325,224,338,230,366,227,380,221,394,219,409,223,417,234,353,246,353,259,353,273,352,287,338,299,345,301,352,303,359,301,365,299,302,248,311,243,322,243,331,250,321,252,310,252,372,249,382,242,392,242,401,247,393,251,383,251,323,327,333,322,343,319,351,321,358,319,368,322,377,328,368,338,359,342,351,344,342,343,332,338,328,328,343,328,351,328,359,327,372,328,359,330,351,331,343,330
clip_20250722_131059.avi,60,0,271,252,273,272,276,292,280,311,287,329,299,345,313,359,329,370,346,373,363,370,378,358,391,344,402,328,408,310,412,291,416,270,417,249,281,232,290,223,304,219,319,220,332,225,358,221,372,215,387,213,401,217,409,229,346,241,347,254,347,267,347,281,333,292,340,294,347,297,353,295,360,293,297,246,305,241,317,240,325,246,316,250,305,250,366,245,375,239,386,239,394,243,387,248,376,248,318,321,327,316,338,313,345,315,354,313,364,316,374,321,364,333,355,338,346,339,338,338,327,332,322,322,338,320,346,321,354,320,368,322,354,326,345,327,338,326
clip_20250722_131059.avi,90,0,266,253,269,272,273,292,277,312,284,330,296,345,310,358,326,369,344,371,362,367,377,355,390,340,400,323,405,304,407,284,410,265,411,244,274,233,284,224,297,220,311,221,324,226,351,221,364,215,378,213,392,217,401,227,339,240,339,253,340,266,340,279,327,291,334,293,341,295,347,293,354,291,291,246,299,241,309,241,318,246,309,249,299,250,359,244,368,237,378,237,386,241,379,246,369,246,314,321,324,316,334,313,341,315,349,313,359,315,369,317,360,328,351,334,342,335,334,334,324,330,318,322,334,322,341,322,349,321,365,319,349,322,341,324,334,323
clip_20250722_131059.avi,120,0,259,250,262,269,265,288,268,307,274,325,285,340,300,352,316,362,335,365,352,362,369,351,382,338,391,321,396,303,398,283,401,264,403,244,269,232,277,222,291,218,305,219,317,224,343,220,356,214,371,211,385,215,393,226,332,238,332,251,332,263,332,276,320,288,326,290,333,291,339,290,346,288,285,246,293,243,302,242,312,245,303,248,293,249,352,243,361,239,370,239,378,241,371,245,362,245,306,317,316,312,325,309,333,311,341,308,349,311,360,315,350,323,342,326,334,327,325,327,316,324,311,317,325,316,333,317,341,315,356,316,341,316,333,318,325,317
clip_20250722_131533.avi,30,0,245,249,246,269,248,288,251,307,257,325,267,342,282,354,299,364,318,367,338,366,355,358,371,346,381,331,387,312,391,294,394,275,397,255,257,235,268,226,282,225,296,227,310,231,332,233,347,230,361,229,375,232,384,241,321,243,321,254,321,265,320,276,305,288,312,290,319,292,326,292,333,291,273,245,281,242,290,243,299,248,290,249,280,249,342,250,351,246,360,247,369,251,360,253,351,252,290,314,301,311,311,309,318,312,326,310,335,314,346,318,335,323,325,324,317,323,309,322,300,320,294,315,310,315,318,316,325,316,343,318,325,316,317,317,310,315
clip_20250722_131533.avi,60,0,241,251,240,269,241,288,243,307,247,326,256,342,269,356,286,367,304,371,323,369,343,360,360,348,372,332,379,313,384,293,387,274,389,254,249,236,257,228,270,227,282,229,294,233,318,234,333,230,348,230,361,233,372,241,306,244,305,256,304,267,303,279,290,289,296,292,303,295,311,294,319,292,261,247,269,244,278,244,286,249,278,250,269,250,330,251,339,247,347,248,356,251,348,253,339,253,276,316,286,311,296,309,303,311,312,310,322,314,334,318,320,325,310,328,301,328,293,327,284,324,280,316,295,315,303,316,311,316,329,318,310,320,301,320,294,319
clip_20250722_131533.avi,90,0,241,252,241,271,242,289,244,308,247,327,255,344,267,357,282,369,300,374,319,373,339,364,356,352,370,337,378,318,382,299,386,280,390,260,248,239,257,231,269,230,282,232,294,236,316,238,331,234,347,234,361,237,372,246,304,248,303,260,302,271,300,283,288,294,294,296,301,299,308,298,316,296,261,250,269,248,277,248,285,252,277,254,268,253,328,254,337,251,346,253,354,256,346,258,337,257,275,321,284,316,294,314,301,316,308,315,319,319,330,324,317,331,307,333,298,333,291,332,283,328,279,321,293,320,300,322,308,322,325,324,307,324,299,324,292,323
clip_20250722_131551.avi,30,0,258,243,260,264,263,285,266,306,272,327,283,345,299,359,318,371,339,375,359,372,377,361,393,347,403,330,409,309,413,289,417,269,420,249,273,226,285,217,300,216,315,218,330,224,355,226,370,222,386,222,400,226,410,235,342,237,342,249,342,261,341,274,325,286,332,288,340,291,347,289,355,288,290,239,299,235,309,236,318,241,308,243,298,242,365,244,374,240,384,241,392,246,384,248,374,247,309,316,320,311,332,308,339,310,347,309,356,313,367,320,356,327,346,330,338,331,330,330,320,325,313,317,331,316,339,317,347,317,362,320,346,320,338,321,331,319
clip_20250722_131551.avi,60,0,247,243,247,263,249,284,252,305,257,325,267,344,282,358,300,370,321,374,342,372,361,361,378,347,390,330,396,310,399,290,403,270,406,250,258,228,268,219,283,217,297,219,311,224,337,226,352,223,368,223,382,225,393,234,324,237,323,250,323,262,322,275,306,287,314,289,322,292,330,291,338,288,273,241,282,237,292,238,301,242,291,244,282,244,347,245,357,242,367,243,375,246,366,248,357,247,290,315,302,311,313,308,321,311,330,309,340,312,352,317,339,326,329,329,320,330,311,329,300,324,295,316,313,315,321,316,330,315,346,318,329,320,320,320,312,319
clip_20250722_131551.avi,90,0,243,244,245,265,248,286,250,307,256,328,267,346,283,361,301,373,321,377,341,374,360,362,376,348,388,330,394,310,398,289,401,269,404,248,257,232,268,224,283,222,298,224,312,230,337,231,352,227,368,227,382,230,391,239,325,243,324,255,324,267,324,281,308,292,315,295,323,297,330,296,338,294,275,246,284,244,293,244,302,248,293,250,283,250,347,250,356,248,365,249,373,252,365,254,356,253,292,319,304,315,314,313,322,316,330,314,339,317,350,322,338,329,328,332,320,332,312,331,302,328,296,320,314,320,322,321,330,321,344,322,328,322,320,323,313,322
clip_20250722_131602.avi,30,0,272,249,274,271,276,291,280,313,288,333,301,350,319,364,339,375,359,378,377,375,393,364,407,350,416,333,421,314,424,295,427,276,430,256,294,235,307,227,323,226,338,229,353,234,376,236,390,232,404,232,417,235,425,244,365,247,365,259,365,271,366,283,348,294,356,297,363,299,370,298,377,296,313,249,322,248,331,248,339,251,330,253,321,252,383,254,392,253,401,254,408,256,400,258,392,257,330,321,342,318,354,315,362,318,369,317,378,320,387,325,377,333,368,337,360,337,352,336,341,331,335,322,353,323,361,324,368,324,382,325,368,327,361,327,353,326
clip_20250722_131602.avi,60,0,268,246,269,266,271,287,274,308,280,328,291,345,307,360,326,371,346,375,365,373,383,363,398,349,408,332,414,313,418,294,422,274,425,255,286,233,297,225,312,223,327,226,341,231,365,233,379,229,394,229,407,232,415,242,353,243,353,256,353,268,353,281,336,291,343,294,351,296,358,295,365,293,302,245,311,242,321,243,329,248,320,248,310,248,373,250,383,247,391,248,399,251,391,254,382,253,318,319,330,315,342,313,350,315,357,314,367,317,376,322,365,328,356,331,348,332,339,331,329,327,323,320,341,320,349,321,357,321,372,323,356,322,348,323,340,321
clip_20250722_131602.avi,90,0,266,246,267,268,270,289,274,311,282,331,295,348,313,362,333,372,353,376,371,373,386,362,399,348,409,331,415,312,418,294,422,275,425,257,290,230,304,224,320,223,335,226,350,231,375,233,388,230,402,231,414,233,421,242,363,245,363,256,363,268,364,281,344,291,352,294,360,297,367,296,374,294,308,244,318,241,328,242,336,247,327,248,317,248,380,251,390,248,399,249,406,253,398,255,389,254,325,318,338,314,351,311,358,314,365,313,374,317,382,322,372,330,364,333,356,334,348,332,337,327,330,319,350,319,358,320,365,320,377,322,364,323,357,323,349,322
clip_20250722_131602.avi,120,0,264,246,264,267,266,287,269,308,274,328,285,345,301,358,320,368,341,372,361,371,379,363,394,350,405,334,411,315,414,295,418,276,421,256,280,233,292,224,308,222,324,225,338,230,361,233,376,229,391,230,405,234,414,244,349,243,349,255,349,268,348,281,331,292,338,294,346,297,353,296,361,294,297,243,307,240,317,241,325,247,316,248,306,247,369,250,379,246,389,247,397,252,388,254,379,253,311,316,325,314,337,313,345,316,352,315,363,317,374,320,361,326,350,328,342,328,334,327,323,323,315,317,336,318,344,320,352,320,370,321,351,320,343,321,335,319
clip_20250722_131622.avi,30,0,255,252,256,270,258,290,261,309,266,327,276,344,290,357,308,367,328,371,348,368,367,359,383,348,394,332,399,314,402,295,406,276,408,257,266,231,276,222,290,220,304,222,318,227,339,228,355,224,370,225,384,228,394,237,329,240,328,250,328,261,327,273,313,285,320,287,327,289,334,288,341,288,280,243,289,239,298,239,307,245,298,246,288,246,351,247,360,242,369,243,378,248,370,250,360,249,299,315,308,308,318,304,325,307,334,306,344,311,354,318,343,325,333,327,324,327,316,326,308,322,303,315,318,312,325,313,333,313,349,318,333,319,325,319,317,317
clip_20250722_131622.avi,60,0,251,249,251,267,253,285,255,304,258,323,266,340,280,353,297,363,317,367,338,366,359,357,376,346,388,330,394,311,397,292,400,273,403,253,257,231,266,222,279,220,293,221,306,225,329,227,344,223,360,223,375,226,386,236,317,238,317,249,316,260,315,272,302,284,309,286,315,288,323,288,330,287,272,242,280,238,289,239,297,243,288,245,279,245,342,245,351,241,360,242,369,246,360,248,351,247,287,313,297,307,307,304,315,307,322,305,333,310,345,316,332,322,322,324,313,324,305,323,296,320,292,314,307,311,315,312,322,312,340,316,322,315,314,316,306,314
clip_20250722_131622.avi,90,0,254,247,255,267,257,287,259,307,264,326,275,343,291,356,309,367,329,371,348,368,367,358,382,346,393,329,399,310,402,291,405,272,407,252,267,231,278,223,292,221,305,223,319,228,343,229,357,226,372,227,385,229,395,238,331,241,330,252,330,263,330,275,315,287,322,289,329,291,336,291,343,289,283,243,292,240,301,240,309,245,300,246,291,246,352,248,361,244,371,245,379,249,370,251,361,250,299,315,310,310,321,308,329,310,336,309,346,313,357,318,345,325,335,328,327,328,319,327,309,323,303,316,320,315,328,316,336,316,352,318,335,319,328,319,320,318
clip_20250722_131646.avi,30,0,258,251,259,271,261,292,264,312,269,331,279,349,294,363,312,374,331,378,350,376,368,366,385,353,396,336,403,316,406,297,410,277,412,257,272,237,283,230,297,229,311,231,324,236,346,237,361,233,376,233,390,236,400,245,335,248,335,259,334,271,334,283,319,294,326,297,333,299,340,298,347,296,287,249,296,246,305,246,314,252,304,253,295,253,356,254,365,249,375,251,383,255,375,257,365,256,304,323,314,317,325,314,332,317,340,315,349,319,359,326,349,334,339,337,331,338,323,336,314,332,309,323,324,321,332,322,339,322,354,325,339,327,331,328,324,326
clip_20250722_131646.avi,60,0,254,250,256,270,258,289,262,309,268,327,279,344,294,356,313,365,333,369,351,367,368,358,382,345,393,330,398,311,401,293,404,274,407,255,272,233,284,224,298,222,313,223,327,228,350,229,363,226,378,226,390,230,398,239,338,241,338,252,339,263,339,275,322,286,330,289,337,291,344,289,351,288,289,244,298,240,307,240,315,245,307,247,297,246,357,247,366,243,375,244,383,249,375,251,366,250,306,314,318,308,329,305,336,307,343,306,352,310,360,317,351,324,342,326,334,327,326,325,317,322,311,315,328,312,336,313,343,313,356,317,342,318,335,318,327,316
clip_20250722_131738.avi,30,0,260,247,262,266,264,284,268,302,274,319,285,332,301,341,318,349,337,352,355,350,371,343,385,333,394,319,399,301,402,284,405,267,407,248,274,228,284,218,298,216,312,217,325,221,347,222,361,219,375,220,388,223,397,233,337,234,337,244,337,254,337,265,322,277,329,279,336,281,343,280,350,279,289,238,298,234,307,234,316,239,307,241,297,241,356,241,365,236,374,237,382,242,374,244,365,243,307,302,319,298,329,296,336,298,344,297,353,300,363,305,352,308,343,309,335,309,328,308,318,307,311,302,329,301,336,302,343,302,359,304,343,303,336,303,328,302
clip_20250722_131738.avi,60,0,260,245,261,264,263,283,266,302,272,321,283,337,298,350,315,361,333,365,351,364,368,353,382,340,392,325,399,306,402,288,405,270,408,251,278,229,288,221,302,219,315,221,328,225,350,226,364,223,377,224,390,227,397,236,339,238,339,249,339,259,338,270,322,282,329,284,337,286,344,285,351,284,293,242,302,240,310,240,318,243,309,245,301,244,358,246,366,244,374,245,381,248,374,249,366,248,306,309,317,304,328,302,335,304,343,303,353,307,362,312,352,321,342,324,334,324,326,323,316,319,311,310,328,308,335,309,343,309,357,312,342,315,334,315,327,314
clip_20250722_131738.avi,90,0,258,246,260,264,262,282,265,299,270,316,280,330,295,342,311,351,329,355,347,353,364,346,378,336,389,321,394,304,398,287,400,270,403,251,274,228,283,219,297,216,310,218,324,222,343,223,357,220,371,220,383,224,391,233,333,234,333,243,333,253,333,263,319,275,325,277,332,279,339,278,345,277,288,238,296,235,305,235,313,239,305,240,296,240,353,241,362,238,370,239,377,243,369,244,361,243,303,302,314,295,324,292,331,295,339,294,348,298,358,305,347,311,337,313,329,313,322,312,313,309,308,302,324,297,331,298,338,299,353,304,337,306,330,306,323,305
clip_20250722_131738.avi,120,0,259,242,260,261,262,281,265,300,270,318,280,334,295,347,313,356,333,359,352,358,370,349,385,337,395,321,400,302,403,283,407,265,409,245,271,224,281,215,295,213,309,214,323,219,346,220,360,216,375,217,388,220,398,229,335,231,334,242,334,253,334,264,319,277,326,280,333,281,340,281,347,279,286,235,294,231,304,232,313,236,303,238,294,238,355,238,365,235,374,236,382,240,374,242,364,241,304,305,315,301,325,299,332,301,339,300,348,304,359,309,347,314,337,315,330,315,323,314,314,312,308,306,324,305,332,306,339,306,355,309,338,307,331,307,324,306
clip_20250722_131754.avi,30,0,261,252,262,272,265,292,268,313,275,332,287,348,303,361,322,370,342,374,361,371,376,361,389,347,398,331,402,313,405,295,409,277,411,258,281,235,293,228,308,226,323,228,337,233,358,235,371,232,385,232,398,234,405,243,348,246,348,256,349,267,349,279,333,291,340,293,347,295,354,294,360,292,298,247,307,244,316,244,324,250,315,251,306,251,366,252,375,248,384,249,391,253,383,255,374,254,316,320,327,313,338,310,346,312,353,311,361,315,368,323,360,330,351,334,344,334,336,333,326,329,320,321,338,317,345,318,352,318,364,323,352,325,345,325,337,324
clip_20250722_131754.avi,60,0,269,249,270,270,272,290,276,310,283,329,296,345,313,357,333,366,353,369,371,367,386,357,398,344,406,328,410,310,413,293,417,276,419,259,292,234,305,227,320,226,335,228,349,233,372,235,385,233,398,233,409,236,415,245,361,246,361,257,362,268,362,280,344,290,351,293,359,295,365,294,371,292,309,246,318,243,327,244,335,249,327,250,317,249,377,253,386,249,395,251,402,255,395,257,386,256,326,317,338,312,350,310,357,313,364,312,372,315,379,321,371,326,363,328,355,328,348,327,337,324,330,317,349,317,356,319,364,318,375,321,363,319,356,320,349,318
clip_20250722_131754.avi,90,0,273,248,274,268,276,288,279,308,287,327,299,342,315,355,334,365,353,368,370,366,386,356,399,343,408,328,413,310,416,292,419,275,421,257,295,231,308,224,322,222,337,225,350,230,371,231,385,228,398,229,409,232,416,242,361,242,361,252,361,262,361,273,343,285,351,288,358,290,365,289,372,287,311,243,321,240,330,240,337,245,329,246,320,246,378,248,387,245,395,246,402,251,395,252,386,251,326,314,339,308,350,305,357,308,364,307,372,311,380,317,371,322,363,324,355,325,348,324,338,321,331,314,349,313,356,314,363,314,376,317,363,316,356,316,349,315
clip_20250722_131754.avi,120,0,269,245,268,263,269,282,271,301,277,319,287,335,302,348,318,359,336,362,354,360,372,351,386,339,398,324,404,306,408,288,411,270,413,252,284,229,294,223,306,221,319,224,330,229,353,230,366,227,379,227,391,230,399,239,341,241,340,251,340,262,339,273,325,283,331,286,338,288,345,287,352,286,298,242,306,240,314,240,321,244,313,245,305,245,360,247,369,245,377,246,384,249,377,250,369,250,309,308,320,304,331,303,337,305,344,304,354,307,365,311,353,318,343,320,336,320,329,319,319,316,313,309,330,309,337,310,344,310,361,312,343,313,336,313,329,312
clip_20250722_131812.avi,30,0,262,244,263,264,265,283,269,302,275,320,286,336,301,349,319,359,338,362,357,360,373,350,386,337,395,321,400,302,404,285,407,268,410,250,280,231,292,223,306,221,320,223,334,228,353,230,367,226,380,226,393,229,401,237,344,240,344,251,344,261,344,273,328,284,335,286,342,288,349,287,355,286,296,243,305,241,314,241,322,245,313,246,304,246,361,247,370,244,378,246,385,249,378,251,370,250,312,309,324,305,334,302,341,305,348,304,357,307,366,311,356,318,347,321,339,321,332,320,322,317,316,310,334,310,341,310,348,311,361,312,347,312,340,313,333,312
clip_20250722_131812.avi,60,0,268,242,269,262,271,281,275,300,282,318,293,334,309,346,326,356,345,360,362,358,378,349,390,336,399,321,405,303,408,286,412,269,415,251,288,225,300,218,314,217,328,219,342,224,364,226,377,224,390,225,402,228,409,237,353,236,353,247,353,257,353,268,337,279,343,282,350,284,357,283,363,282,304,237,313,234,322,235,330,240,321,241,312,240,371,243,379,240,388,241,395,245,387,247,379,246,320,306,331,301,342,298,349,301,356,300,364,304,372,310,363,317,355,320,347,320,340,319,330,314,324,306,341,305,348,306,355,306,368,310,355,312,348,312,341,310
clip_20250722_131812.avi,90,0,267,242,268,261,270,281,273,300,280,317,291,333,307,345,325,355,344,359,362,357,378,347,390,334,398,319,403,301,407,284,411,268,413,251,287,225,299,219,313,217,326,219,340,224,363,226,376,223,389,224,400,228,407,236,351,236,351,247,352,257,352,268,336,280,342,282,349,284,355,284,361,282,302,237,311,235,320,235,328,240,319,241,310,240,369,243,378,240,386,241,393,246,386,247,377,246,319,307,331,302,341,299,348,301,354,300,362,304,369,311,361,316,353,318,346,318,339,317,329,314,324,307,341,306,347,307,354,307,365,311,353,309,347,309,340,308
clip_20250722_131812.avi,120,0,265,240,266,259,268,278,271,296,277,314,289,330,305,342,322,351,341,355,359,353,374,344,387,332,397,317,401,299,404,282,408,265,411,247,285,223,296,216,310,214,324,216,337,221,358,223,371,221,384,221,396,225,403,234,348,234,348,244,348,254,348,265,332,276,339,279,345,281,351,280,358,279,301,236,309,235,318,235,325,238,317,239,309,239,365,241,374,240,381,241,388,244,381,245,373,244,315,303,326,298,337,295,344,297,351,296,359,300,367,307,358,312,350,314,342,314,335,313,326,310,320,304,336,303,343,304,350,304,363,307,350,306,343,306,336,304
clip_20250722_131812.avi,150,0,265,240,267,260,269,279,272,297,278,315,289,330,306,340,324,349,343,352,360,350,376,342,388,330,396,315,400,298,403,281,406,264,409,247,284,224,296,218,310,216,324,219,337,223,358,226,371,223,383,223,395,225,403,233,348,235,348,245,348,255,349,267,333,277,339,279,346,282,353,281,359,279,300,236,309,234,317,234,325,238,317,240,308,239,365,241,373,239,381,240,388,243,381,245,373,244,316,302,328,298,338,297,345,299,352,298,360,301,369,305,359,309,351,311,344,311,337,310,327,307,320,302,338,302,345,303,351,303,365,305,351,304,345,304,338,303
clip_20250722_131827.avi,30,0,262,248,264,266,266,284,270,303,277,320,289,334,305,345,322,353,341,355,359,353,373,345,385,333,393,317,398,300,400,283,402,266,404,249,281,229,291,220,305,217,318,218,331,223,352,224,364,220,377,221,389,225,396,234,342,235,343,244,344,253,344,263,329,277,336,278,342,279,349,279,355,278,297,240,306,238,314,238,321,241,314,242,305,242,359,242,367,241,375,242,381,245,374,246,367,245,313,302,325,298,336,297,342,299,349,297,357,300,366,305,356,309,348,310,341,311,334,310,324,308,317,302,335,303,342,304,348,303,362,305,348,304,341,305,335,303
clip_20250722_131827.avi,60,0,263,249,265,267,268,285,272,302,279,318,291,332,306,342,324,350,341,353,358,351,373,343,385,332,393,317,398,300,401,283,404,267,406,249,281,228,291,219,305,217,319,218,332,222,352,222,365,220,378,221,390,224,397,233,343,234,343,243,344,252,345,262,330,275,337,277,343,278,349,278,355,277,296,239,305,235,313,235,321,239,313,241,304,241,361,241,369,238,377,239,384,243,377,244,369,244,316,304,326,296,336,293,343,295,349,294,358,299,365,307,357,313,349,315,341,315,334,314,325,311,320,304,336,301,342,301,349,302,361,307,349,306,342,306,335,305
clip_20250722_131827.avi,90,0,264,250,266,269,269,287,273,305,280,321,292,336,307,348,325,357,343,361,361,358,375,348,387,335,395,320,399,303,402,286,405,269,407,252,284,228,295,221,308,219,322,220,335,224,356,225,368,222,381,223,392,226,399,235,346,237,346,246,347,256,347,266,332,279,339,281,345,283,352,282,358,280,301,242,309,240,317,239,325,242,317,244,309,244,363,244,371,243,379,244,386,247,378,248,371,247,317,307,327,300,338,297,345,299,351,298,360,302,367,311,359,318,350,321,344,321,336,320,326,316,321,308,337,304,344,305,351,305,363,311,350,312,344,312,337,311
clip_20250722_131827.avi,120,0,266,250,267,268,269,286,273,303,280,320,291,333,306,343,324,350,342,353,359,352,375,344,387,334,396,320,400,304,403,287,406,270,408,254,285,229,296,221,309,219,323,220,337,224,357,226,369,223,382,223,394,227,401,236,347,236,347,245,348,255,348,265,332,277,339,279,346,281,352,280,358,279,301,240,309,237,317,236,326,241,317,242,309,242,364,243,373,240,381,241,388,245,380,247,372,246,316,303,327,297,337,294,344,296,351,296,359,300,368,306,358,309,350,310,343,310,335,309,326,307,320,303,336,300,344,301,351,302,364,306,350,304,343,304,336,302
clip_20250722_131827.avi,150,0,265,246,267,265,269,283,272,301,279,319,290,334,305,345,322,354,340,358,358,357,373,348,386,336,394,321,400,303,403,286,407,269,409,252,285,228,296,221,309,219,323,221,336,225,357,227,369,224,382,225,393,229,400,237,347,238,347,247,347,257,347,267,332,279,338,282,345,284,351,283,357,281,301,240,309,238,317,238,325,242,317,243,308,243,364,245,372,243,380,244,387,248,379,249,371,248,316,306,326,301,337,298,343,300,350,299,358,304,366,311,357,317,348,319,342,318,335,317,325,314,320,307,336,305,343,306,349,307,362,310,349,311,343,311,336,309
clip_20250722_131827.avi,180,0,268,250,270,267,272,285,275,302,280,318,291,332,306,342,322,350,340,353,357,352,373,345,386,335,396,321,401,305,404,288,407,271,409,254,284,232,294,224,307,222,321,224,334,228,355,230,367,227,380,228,392,231,400,239,344,240,343,250,343,259,343,270,329,281,335,283,342,285,348,284,354,283,299,243,307,241,315,241,323,244,315,246,306,246,362,247,371,245,379,246,386,249,378,251,370,250,312,305,323,301,333,299,341,301,347,300,356,304,366,309,355,313,346,314,339,313,332,312,323,310,316,305,333,304,340,306,347,306,362,309,347,306,340,306,333,305
clip_20250722_131843.avi,30,0,262,250,264,269,266,287,270,305,276,323,287,338,303,349,320,358,338,361,355,360,370,351,383,338,392,324,397,307,399,290,403,273,405,255,280,232,291,224,305,222,318,224,332,228,352,230,365,226,378,227,390,230,397,239,342,241,342,250,342,260,343,270,327,282,334,284,341,286,347,285,353,284,295,244,304,240,313,241,320,245,312,247,303,246,360,247,368,244,377,245,383,249,376,251,368,250,312,310,323,303,333,300,340,302,347,301,356,306,363,314,355,320,346,323,339,323,331,322,322,318,317,310,333,307,339,308,347,308,359,313,346,314,339,314,332,313
clip_20250722_131843.avi,60,0,264,250,265,269,268,287,271,306,277,324,288,339,303,353,321,363,340,367,358,365,373,355,385,342,393,327,398,310,401,293,405,276,407,258,284,231,295,223,309,221,323,223,336,228,358,230,371,228,383,228,395,231,402,240,348,241,348,251,348,261,349,272,333,284,339,286,346,288,352,287,358,286,300,243,309,240,317,240,325,245,316,247,308,246,365,248,373,245,382,246,388,250,381,252,373,251,317,313,327,306,338,302,345,304,352,303,360,308,366,317,359,326,351,329,343,330,336,328,326,324,321,314,337,310,345,310,351,311,362,317,351,320,344,320,337,319
clip_20250722_131843.avi,90,0,262,247,264,266,266,283,270,301,276,318,287,333,303,344,320,353,339,357,356,355,371,346,384,335,392,320,397,303,400,287,403,270,405,253,282,229,293,222,306,219,320,221,333,225,354,226,367,224,380,224,391,228,398,237,344,237,344,247,345,257,345,267,329,279,336,281,343,283,349,282,355,281,297,241,305,238,314,238,322,242,314,243,305,243,361,244,370,242,378,243,384,247,377,248,369,247,315,307,326,300,336,297,342,299,348,298,356,303,364,310,355,315,347,317,340,317,334,316,325,313,319,307,335,304,341,305,347,305,359,309,347,308,341,308,335,307
clip_20250722_131843.avi,120,0,267,249,269,267,271,285,275,303,282,319,293,333,309,343,327,351,345,354,362,353,377,346,388,335,397,321,401,305,404,289,408,274,410,258,290,227,301,220,315,218,329,220,342,224,362,227,375,224,387,225,398,229,405,238,352,238,352,247,352,256,352,266,336,278,343,281,349,282,356,282,362,281,305,239,314,237,322,237,330,242,321,243,313,242,368,245,377,242,384,244,391,248,384,249,376,248,320,304,331,297,342,295,349,297,355,296,363,301,371,308,362,313,353,315,347,314,340,313,330,310,324,304,341,302,348,303,354,304,367,308,354,307,348,307,341,305
clip_20250722_131843.avi,150,0,260,249,261,267,263,285,267,302,273,318,283,332,298,343,315,350,333,353,350,352,366,345,379,334,388,320,393,304,396,288,399,271,401,254,277,229,287,221,300,219,313,220,326,224,347,226,360,223,373,224,385,228,392,237,337,236,336,246,337,255,336,266,322,278,328,280,335,281,341,281,347,280,291,241,299,238,307,238,315,241,307,243,299,243,354,244,363,242,371,243,377,247,370,248,362,247,307,304,318,299,327,296,334,299,341,298,349,301,358,307,348,310,340,310,333,310,326,309,317,308,310,304,327,302,334,303,340,303,354,307,340,304,333,304,326,303
clip_20250722_131858.avi,30,0,263,249,265,269,267,289,270,309,276,327,287,344,302,357,320,367,339,371,358,369,375,359,389,347,400,331,405,312,408,293,412,274,414,254,277,236,288,228,303,226,317,228,331,233,353,235,367,231,382,231,395,234,404,243,342,245,342,256,342,267,342,279,327,291,334,293,341,295,347,294,354,293,294,248,303,245,312,245,320,249,311,251,302,251,363,251,372,249,381,250,388,253,380,255,372,254,311,317,322,313,332,310,340,313,347,312,356,315,366,320,355,326,346,328,338,328,330,327,321,323,315,317,332,317,340,319,347,318,362,320,346,319,339,320,331,318
clip_20250722_131858.avi,60,0,267,249,269,270,272,290,275,309,282,328,293,343,309,355,328,364,348,367,367,366,382,357,395,345,404,329,408,311,411,293,415,276,417,258,288,232,300,224,315,222,330,224,344,229,368,231,381,228,394,229,406,233,413,242,356,242,356,253,357,264,357,275,340,287,347,290,354,291,361,291,367,289,304,244,314,241,323,241,332,246,322,247,313,247,374,249,383,246,392,247,399,252,391,254,382,252,322,314,335,309,346,307,353,309,360,308,367,312,375,318,366,323,358,325,351,325,343,324,333,321,326,315,345,313,352,315,359,314,371,318,359,316,351,316,344,315
clip_20250722_131858.avi,90,0,268,247,269,267,271,287,275,306,282,325,293,340,310,352,328,361,348,365,366,363,381,354,394,342,403,327,408,309,411,291,415,274,418,256,290,229,302,222,316,220,331,222,345,227,367,230,380,227,394,228,406,232,412,241,356,241,356,251,356,262,356,273,339,285,346,287,353,289,360,289,366,287,306,242,315,239,324,239,332,244,323,245,314,245,373,248,382,244,391,246,397,250,390,252,382,251,322,311,333,305,344,303,351,305,358,305,367,309,374,316,365,321,357,323,349,323,342,321,332,318,326,311,344,310,351,311,358,312,370,315,357,314,350,314,343,313
clip_20250722_131858.avi,120,0,265,246,267,265,269,284,272,303,278,321,290,335,306,346,324,354,343,357,361,356,377,349,390,338,399,324,404,307,407,290,411,272,413,255,285,227,297,219,312,218,326,220,340,224,361,227,374,224,388,226,400,229,407,239,350,238,350,248,350,258,350,269,333,281,341,283,348,285,355,285,361,284,301,239,310,236,319,236,327,242,318,243,309,242,368,245,377,242,386,243,393,248,385,250,376,248,315,305,328,302,339,300,346,302,353,302,361,305,371,311,360,314,351,314,344,314,336,313,326,311,319,306,338,305,345,307,352,307,368,311,352,308,345,308,337,306
clip_20250722_131913.avi,30,0,272,249,273,267,275,285,277,303,283,319,293,334,307,344,324,352,342,355,360,354,377,348,391,338,401,324,407,307,411,290,414,273,416,255,285,227,294,218,307,214,321,217,333,222,356,226,370,222,384,223,396,227,404,237,345,237,345,247,345,257,345,268,331,280,337,282,344,284,350,283,357,282,300,240,308,237,316,237,325,242,316,244,307,243,365,245,373,242,382,243,390,247,382,249,373,248,315,305,326,300,335,298,343,300,350,299,359,303,369,309,358,312,349,312,341,312,334,311,325,310,318,305,335,304,342,305,349,306,365,308,349,305,342,305,334,304
clip_20250722_131913.avi,60,0,260,248,261,268,263,287,266,306,272,324,282,340,296,352,313,362,331,365,349,364,367,356,381,344,392,329,398,311,402,293,406,274,408,254,274,229,284,220,297,218,310,221,323,226,347,229,360,225,375,225,387,229,396,239,335,240,334,251,334,261,334,273,320,285,326,287,333,289,339,288,346,287,290,243,297,240,306,240,314,244,306,246,297,246,355,247,364,244,373,245,380,249,372,251,363,250,307,313,317,308,325,305,331,308,337,307,346,311,355,317,345,322,337,324,330,324,324,323,316,320,311,313,325,312,331,313,337,313,350,316,337,314,331,314,324,313
clip_20250722_131913.avi,90,0,264,249,265,268,267,287,271,305,277,322,287,337,302,349,318,358,336,361,354,360,371,352,385,341,395,327,402,309,405,291,408,272,411,254,277,232,287,223,300,221,314,223,328,227,350,228,364,225,379,225,391,229,400,238,339,240,339,250,339,260,339,271,323,284,330,286,337,288,345,287,352,286,292,243,300,240,309,240,318,244,309,246,300,246,359,246,368,243,377,244,385,248,377,250,368,249,309,310,320,306,330,304,336,306,343,305,352,309,362,314,351,318,342,319,335,319,328,318,319,316,313,310,329,309,336,310,343,310,357,313,342,311,335,311,329,310
clip_20250722_131913.avi,120,0,259,248,260,267,262,285,265,304,271,321,282,336,296,348,313,357,331,360,349,359,365,351,380,340,390,325,396,308,399,290,403,272,405,254,273,231,283,222,297,220,310,222,323,226,346,228,359,224,373,224,386,228,394,237,334,239,334,249,334,259,334,270,319,283,326,285,332,287,339,286,346,284,288,242,296,239,305,239,314,244,305,245,296,245,354,246,363,242,372,243,380,247,372,249,363,248,305,310,315,305,325,303,331,305,338,304,347,307,356,313,346,318,337,320,330,320,323,319,314,316,309,310,324,309,331,310,338,310,352,313,338,312,331,312,323,311
clip_20250722_131913.avi,150,0,260,248,261,267,263,286,266,304,273,321,284,335,300,345,317,353,335,356,353,354,370,348,384,337,394,323,399,306,402,288,404,270,406,252,274,230,284,221,298,219,312,222,325,226,347,228,361,224,375,224,387,227,396,236,336,239,336,249,336,259,336,269,321,282,328,284,335,286,342,285,349,284,289,241,298,238,307,238,316,243,307,245,297,245,356,245,365,242,374,243,381,246,374,249,365,248,305,305,317,302,328,300,335,302,342,301,352,304,362,309,351,312,341,313,333,313,326,313,316,311,309,306,327,306,334,307,342,306,358,308,341,306,334,307,326,306
clip_20250722_131926.avi,30,0,263,252,264,271,266,289,269,308,275,326,285,340,300,352,317,360,335,363,353,361,370,354,384,343,395,329,400,311,404,293,407,274,410,256,277,236,287,228,301,226,315,229,328,233,349,235,362,232,376,232,389,234,398,242,338,245,338,256,338,266,338,277,323,289,330,291,337,293,344,292,350,291,292,248,300,245,309,245,317,250,309,251,300,251,358,252,367,248,375,249,383,253,375,255,367,254,307,313,319,309,329,307,336,310,343,308,352,312,363,317,351,321,342,322,334,322,327,321,318,318,311,313,328,313,335,314,343,314,359,317,342,315,335,315,328,314
clip_20250722_131926.avi,60,0,262,251,263,270,265,288,268,306,273,324,282,339,296,351,313,360,331,363,350,362,367,354,381,343,392,327,397,309,400,291,403,273,405,255,276,236,285,226,298,223,311,224,325,228,344,230,357,226,371,226,384,230,393,240,334,241,334,251,334,261,334,272,320,285,326,286,333,288,340,287,347,286,292,247,299,245,307,245,315,247,307,249,299,249,353,248,361,247,369,248,376,250,369,252,361,251,305,311,316,307,326,305,332,307,339,306,348,309,357,315,347,319,338,320,331,320,324,319,315,317,309,312,325,311,332,312,339,312,353,315,338,313,331,313,325,312
clip_20250722_131926.avi,90,0,265,251,266,269,269,286,272,303,278,320,288,335,302,346,319,355,337,358,355,356,371,348,385,337,395,323,401,306,404,288,407,271,410,254,281,231,290,222,303,220,317,221,329,225,351,226,364,223,378,224,391,227,399,236,340,238,340,248,340,257,340,267,325,280,332,282,339,283,345,283,352,281,295,242,303,240,311,240,319,243,311,245,303,245,360,245,368,242,376,244,383,247,376,248,368,247,311,307,321,300,331,297,338,299,345,299,354,303,364,309,353,315,344,317,337,317,330,317,320,314,315,307,331,304,338,305,345,305,359,309,344,309,337,309,330,308
clip_20250722_131926.avi,120,0,265,250,266,268,268,286,270,304,276,322,286,337,300,349,317,359,334,362,352,360,369,352,383,340,393,325,399,308,403,290,406,273,408,255,279,236,288,227,301,225,314,227,327,231,348,232,362,228,376,228,388,232,396,241,337,243,337,253,337,263,336,274,322,286,329,288,335,289,342,288,349,287,294,248,302,245,310,245,318,248,310,250,301,250,356,250,365,248,373,249,381,252,373,254,365,253,308,312,318,307,328,304,335,307,342,305,351,309,360,315,350,319,341,321,333,321,326,320,318,318,312,312,328,311,334,312,342,312,356,315,341,313,334,313,327,312
clip_20250722_132024.avi,30,0,265,255,267,274,270,292,273,309,279,326,289,340,304,351,322,359,340,362,359,361,375,354,388,343,397,328,402,310,404,293,408,275,410,257,281,237,291,229,305,227,319,229,333,233,353,235,366,231,379,231,392,234,400,243,343,245,343,255,344,265,344,276,329,287,336,289,342,291,348,290,355,290,296,247,305,244,314,244,322,249,313,251,304,251,362,251,370,248,379,248,387,252,379,255,370,254,314,312,324,307,334,305,341,307,348,306,356,310,366,316,356,320,347,320,340,320,332,319,324,317,318,313,333,311,341,313,348,313,362,316,347,313,340,313,333,312
clip_20250722_132024.avi,60,0,275,251,276,269,278,287,281,305,288,322,299,336,314,346,332,354,350,357,368,356,383,349,396,338,405,323,410,306,413,290,416,274,418,257,294,230,305,223,319,221,332,223,345,227,366,229,379,226,392,227,403,231,410,240,356,239,356,249,356,258,356,268,341,280,347,282,354,284,360,284,366,283,309,242,318,239,326,239,334,243,326,245,317,244,373,246,382,244,390,245,396,249,390,251,381,250,325,306,336,299,346,297,353,299,360,299,369,303,377,311,367,314,358,315,351,315,343,314,334,311,329,306,345,304,352,305,360,305,373,310,359,309,352,309,344,307
clip_20250722_132024.avi,90,0,268,251,269,269,271,287,274,304,280,321,290,336,304,348,321,357,338,360,356,358,372,350,386,339,396,325,402,307,405,290,408,273,411,255,282,233,292,225,304,223,317,225,330,229,351,230,364,227,378,227,391,231,399,240,340,241,340,250,340,260,340,270,326,282,332,284,339,286,345,285,352,284,296,245,304,243,312,243,320,246,312,247,303,247,360,248,368,246,377,247,384,250,376,252,368,251,311,309,322,304,331,301,338,303,345,302,354,306,364,312,354,318,345,320,337,320,330,319,321,316,316,310,331,308,338,308,345,308,359,312,345,312,337,312,331,311
clip_20250722_132024.avi,120,0,268,252,269,270,272,289,275,307,280,324,291,340,305,352,322,361,340,364,357,362,373,353,386,341,396,326,402,309,405,291,408,274,410,256,282,240,292,232,305,231,318,233,330,237,351,238,364,235,378,235,390,237,398,246,341,248,341,259,341,269,341,281,326,290,333,292,340,294,346,294,353,292,297,251,305,249,313,249,320,252,312,253,304,253,360,254,368,252,376,253,383,256,376,257,368,256,312,315,323,311,332,309,339,311,346,310,355,313,365,316,354,322,346,324,338,324,331,324,322,321,316,315,332,314,339,315,346,315,361,316,346,317,338,317,332,316
clip_20250722_132054.avi,30,0,263,245,264,265,266,284,269,303,275,322,285,338,300,350,318,360,338,364,357,361,375,353,390,341,401,325,406,306,409,288,413,269,415,250,276,226,287,217,301,215,315,216,328,220,352,222,366,219,381,220,395,223,404,232,340,234,340,245,340,255,340,267,325,280,332,282,339,284,346,283,352,282,292,238,300,234,310,234,319,239,310,241,300,241,361,241,371,237,380,238,388,242,380,245,371,244,310,309,321,302,331,298,338,301,346,300,355,305,364,312,354,317,345,320,337,320,329,319,320,316,315,309,331,307,338,308,346,308,360,311,345,310,337,310,330,309
clip_20250722_132054.avi,60,0,262,245,263,264,265,283,269,302,275,321,285,338,300,351,317,362,337,366,356,363,373,354,388,341,399,325,405,305,408,286,411,267,413,249,279,229,289,220,303,217,317,219,330,223,351,224,365,221,380,221,392,224,401,234,341,237,341,247,341,257,341,268,326,281,333,283,340,285,347,284,353,283,295,243,303,240,312,240,321,243,312,246,303,246,359,245,368,242,376,243,384,246,376,249,368,248,311,311,321,304,332,301,338,303,346,302,355,307,364,314,354,321,344,324,337,324,329,323,320,319,316,311,331,309,338,310,345,310,359,314,345,314,337,314,330,313
clip_20250722_132054.avi,90,0,269,243,269,262,271,281,273,300,278,318,288,335,303,348,321,357,340,360,360,359,378,351,393,339,403,323,408,305,411,286,414,268,416,249,284,224,294,215,307,212,320,214,333,218,356,220,370,216,384,217,397,221,405,232,344,231,344,242,344,252,344,263,329,277,336,278,343,280,350,279,357,278,300,237,308,234,316,234,324,237,316,239,307,239,364,239,372,237,381,239,388,241,380,243,372,242,312,305,324,301,335,299,342,302,348,300,358,303,368,308,357,312,347,313,340,313,333,313,323,311,316,305,334,305,342,306,348,306,364,307,348,307,341,308,334,306
clip_20250722_132054.avi,120,0,264,244,264,264,266,284,269,303,274,323,285,339,300,353,317,363,335,367,354,366,371,356,385,343,396,327,402,308,406,289,410,270,412,251,278,233,289,224,303,223,316,226,329,231,351,233,365,229,379,228,392,232,400,241,340,244,340,255,340,267,339,279,324,289,330,292,338,294,345,293,352,292,294,247,303,245,311,246,319,248,311,250,302,250,359,251,368,250,376,251,384,253,376,255,368,254,309,315,320,312,330,310,337,312,344,311,353,314,363,319,352,325,343,328,335,328,328,327,319,323,314,316,329,316,336,317,344,317,359,319,343,319,336,319,329,318
clip_20250722_132107.avi,30,0,274,249,275,270,278,291,282,311,287,331,298,348,314,362,333,373,352,377,371,375,388,363,401,349,411,333,416,314,420,295,424,277,427,258,292,236,305,228,320,227,335,231,348,236,372,237,385,234,399,234,412,237,420,245,361,248,361,260,361,271,361,284,344,294,351,297,358,299,365,298,372,296,309,248,318,244,328,245,336,251,327,252,317,252,379,254,389,250,398,251,405,255,398,258,389,257,327,323,338,317,349,314,356,316,364,315,373,319,381,327,372,335,363,339,355,339,347,338,336,333,331,324,348,322,356,323,364,323,377,327,363,328,355,328,348,327
clip_20250722_132107.avi,60,0,275,245,277,266,279,286,282,306,289,325,300,342,316,355,335,366,355,370,373,369,389,358,402,344,411,328,417,310,421,292,425,273,428,254,294,229,307,222,322,221,337,224,351,229,374,232,388,229,401,229,414,232,422,241,362,242,362,254,362,265,362,277,345,288,353,290,360,292,366,291,373,290,311,243,320,240,330,241,338,246,329,247,319,246,381,249,390,246,399,247,406,252,398,254,389,252,328,315,339,310,350,307,358,310,366,309,374,313,382,320,372,326,364,330,356,330,348,329,338,324,332,316,349,315,357,316,365,316,377,319,364,320,357,320,349,319
clip_20250722_132107.avi,90,0,273,245,274,265,275,285,278,304,285,323,296,339,311,352,329,362,348,366,367,364,383,354,397,342,408,326,414,308,417,290,421,272,424,253,292,230,303,223,317,221,331,223,345,228,366,230,380,227,394,227,407,231,415,240,355,242,355,252,355,263,355,274,339,286,346,288,353,291,360,290,366,288,308,245,317,243,326,243,334,247,325,249,316,249,373,249,382,247,391,248,398,251,390,254,381,253,322,313,334,308,344,306,351,308,358,307,366,310,375,317,365,322,357,325,349,325,342,324,333,321,327,314,344,312,351,313,358,313,370,317,357,315,350,316,343,315
clip_20250722_132107.avi,120,0,268,246,269,264,272,283,274,301,279,319,289,336,303,348,321,358,340,361,359,359,377,351,391,339,402,323,407,305,410,287,414,268,417,249,281,228,291,220,305,218,318,220,331,225,354,226,368,222,383,222,396,226,406,235,343,236,342,247,342,257,342,269,327,280,334,282,341,284,348,284,355,283,296,239,304,236,313,236,321,241,313,242,303,242,364,243,372,239,381,240,390,244,382,246,372,245,311,308,321,302,331,299,339,302,346,301,356,305,367,311,355,317,345,319,337,319,329,318,320,314,315,308,331,305,338,306,346,307,363,310,345,312,337,312,330,310
clip_20250722_132124.avi,30,0,274,251,276,271,279,291,282,311,288,330,300,346,317,359,336,369,356,372,376,371,392,361,405,347,413,330,418,311,421,293,425,275,428,256,293,232,305,223,321,221,336,223,350,228,374,230,387,227,401,228,414,232,421,242,362,242,362,253,363,263,363,275,346,288,354,290,361,292,368,291,374,290,310,245,320,242,329,242,337,247,328,248,319,248,382,250,391,247,400,248,407,252,399,254,391,253,330,319,341,311,352,307,360,310,367,309,376,314,384,322,375,328,366,330,358,331,350,329,340,326,335,319,352,316,359,317,367,317,379,321,367,321,359,321,351,320
clip_20250722_132124.avi,60,0,274,249,276,269,278,289,281,308,288,327,299,343,316,355,334,365,354,370,373,368,389,358,402,345,411,329,416,311,420,293,424,275,427,256,294,229,306,221,321,219,335,221,349,226,373,229,387,226,401,227,413,231,421,240,361,240,361,251,361,261,361,273,344,285,352,287,359,289,366,289,372,287,311,243,320,241,329,241,337,245,328,246,319,246,381,248,389,246,398,247,405,251,397,252,389,251,327,314,339,309,350,305,357,308,364,307,374,312,382,319,372,326,363,328,355,329,348,327,337,323,332,315,350,313,357,315,364,315,378,319,363,319,356,319,349,318
clip_20250722_132124.avi,90,0,271,250,272,270,275,290,278,309,284,328,294,344,309,358,328,368,347,372,367,370,384,360,398,347,407,331,412,312,416,294,420,276,423,257,289,231,300,222,314,219,329,221,343,225,364,227,379,224,393,226,406,230,413,241,354,239,353,249,353,260,353,271,338,285,344,287,351,289,358,288,365,287,306,244,314,241,323,241,331,245,323,246,314,246,373,248,382,245,390,247,397,251,389,252,381,251,320,314,331,307,343,304,350,307,358,306,368,310,377,318,366,326,356,329,348,329,340,327,330,324,324,315,342,312,350,313,357,313,372,318,357,320,349,320,342,319
clip_20250722_132124.avi,120,0,272,247,273,267,275,286,278,306,284,324,296,340,311,354,329,364,348,368,367,366,384,356,398,343,407,327,412,309,416,291,420,273,422,255,291,228,302,219,317,217,331,219,345,224,366,226,380,223,394,224,407,228,414,238,355,238,355,248,355,258,355,269,339,282,346,285,353,287,360,286,366,284,308,242,317,239,325,239,333,243,325,244,316,244,374,246,383,244,391,246,398,249,390,251,382,249,322,312,333,305,344,302,352,304,359,303,369,308,377,317,367,325,357,328,350,328,342,327,331,322,326,313,344,310,351,311,359,311,372,317,358,318,350,318,343,317
clip_20250722_132124.avi,150,0,271,246,272,264,273,283,275,302,280,320,290,335,304,347,321,356,340,360,359,359,376,352,391,340,402,325,408,307,412,289,416,271,418,252,286,231,295,222,309,220,322,222,335,227,356,229,370,225,385,225,398,229,406,239,345,239,345,250,345,260,344,272,329,283,336,286,343,288,350,287,357,285,301,244,309,243,318,242,326,245,317,247,308,247,364,247,373,246,381,248,389,250,381,253,372,251,313,309,325,306,334,303,342,306,349,305,358,308,367,314,356,318,347,320,340,320,332,319,323,316,318,310,334,309,342,310,348,310,363,313,348,312,341,312,333,311
clip_20250722_132138.avi,30,0,269,251,270,271,274,291,277,310,283,328,294,343,309,355,327,364,347,367,366,366,382,358,395,346,405,331,410,313,413,294,417,276,420,257,285,235,297,226,312,223,327,225,341,230,363,232,377,229,391,229,404,233,412,242,352,243,352,254,353,265,353,277,336,289,343,291,351,293,358,292,365,290,302,246,311,243,320,243,329,248,320,249,310,249,371,250,381,247,390,248,397,252,389,254,380,253,319,314,331,310,342,308,349,310,357,309,365,312,375,318,365,322,356,324,348,324,340,323,330,320,323,314,341,314,349,315,357,315,371,318,356,316,348,316,341,315
clip_20250722_132138.avi,60,0,267,246,268,267,271,286,274,305,280,324,291,340,306,353,324,362,343,366,362,365,379,356,392,344,402,327,408,309,411,291,415,272,417,253,284,231,295,223,309,221,323,223,337,228,359,229,373,226,387,227,400,230,408,240,348,240,348,251,348,262,348,273,332,286,339,288,346,290,353,289,360,287,299,243,308,240,317,240,326,245,317,246,307,246,367,248,376,244,385,245,393,249,385,251,376,250,316,314,327,308,338,305,345,307,352,306,361,310,369,317,360,323,351,326,344,326,336,325,326,321,320,314,337,313,345,314,352,314,365,317,351,316,344,316,337,315
clip_20250722_132138.avi,90,0,270,246,271,265,273,285,276,303,282,321,293,336,309,348,327,356,346,360,364,359,381,351,395,340,404,325,410,307,413,289,417,271,419,253,288,228,299,220,314,218,328,220,342,225,363,227,377,224,391,225,403,229,411,238,352,238,352,248,352,259,352,270,336,282,343,284,349,286,356,286,363,285,304,240,313,238,322,238,330,242,321,243,312,243,371,245,380,243,388,244,396,248,388,249,379,248,319,308,330,303,341,301,348,303,354,302,363,306,372,312,362,317,353,319,345,318,338,317,329,314,323,308,340,306,347,308,354,308,368,312,353,310,346,309,339,308
clip_20250722_132138.avi,120,0,266,246,267,265,269,284,272,302,278,320,288,336,302,349,319,359,338,363,356,362,373,353,388,341,398,325,404,307,407,290,411,272,414,254,283,229,293,221,307,218,320,220,334,225,356,227,369,224,383,224,396,228,403,238,345,237,344,247,344,257,344,268,329,281,335,283,342,285,349,284,356,283,299,242,307,239,316,239,324,242,315,244,307,244,364,245,373,243,381,245,388,248,380,249,372,248,312,310,323,303,333,300,341,302,348,301,357,306,366,313,356,321,346,324,339,324,331,323,321,319,317,310,333,307,341,308,347,308,361,313,347,314,340,314,332,313
clip_20250722_132138.avi,150,0,263,246,263,266,265,285,268,304,274,322,285,337,301,348,318,356,337,359,355,357,373,350,387,339,398,324,403,307,406,289,410,271,412,253,277,231,287,223,301,221,315,223,328,228,351,229,365,226,379,226,392,230,401,238,340,240,339,251,339,262,339,273,323,285,330,287,337,289,345,288,352,287,293,243,301,240,310,240,319,245,310,246,301,245,360,247,369,244,378,246,385,249,378,251,369,250,305,308,318,305,328,303,336,306,344,305,354,308,364,313,352,316,342,317,334,317,326,316,316,313,309,308,328,309,336,310,344,310,360,313,343,310,335,310,327,309
clip_20250722_132155.avi,30,0,274,250,274,270,276,291,280,311,286,330,298,347,314,359,333,370,352,374,370,373,386,362,398,349,407,333,412,314,416,296,419,279,422,261,296,234,308,227,323,225,338,228,351,233,373,235,386,233,399,233,411,237,417,246,362,246,362,257,363,268,363,279,345,290,352,293,359,295,366,294,372,292,313,248,322,246,331,246,339,250,330,251,321,251,378,253,387,252,395,254,402,257,395,258,387,257,327,319,339,312,351,309,358,312,365,311,373,316,380,324,371,331,363,334,355,334,348,333,338,328,332,319,350,317,357,318,364,319,375,324,363,324,356,324,349,322
clip_20250722_132155.avi,60,0,275,249,275,269,277,289,281,309,288,327,300,343,317,356,336,366,356,370,374,369,389,359,402,346,410,330,415,312,418,295,422,277,425,260,297,230,310,224,325,223,340,225,353,231,376,233,389,230,402,231,414,234,421,244,365,244,365,254,365,265,365,276,348,288,355,291,362,293,369,293,375,291,314,244,323,241,332,242,340,246,331,247,322,247,382,251,391,248,400,250,406,254,399,255,390,254,330,315,342,309,353,307,360,310,366,309,375,314,383,321,373,327,365,329,358,329,350,327,340,323,335,315,352,315,359,317,366,317,378,321,366,319,359,319,351,317
clip_20250722_132155.avi,90,0,273,248,273,268,275,288,279,309,285,328,297,345,313,358,332,369,352,373,370,371,386,360,398,347,407,331,412,313,415,295,419,278,421,260,294,234,306,226,321,225,335,228,349,233,371,235,384,232,398,232,410,236,416,245,360,245,360,256,360,267,360,278,342,289,350,292,357,295,364,294,370,292,311,246,320,244,329,245,336,249,328,250,319,249,377,252,386,250,394,252,401,255,393,257,385,255,325,317,337,312,348,310,355,312,362,311,370,316,379,323,369,330,360,333,353,333,345,332,335,327,330,318,347,316,354,318,361,318,374,322,360,324,354,324,347,322
clip_20250722_132155.avi,120,0,269,246,270,266,273,285,275,304,281,322,291,338,307,350,324,360,343,364,362,364,379,355,393,344,402,328,408,310,411,292,415,273,418,254,286,231,297,224,311,222,325,224,339,229,362,231,375,228,389,229,402,232,410,242,350,241,350,252,350,263,350,274,334,286,341,288,348,290,355,290,362,288,302,244,311,242,319,242,328,246,319,247,310,247,369,249,378,247,386,249,394,252,386,253,377,252,318,313,329,309,339,307,346,309,353,308,362,312,371,318,361,322,352,324,345,324,337,322,328,319,322,314,339,313,346,314,353,314,367,318,353,315,346,315,338,314
clip_20250722_132155.avi,150,0,270,245,271,264,273,284,276,302,282,320,294,335,309,347,326,355,344,359,362,358,379,350,392,339,402,323,408,306,411,288,415,270,418,252,288,228,299,219,314,216,328,218,342,223,362,225,376,222,390,223,403,227,409,238,352,235,352,246,352,256,352,267,335,279,342,281,349,283,356,283,363,282,305,239,314,237,322,237,330,240,322,242,313,242,369,244,378,242,386,244,393,247,386,248,377,247,320,307,331,302,341,300,347,303,354,302,361,306,369,312,360,316,352,317,345,316,338,315,330,313,324,307,340,305,347,307,353,307,365,311,352,308,346,308,340,307
clip_20250722_132155.avi,180,0,266,245,267,264,269,283,272,302,278,320,289,335,304,347,322,355,341,358,360,357,377,349,390,338,400,323,405,305,407,287,411,269,413,250,281,231,292,224,306,222,319,225,332,229,354,231,367,227,381,228,394,231,402,240,343,241,343,252,343,263,343,274,328,285,335,287,342,289,348,288,355,287,297,245,305,244,313,244,321,246,313,247,305,247,363,248,371,247,379,249,387,251,379,252,371,251,312,309,323,305,333,303,341,306,348,305,357,308,368,314,356,317,347,317,340,317,332,315,323,313,316,309,333,309,340,310,348,310,364,313,347,310,340,311,332,309
clip_20250722_132539.avi,30,1,237,266,240,284,244,301,249,318,256,333,266,347,279,358,294,367,312,368,328,364,341,354,352,341,360,326,364,309,366,291,367,274,367,256,249,246,256,236,268,231,281,231,293,235,315,233,326,228,338,225,350,228,358,237,306,250,307,261,307,272,308,285,296,298,303,299,309,300,315,298,321,296,263,258,271,252,280,252,288,257,280,260,271,261,322,254,330,247,339,246,346,251,340,255,331,256,285,324,294,318,303,314,310,315,317,313,326,316,335,321,327,330,319,334,311,336,303,335,295,332,290,324,303,321,310,322,318,321,330,321,318,323,311,324,303,324
clip_20250722_132539.avi,60,1,245,266,248,284,252,301,256,317,263,332,273,345,285,355,300,363,316,364,331,361,345,351,356,339,365,324,370,308,372,291,373,273,372,256,254,244,260,233,272,227,285,226,296,230,319,228,331,223,343,222,355,226,363,235,310,248,311,259,311,270,312,281,300,295,306,296,313,297,319,296,324,294,268,256,275,251,284,250,292,255,284,258,275,259,326,252,334,245,342,245,350,249,344,253,335,254,293,323,299,315,307,310,313,312,320,310,329,313,336,320,330,328,321,332,314,333,307,333,299,330,297,322,307,319,313,319,320,318,332,320,320,320,314,322,307,321
clip_20250722_132539.avi,90,1,239,267,242,285,247,301,251,317,258,332,268,345,280,355,294,363,310,365,326,361,339,351,351,339,359,324,365,308,367,291,368,273,368,255,249,246,255,237,266,232,278,232,289,235,311,232,322,227,334,224,346,226,355,235,302,250,302,260,303,271,303,282,293,295,299,297,305,297,311,295,317,294,262,258,269,253,277,252,286,257,278,260,269,261,319,253,326,246,335,245,343,249,336,254,327,254,285,323,291,315,299,311,306,312,312,310,321,312,330,319,323,329,315,333,307,335,300,335,292,331,289,322,299,319,306,319,313,318,325,319,314,321,307,323,300,322
clip_20250722_132539.avi,120,1,238,268,241,285,246,301,250,317,257,331,267,344,279,354,294,362,310,364,325,360,338,350,350,338,358,323,363,307,364,290,365,273,365,255,248,247,253,236,264,231,276,230,287,234,309,230,320,225,332,223,344,225,352,234,300,249,301,260,302,271,302,282,292,296,298,297,304,298,310,296,316,294,261,261,268,257,276,256,284,258,277,261,269,263,318,254,325,250,333,249,340,251,334,255,326,255,284,322,290,315,298,311,305,312,313,310,321,312,329,318,323,328,315,332,307,333,299,333,292,330,289,321,298,318,305,319,313,317,325,318,314,320,306,322,299,321
clip_20250722_132517.avi,30,1,257,244,258,261,260,279,263,296,268,313,278,328,291,339,307,347,325,350,344,349,362,342,378,332,389,318,395,301,399,284,402,266,404,248,268,221,277,212,290,209,304,210,317,214,338,215,352,212,366,212,380,216,389,225,327,228,327,238,327,247,327,257,313,271,319,273,326,274,333,274,340,273,282,233,290,230,299,230,307,234,298,235,290,235,349,235,357,232,366,233,374,237,365,238,357,237,298,300,308,292,318,289,326,291,333,290,343,294,352,303,342,309,332,310,324,310,316,309,307,306,303,300,318,297,326,298,333,298,348,302,332,302,325,302,317,301
clip_20250722_132517.avi,60,1,261,244,261,261,263,278,266,295,271,312,280,326,293,336,309,344,327,347,347,346,365,340,381,331,392,317,397,300,401,283,404,266,406,248,272,221,280,211,293,208,306,208,319,213,340,214,354,210,369,211,382,216,391,226,329,226,328,235,328,245,327,255,314,269,320,270,327,272,334,271,342,271,286,232,293,229,301,229,310,232,301,233,293,234,351,234,359,232,367,233,375,236,367,238,359,237,300,296,310,289,319,286,327,288,334,287,344,292,355,298,343,303,333,303,326,303,318,302,309,300,304,296,319,292,327,293,334,293,351,298,334,296,326,296,318,294
clip_20250722_132517.avi,90,1,260,243,261,260,263,276,265,293,269,310,277,325,291,336,307,345,325,348,344,348,363,342,378,332,390,319,396,302,399,285,403,267,406,249,272,220,280,211,292,207,305,208,318,212,339,214,353,210,368,211,381,216,390,226,328,225,328,235,327,244,326,254,313,268,319,270,326,272,333,271,340,270,285,231,292,228,300,228,309,232,300,233,292,233,350,233,358,231,367,232,374,236,366,237,358,236,299,297,308,290,318,286,325,288,332,287,342,292,353,300,341,305,332,306,324,306,316,305,308,303,303,297,318,293,325,294,332,294,348,300,332,299,325,298,317,297
clip_20250722_132517.avi,120,1,266,241,266,257,267,275,269,292,274,309,283,324,296,336,312,344,330,347,348,347,366,341,382,331,393,317,400,300,404,283,407,266,410,248,279,218,287,209,300,205,313,206,326,210,346,212,360,209,375,210,387,215,395,225,335,225,335,234,334,243,334,252,320,267,326,268,333,270,340,270,346,268,293,231,300,229,308,228,316,231,308,233,300,234,355,233,363,231,372,233,379,237,371,238,362,237,306,297,315,290,325,286,331,288,338,287,346,292,355,301,345,305,336,306,329,306,322,305,314,302,310,297,324,293,331,294,338,294,350,300,337,299,330,298,323,297
clip_20250722_132517.avi,150,1,265,239,265,256,266,273,269,290,274,307,282,323,294,335,310,344,328,348,347,347,365,341,382,331,393,317,400,300,405,283,408,265,411,248,279,217,288,208,300,204,313,205,326,209,347,211,361,208,375,209,388,214,396,224,335,224,335,233,334,241,333,250,319,266,326,267,332,269,339,268,346,268,291,229,299,226,307,226,316,230,307,231,299,231,356,232,365,229,373,231,380,235,372,236,364,235,304,295,313,287,324,283,331,285,338,284,348,289,357,299,346,305,337,306,329,306,321,305,312,303,308,295,323,291,331,291,338,292,352,298,337,298,330,298,323,297
clip_20250722_132517.avi,180,1,263,242,263,259,265,275,268,292,273,308,282,322,296,333,313,340,331,343,349,342,367,336,382,326,392,313,398,296,401,280,404,263,407,246,275,218,284,209,296,204,309,204,322,208,342,210,356,206,371,207,384,212,392,222,332,222,331,230,331,238,330,248,317,263,324,265,330,266,337,266,344,265,289,230,296,226,304,225,313,229,305,230,296,231,352,230,361,227,369,229,376,232,369,233,360,232,303,292,313,284,322,281,329,283,337,282,346,286,356,294,345,300,336,301,328,301,321,300,312,298,308,292,322,287,329,288,336,288,352,294,336,294,329,294,321,293
clip_20250722_132530.avi,30,1,265,244,265,262,267,280,269,298,273,316,282,331,295,343,312,352,331,355,351,354,370,347,385,337,397,322,403,304,406,286,409,269,411,251,276,224,285,215,298,212,311,214,324,218,348,220,362,216,376,217,390,221,398,231,336,232,335,242,335,252,334,263,320,275,327,277,334,279,341,279,348,278,290,235,299,232,307,233,315,237,307,238,298,237,357,239,366,236,375,237,382,241,374,242,366,241,304,300,316,296,327,294,334,296,342,295,352,299,363,304,350,309,339,310,331,310,324,309,314,306,308,301,326,300,333,301,341,301,359,304,340,303,332,303,325,302
clip_20250722_132530.avi,60,1,262,243,261,261,262,278,264,296,268,314,277,330,290,342,306,352,325,356,345,354,364,347,380,337,391,322,398,305,401,287,404,269,407,250,272,225,280,216,293,212,305,213,318,218,340,219,354,216,369,216,382,220,391,230,328,231,328,242,327,252,326,263,313,275,319,277,326,279,334,278,342,277,286,238,293,236,302,236,310,238,302,240,293,240,349,240,358,239,366,240,374,242,366,244,357,243,297,301,308,296,318,294,325,296,332,295,343,299,354,305,342,309,331,310,323,310,316,309,307,307,301,301,318,300,325,301,332,301,350,305,331,303,324,303,317,302
clip_20250722_132530.avi,90,1,259,246,259,264,261,281,263,298,267,315,276,330,289,341,305,350,323,353,343,352,362,346,379,337,390,322,396,305,400,287,403,269,406,250,269,225,277,216,289,213,302,214,315,217,338,219,352,215,367,215,381,219,390,229,326,230,325,240,325,251,324,262,310,274,317,276,324,278,331,277,339,276,282,235,290,232,298,232,307,236,298,237,290,237,348,237,357,234,366,235,374,239,365,240,357,239,296,301,306,294,316,292,324,294,331,294,341,298,353,305,340,308,329,309,321,309,313,308,305,305,300,301,315,298,323,299,331,300,348,304,329,301,322,301,314,300
clip_20250722_132530.avi,120,1,258,243,258,260,260,278,262,295,267,313,275,329,288,342,304,352,322,356,342,354,361,346,377,335,389,320,395,302,398,284,401,266,404,248,269,223,276,214,288,210,301,211,314,215,336,217,349,213,364,214,377,217,387,226,324,229,323,238,323,248,322,259,310,272,316,274,322,276,329,275,337,274,283,236,290,234,298,234,307,236,298,238,290,238,346,237,354,236,363,237,371,239,362,241,354,240,294,301,304,295,315,291,322,293,330,292,340,296,352,302,340,311,329,314,321,315,313,314,303,311,298,302,314,299,322,299,330,299,346,303,329,305,321,305,313,304
clip_20250722_132530.avi,150,1,260,243,260,260,261,276,263,293,269,310,279,324,293,334,310,342,329,344,348,342,366,335,381,324,391,309,396,293,399,276,401,259,402,243,271,209,277,198,287,192,300,191,312,195,342,197,354,193,368,194,380,201,387,212,326,217,326,227,326,236,326,247,313,262,320,263,326,265,333,263,341,262,284,226,290,220,299,220,308,226,299,228,290,228,348,227,356,222,365,223,373,228,365,231,356,230,296,289,307,282,320,279,328,281,336,280,349,283,362,289,348,300,336,302,327,302,319,301,307,298,300,290,320,285,328,285,336,286,357,290,336,296,328,296,319,295
clip_20250722_132616.avi,30,1,267,235,267,252,268,270,270,287,274,305,282,320,294,333,310,343,328,348,347,348,366,340,383,329,395,314,403,296,408,278,411,260,414,241,276,213,285,205,297,202,310,204,323,208,345,209,359,206,375,207,388,212,398,221,334,222,333,233,332,243,331,253,317,266,324,268,331,270,338,270,346,268,289,227,297,223,306,224,314,227,305,229,297,229,356,230,365,227,373,229,381,232,373,234,364,232,302,293,312,287,323,284,330,286,338,285,349,290,359,299,347,306,336,308,328,308,320,307,310,303,307,294,322,291,330,292,338,292,354,298,337,299,329,299,321,297
clip_20250722_132616.avi,60,1,259,232,258,249,259,266,261,285,266,303,274,320,286,334,302,345,321,348,340,345,360,336,377,325,390,310,397,292,401,274,403,255,405,236,264,211,271,203,282,200,295,200,307,204,328,205,343,201,359,201,373,205,384,213,317,218,316,228,316,238,315,250,304,262,310,264,316,266,323,265,331,264,276,225,283,222,291,222,300,224,292,226,283,227,342,225,350,222,359,223,368,226,359,228,350,227,290,291,299,284,309,281,317,283,324,282,336,285,349,291,335,300,323,304,315,304,307,303,298,301,294,291,309,287,317,288,324,287,344,291,323,297,316,297,308,296
clip_20250722_132616.avi,90,1,266,235,266,252,267,269,269,287,273,304,282,319,295,331,311,339,329,343,348,342,368,336,385,326,397,311,404,294,407,276,411,257,413,239,274,211,282,202,295,199,308,200,320,204,342,206,356,202,371,203,385,207,396,216,330,217,329,228,329,238,328,248,316,262,322,264,328,266,335,265,343,264,287,224,295,220,303,220,312,224,303,225,294,225,353,226,362,222,371,224,379,227,371,228,362,228,302,291,311,285,321,282,328,284,335,283,345,287,357,294,344,299,334,300,326,300,319,299,310,297,306,291,320,289,328,290,335,290,352,294,334,292,327,291,320,291
clip_20250722_132616.avi,120,1,257,239,257,255,260,273,263,291,268,309,277,325,290,339,306,350,323,354,342,352,361,343,377,331,390,316,397,298,401,278,404,259,405,239,265,214,272,206,283,202,296,203,308,207,331,207,345,202,361,202,375,206,385,215,320,220,320,230,319,240,319,251,307,265,313,267,320,269,327,268,335,266,278,227,285,223,293,223,302,227,294,228,285,229,344,226,352,223,361,224,369,227,361,229,352,228,294,296,303,289,313,285,321,287,328,286,340,290,353,296,340,306,328,310,320,310,313,310,303,307,298,297,313,293,321,293,328,293,348,296,328,302,320,302,313,301
clip_20250722_132616.avi,150,1,268,235,268,252,270,269,272,287,276,304,284,320,297,332,313,341,331,345,351,345,370,338,386,328,398,313,405,296,409,278,413,260,416,242,279,213,287,204,301,201,314,202,327,207,349,208,363,205,378,205,392,209,401,219,337,221,337,231,336,241,335,251,321,265,328,267,335,268,342,268,349,267,292,225,300,221,309,221,317,226,308,228,299,228,360,228,368,224,378,226,385,230,377,232,368,231,306,292,316,286,326,283,333,286,341,284,351,289,361,297,350,303,339,305,331,305,323,304,314,300,310,293,326,291,333,292,341,292,357,297,340,296,332,296,325,295
clip_20250722_132616.avi,180,1,262,236,262,253,263,270,266,287,270,304,279,319,293,330,308,339,326,343,346,342,365,336,381,326,393,311,399,294,403,276,406,257,409,239,272,214,280,205,292,202,305,203,318,207,339,207,354,203,369,204,382,208,391,218,328,220,327,230,326,239,325,250,313,262,319,264,326,266,333,266,341,265,286,226,293,223,301,223,310,226,301,228,293,228,350,227,359,225,367,226,375,229,367,230,358,229,299,290,308,284,318,280,325,283,332,282,343,286,355,293,342,299,331,300,323,300,316,299,307,296,303,290,318,287,325,287,332,288,350,293,331,292,324,292,317,291
clip_20250722_132631.avi,30,1,260,238,260,257,262,275,264,294,270,312,279,328,293,340,309,350,328,354,348,353,367,345,384,333,396,317,402,298,406,279,409,259,412,239,269,218,278,209,291,206,305,207,319,211,342,212,356,208,372,208,386,212,397,221,330,225,330,236,330,246,329,258,315,271,322,273,329,275,337,274,345,273,284,229,292,226,301,226,310,231,301,232,292,232,354,231,362,227,372,228,380,232,372,234,363,233,300,299,310,293,321,290,329,292,337,291,348,295,359,302,347,309,336,311,327,312,319,311,309,307,304,299,321,296,329,297,337,297,354,302,336,303,328,303,320,302
clip_20250722_132631.avi,60,1,264,234,265,253,268,272,271,290,276,309,285,326,300,339,317,350,336,354,356,352,375,344,390,331,401,315,407,296,410,276,414,257,417,237,276,214,286,205,300,202,314,204,327,208,351,209,365,206,380,206,394,209,403,219,340,221,340,232,340,243,340,255,324,268,331,270,339,272,346,271,354,269,292,226,300,222,309,222,318,227,309,228,300,228,362,228,371,224,380,225,388,229,380,232,371,231,310,297,320,292,330,289,338,291,345,290,354,295,364,301,353,307,343,309,336,309,328,308,319,305,314,298,330,296,337,297,345,297,359,301,344,300,337,300,329,299
clip_20250722_132631.avi,90,1,265,236,266,255,269,273,272,292,277,310,286,326,301,339,318,350,338,354,358,352,376,343,390,331,401,315,408,297,411,278,414,259,416,240,277,213,286,204,299,201,313,202,326,206,349,207,364,204,378,205,392,208,402,216,338,220,338,230,337,240,337,252,323,265,329,267,336,269,344,268,351,268,292,225,299,221,308,221,317,226,308,227,299,227,361,227,369,223,378,224,386,228,378,230,369,229,307,297,317,288,327,285,335,287,344,286,354,291,365,301,354,309,343,311,334,311,326,310,316,306,311,297,327,293,335,293,343,294,359,301,343,302,335,302,326,300
clip_20250722_132631.avi,120,1,264,236,265,254,268,272,271,290,276,308,286,324,300,337,318,347,337,351,357,349,375,341,390,329,401,313,406,294,409,276,413,258,415,239,277,212,286,204,299,201,312,202,326,206,350,207,363,204,378,204,391,208,400,216,338,219,337,229,337,240,337,251,323,264,329,266,336,268,344,267,351,266,292,225,299,222,308,222,317,225,308,227,299,227,359,227,368,225,376,226,384,229,376,231,367,230,307,295,317,286,328,283,336,285,344,284,354,289,364,298,353,307,343,309,334,309,326,308,316,304,311,295,328,289,336,290,344,291,359,297,343,301,335,301,327,299
clip_20250722_132631.avi,150,1,259,235,259,253,261,270,264,288,269,305,278,321,291,332,308,342,326,345,346,343,366,336,383,325,396,311,402,293,406,275,409,257,411,237,268,213,276,204,288,201,300,202,313,205,337,206,351,202,367,202,381,206,391,215,324,218,324,228,323,238,322,249,310,262,316,264,323,266,331,265,338,263,281,225,289,221,297,221,306,224,298,226,289,227,348,225,357,221,366,223,374,226,366,228,357,227,297,292,306,285,316,281,323,283,330,282,341,286,353,293,341,299,330,301,322,301,315,301,306,299,301,292,316,288,323,288,331,288,348,293,330,293,322,294,315,293
clip_20250722_132631.avi,180,1,256,239,257,258,259,276,262,295,267,312,277,328,292,339,308,347,327,350,346,349,365,341,382,331,395,315,401,297,405,277,408,257,409,237,265,221,273,211,286,209,299,211,312,215,336,215,350,211,366,210,381,212,392,221,324,227,324,239,324,250,323,262,310,273,317,276,324,277,331,276,339,275,279,231,287,228,296,228,305,232,295,234,286,234,348,233,357,228,366,229,375,232,366,235,357,235,296,299,307,295,316,293,324,295,331,294,342,297,355,300,342,305,331,307,323,307,315,306,306,304,300,299,316,299,324,300,331,299,351,301,331,300,323,300,316,299
clip_20250722_132646.avi,30,1,265,239,266,257,269,275,273,293,279,310,290,324,305,335,322,344,341,347,359,345,376,337,390,326,401,311,406,294,408,276,412,259,414,240,279,217,288,207,301,203,315,204,329,208,352,210,366,206,380,206,393,210,402,220,341,222,342,233,342,244,342,256,326,266,334,269,341,271,348,270,355,268,294,228,303,224,311,224,320,228,311,229,302,229,363,230,371,227,380,228,387,232,380,233,371,232,309,293,321,288,332,286,340,288,349,287,359,291,369,297,358,305,348,306,339,306,331,305,320,302,313,294,332,291,340,292,349,292,365,297,348,299,340,299,331,298
clip_20250722_132646.avi,60,1,267,235,268,254,270,272,273,290,278,308,288,323,303,334,320,343,339,347,358,346,376,339,390,327,400,312,406,294,409,276,412,257,414,239,282,212,291,203,304,201,318,202,332,205,356,207,369,204,383,204,396,208,404,218,344,219,344,230,344,240,344,252,328,264,335,266,342,268,350,267,357,266,297,224,305,221,313,221,322,225,313,226,305,226,365,227,374,224,382,225,390,229,382,230,373,229,312,293,323,287,333,284,341,286,349,285,358,289,367,297,357,301,347,303,339,302,331,301,322,299,316,293,333,291,341,292,348,292,362,297,347,294,340,294,332,293
clip_20250722_132646.avi,90,1,265,233,266,251,268,269,271,287,276,304,286,319,301,330,319,338,338,342,357,341,374,333,389,322,399,308,405,290,408,272,411,254,413,236,280,210,289,201,302,198,316,199,329,203,353,204,366,201,381,202,393,206,401,216,341,217,341,227,341,237,341,247,326,261,333,262,339,264,346,264,353,263,295,222,303,219,311,219,320,223,311,224,302,224,361,225,370,222,379,223,386,227,378,228,370,227,310,288,321,282,331,279,339,281,346,280,356,285,365,293,355,297,345,299,337,298,329,297,320,295,314,289,331,285,338,286,346,287,361,292,345,291,337,291,330,290
clip_20250722_132646.avi,120,1,262,234,263,251,265,268,267,286,273,303,282,317,297,327,314,335,333,338,352,337,371,330,385,320,395,305,401,288,404,271,406,253,408,236,275,211,284,201,297,197,310,197,323,201,345,202,359,199,373,199,386,204,394,215,334,215,334,224,334,234,334,244,320,258,326,260,334,262,341,261,348,260,290,221,297,218,306,218,314,221,305,222,297,222,355,223,364,220,372,221,379,225,372,226,363,225,303,286,315,280,325,277,333,280,341,278,351,282,362,289,350,293,340,294,332,294,324,293,314,291,307,286,325,284,333,285,341,285,358,289,340,287,332,287,324,286
clip_20250722_132646.avi,150,1,266,234,267,253,269,271,272,290,278,308,288,324,303,336,321,346,340,350,359,349,377,340,391,328,401,312,406,294,409,275,413,258,415,239,282,213,292,204,305,201,319,202,332,206,355,208,369,204,383,205,396,209,404,219,344,220,344,230,344,241,344,252,328,264,335,267,342,269,349,268,356,267,297,225,305,221,314,222,321,226,313,227,305,226,364,228,373,225,381,226,388,230,381,231,372,230,310,293,321,286,333,283,341,286,349,285,359,289,368,298,358,306,348,309,339,309,330,308,320,303,314,294,332,290,341,291,349,292,364,298,348,301,340,301,331,299
clip_20250722_132646.avi,180,1,265,231,265,249,266,267,269,286,274,304,284,320,299,332,317,341,338,346,358,345,375,337,389,325,398,309,403,291,406,273,410,256,412,238,281,210,291,201,304,198,318,199,332,203,354,205,368,202,381,203,394,208,401,218,343,218,343,227,343,237,343,247,328,261,334,264,341,265,348,265,355,263,297,223,305,220,314,220,322,224,314,225,305,225,361,227,370,225,378,226,385,230,378,232,369,230,310,291,322,284,332,281,340,283,347,282,356,287,364,296,354,302,345,303,337,303,330,302,320,299,315,291,332,288,339,288,346,289,359,295,346,295,338,295,331,293
clip_20250722_132646.avi,210,1,262,235,263,253,265,271,267,289,273,306,282,321,297,332,313,341,331,345,350,344,368,337,384,326,396,312,402,294,406,276,409,258,411,239,274,214,283,206,295,204,308,205,321,209,346,210,360,207,374,207,388,211,397,220,334,222,333,233,333,244,332,256,318,267,325,269,332,272,339,271,347,270,288,226,296,223,305,223,314,227,305,228,296,228,355,229,364,226,373,227,382,231,373,232,364,232,303,293,313,289,323,287,330,290,338,289,348,293,359,299,347,302,337,302,329,301,321,300,312,299,306,294,323,293,330,294,338,295,355,298,337,296,329,295,322,294
clip_20250722_132700.avi,30,1,267,235,268,254,271,273,273,291,278,310,288,326,304,338,322,347,342,350,362,349,380,340,394,328,403,312,408,294,411,277,415,259,417,241,282,213,292,204,306,200,321,202,335,207,356,208,370,205,385,206,398,210,405,221,345,220,345,231,345,240,345,251,330,265,336,267,343,269,351,268,358,267,298,227,307,224,316,224,325,228,316,230,306,230,364,230,373,228,382,230,390,233,382,235,373,234,313,293,324,286,334,283,342,286,349,285,360,290,369,299,359,306,348,308,340,308,333,306,323,302,317,294,334,290,342,291,349,292,364,298,349,300,341,299,333,298
clip_20250722_132700.avi,60,1,268,236,269,254,271,272,274,290,279,307,289,322,304,333,322,342,340,345,359,344,377,337,392,326,403,312,408,294,411,276,413,258,416,240,281,215,290,205,304,202,317,203,331,207,354,209,368,206,383,206,396,210,404,221,342,221,342,231,342,242,341,253,327,265,334,267,341,269,348,269,355,268,297,225,305,223,313,223,321,226,313,227,305,227,363,229,372,226,381,227,389,231,380,231,372,231,311,292,322,286,332,285,340,287,348,286,357,290,369,297,356,301,346,301,338,300,330,299,321,297,315,292,332,289,339,291,347,291,364,296,346,295,339,295,331,293
clip_20250722_132700.avi,90,1,253,239,253,257,256,274,260,292,265,310,274,326,287,338,304,347,322,351,342,349,360,341,376,329,387,313,394,295,397,276,400,258,402,239,261,217,269,207,282,204,295,205,309,208,333,210,347,206,362,206,375,209,386,219,321,221,321,232,321,243,321,255,307,267,313,269,320,271,328,270,335,269,275,228,283,225,292,225,300,228,292,229,283,230,344,229,353,227,361,228,370,230,361,232,353,231,291,296,302,289,312,286,320,288,329,287,339,291,351,298,339,307,328,310,319,310,311,309,301,305,295,296,312,291,320,292,329,292,345,298,328,302,319,302,311,301
clip_20250722_132700.avi,120,1,255,238,256,255,258,273,261,291,265,309,274,326,287,339,304,349,323,353,343,352,362,343,377,331,388,315,394,296,397,278,401,260,404,241,266,215,274,206,287,203,300,203,313,207,337,209,351,205,366,205,380,209,389,219,325,221,324,231,324,241,323,252,310,265,316,267,323,269,331,268,338,267,280,227,288,224,296,224,304,227,296,228,288,229,347,228,356,226,364,227,372,230,364,231,356,230,295,296,305,287,316,284,323,286,332,285,343,290,353,299,342,309,331,311,322,311,314,310,304,306,299,296,316,290,323,291,331,291,348,299,331,303,322,303,315,301
clip_20250722_132700.avi,150,1,257,236,258,253,260,270,262,288,267,305,276,320,290,331,306,341,325,344,344,343,363,335,379,324,390,310,396,292,399,274,402,256,404,238,268,213,276,203,289,200,302,200,315,203,337,205,351,202,366,202,380,206,389,216,326,217,326,227,325,237,325,248,311,261,318,263,325,265,332,264,340,263,283,225,291,222,299,222,307,224,299,226,291,226,348,225,356,224,365,225,372,228,364,229,356,228,298,291,307,283,317,280,324,282,332,281,342,285,353,293,341,299,331,301,323,301,315,300,306,297,302,291,317,286,324,287,332,287,348,293,331,293,323,293,316,292
clip_20250722_132700.avi,180,1,255,241,255,258,257,275,260,293,264,310,273,325,287,336,304,345,322,348,342,347,361,339,376,329,388,314,394,297,397,279,400,260,402,242,264,218,272,210,285,207,298,208,311,211,335,212,349,208,364,209,377,212,387,221,323,224,322,235,322,245,322,257,308,269,315,271,321,273,328,272,336,271,278,230,286,226,294,226,303,230,294,232,286,232,345,231,353,228,362,229,371,232,362,234,354,233,293,296,304,291,314,289,321,291,329,290,339,294,350,299,338,303,328,304,320,304,312,303,303,301,297,296,313,295,321,296,329,296,346,299,328,297,320,297,313,296
clip_20250722_132756.avi,30,1,258,239,258,258,261,278,264,297,270,316,279,333,293,346,311,357,329,361,349,359,367,350,383,337,394,321,401,302,405,283,409,264,411,244,270,223,280,213,294,211,308,213,322,217,345,218,360,215,375,215,389,218,398,227,333,230,333,241,333,252,332,264,317,276,324,278,332,280,339,279,347,278,285,233,294,229,303,230,312,235,303,236,293,236,356,236,365,232,374,233,382,237,374,239,365,238,302,304,312,299,323,296,331,299,339,297,349,301,360,307,348,315,337,318,329,318,321,317,311,312,306,305,323,302,330,304,338,304,355,307,338,309,330,309,322,308
clip_20250722_132756.avi,60,1,259,237,260,256,262,275,265,294,270,313,280,329,294,341,312,351,330,354,350,353,368,345,384,334,396,318,402,300,405,281,409,262,411,243,273,220,283,210,297,208,311,209,324,213,348,215,362,211,376,212,389,216,398,226,335,227,335,238,335,249,334,261,319,273,326,275,333,277,341,276,348,275,289,231,297,228,306,228,314,232,305,233,297,233,357,234,366,231,375,232,382,236,374,237,366,236,305,301,316,296,325,293,333,295,340,294,349,298,359,305,348,309,339,311,331,311,323,310,314,307,309,301,325,300,332,301,340,301,355,305,339,302,332,302,324,301
clip_20250722_132756.avi,90,1,259,237,260,256,262,276,265,295,270,314,280,331,295,343,313,353,333,357,353,355,371,346,386,334,397,318,403,299,406,280,410,261,412,241,272,221,282,211,297,209,311,211,325,215,348,217,362,214,377,214,391,217,401,226,336,228,336,240,336,252,336,264,320,275,327,278,335,280,342,279,349,277,288,232,297,229,306,229,314,234,305,235,296,235,358,236,367,232,376,233,384,237,376,239,367,238,305,303,317,299,327,298,334,300,342,299,351,302,361,308,350,312,340,313,333,313,325,312,316,309,309,304,326,304,334,305,342,305,357,307,341,306,333,306,326,304
clip_20250722_132756.avi,120,1,259,238,260,258,262,277,265,296,270,315,280,332,294,345,312,355,332,359,352,356,371,347,386,335,398,319,404,299,407,280,410,261,413,242,272,222,282,213,296,211,309,212,323,216,348,218,363,214,378,214,391,218,400,227,335,230,335,241,335,253,335,265,320,276,327,279,334,281,341,280,348,278,288,233,296,229,305,230,314,235,305,236,296,236,357,236,366,232,375,233,383,237,375,239,366,238,304,303,315,298,326,296,333,298,340,297,350,301,361,307,349,312,339,314,331,314,323,313,314,310,308,304,325,303,333,304,340,304,356,306,339,305,332,305,324,304
clip_20250722_132833.avi,30,1,262,240,263,258,265,276,268,293,273,310,282,324,297,334,314,341,333,344,352,343,369,337,384,327,394,312,399,295,402,278,405,261,407,243,275,221,285,212,298,208,312,209,325,214,346,215,360,211,374,211,386,215,395,224,335,227,335,237,336,247,336,258,321,270,327,272,334,274,341,273,348,272,290,234,298,231,307,231,316,234,307,236,298,236,354,235,363,233,371,234,379,237,371,239,362,239,304,294,316,290,326,288,333,290,341,289,350,293,361,299,349,302,339,302,332,302,324,301,315,300,308,295,326,293,333,295,341,295,356,298,340,295,332,295,325,294
clip_20250722_132833.avi,60,1,264,239,264,258,266,276,269,294,275,311,285,327,299,338,316,348,334,351,352,350,370,342,384,330,395,316,401,298,404,280,407,262,409,244,277,219,286,211,299,208,313,210,326,213,349,215,363,212,377,213,390,216,398,225,337,226,337,237,337,247,337,259,322,270,329,273,336,275,343,274,351,272,292,231,300,228,309,228,317,232,308,233,300,232,358,234,367,231,375,232,383,236,375,237,367,236,306,296,317,291,328,289,335,291,343,290,353,294,363,301,352,307,342,309,333,309,326,308,316,304,310,297,327,295,335,296,343,296,358,301,342,301,334,301,326,300
clip_20250722_132833.avi,90,1,260,239,260,257,262,275,264,293,270,310,279,325,294,337,311,346,329,349,348,347,366,340,382,328,393,314,398,296,401,278,404,261,406,243,272,220,281,211,294,208,307,209,320,213,342,215,356,212,370,212,383,216,392,225,331,226,330,237,330,247,330,258,316,270,322,272,329,274,336,273,343,272,286,231,294,228,302,228,310,232,302,233,293,233,352,234,360,231,369,232,377,235,369,236,360,236,300,296,311,291,321,288,329,290,337,289,347,293,358,300,346,305,336,306,328,306,320,305,310,303,304,297,321,295,329,296,337,296,353,299,336,299,328,299,320,297
clip_20250722_132833.avi,120,1,261,241,261,259,263,277,266,295,271,312,280,328,294,339,311,348,329,352,348,350,366,342,382,331,393,316,398,298,402,280,405,262,407,243,271,223,281,215,293,213,306,215,319,218,341,219,355,216,369,216,383,218,393,227,330,230,330,241,329,252,329,263,315,274,321,277,329,279,336,278,343,276,286,235,293,233,301,233,310,236,301,237,293,237,351,237,359,235,368,236,377,238,368,240,359,240,301,300,311,296,320,294,328,297,336,295,345,298,356,304,345,309,335,310,327,310,319,309,310,306,305,300,320,300,328,301,335,301,352,304,335,302,327,302,320,301
clip_20250722_132833.avi,150,1,263,240,264,258,267,276,270,294,275,311,286,325,300,336,318,343,336,346,354,345,372,338,386,327,396,313,401,296,404,278,407,260,410,242,277,220,286,210,300,207,314,208,327,213,350,214,363,211,378,211,390,215,399,224,338,225,338,235,339,245,339,256,324,269,330,271,337,273,344,272,351,271,293,229,301,226,310,226,318,230,309,231,301,231,358,232,367,229,376,230,383,234,375,235,367,234,308,295,320,290,329,288,336,290,344,289,352,293,363,299,351,302,342,303,334,303,327,302,319,300,312,295,329,293,336,294,343,295,359,298,342,296,335,296,328,295
clip_20250722_132833.avi,180,1,270,235,270,254,272,272,275,290,282,307,293,321,310,331,328,338,346,341,364,340,380,334,393,323,402,309,407,292,410,275,414,259,417,241,291,214,302,205,316,202,330,204,343,209,364,211,377,208,390,209,402,214,408,224,353,222,353,231,354,240,354,250,338,263,345,265,351,267,358,267,364,266,306,226,315,223,323,223,331,227,323,228,315,227,370,230,379,228,387,230,393,233,386,234,378,233,322,289,332,283,343,280,350,283,357,282,365,286,372,295,363,298,355,299,348,299,340,298,331,295,326,290,342,286,349,288,357,288,368,294,356,292,349,292,341,290
clip_20250722_132854.avi,30,1,268,237,268,254,270,272,272,290,277,307,286,322,301,334,318,343,336,346,354,345,372,337,386,327,397,313,403,296,407,279,411,262,413,244,280,217,290,209,303,207,316,209,329,213,352,214,365,211,379,212,392,216,400,224,340,226,339,236,339,246,338,256,324,269,331,271,337,273,344,272,351,271,294,229,303,226,311,226,319,231,311,232,302,232,360,233,369,230,378,231,385,235,377,236,369,235,309,295,320,290,330,288,337,290,344,289,354,293,365,299,353,304,343,305,335,305,328,304,319,302,313,296,330,295,337,295,344,295,360,299,343,298,336,298,329,297
clip_20250722_132854.avi,60,1,267,235,268,253,271,272,275,290,281,307,292,321,309,331,328,339,347,341,365,340,381,332,394,320,403,306,407,289,410,272,413,255,415,238,287,211,297,203,311,200,325,201,339,206,360,209,373,206,387,207,399,211,406,220,350,220,350,229,351,239,351,249,336,263,343,265,349,266,355,266,362,265,303,222,311,217,321,218,328,224,320,225,311,224,368,227,377,222,386,223,393,229,385,230,376,229,319,290,331,283,342,280,349,282,356,281,364,286,373,293,363,299,354,301,347,301,340,300,330,297,324,290,341,287,348,288,355,288,369,293,355,293,348,293,341,292
clip_20250722_132854.avi,90,1,266,236,267,255,269,273,272,292,278,310,288,325,303,337,321,346,340,350,359,348,376,340,389,328,399,312,404,294,407,277,410,259,412,241,282,217,292,209,306,206,320,208,333,213,355,214,369,211,383,212,395,216,403,226,344,225,344,236,344,246,344,257,328,270,335,272,342,274,349,273,356,272,297,230,306,228,314,228,323,231,314,232,305,232,364,233,373,232,381,233,388,237,380,238,372,236,312,296,323,290,333,288,340,290,348,289,357,293,366,300,356,306,347,307,339,307,332,306,322,303,317,297,333,295,340,296,347,296,361,300,347,299,340,299,332,297
clip_20250722_132854.avi,120,1,265,235,266,253,267,271,270,289,275,306,285,321,300,332,316,341,335,345,354,343,371,336,386,325,396,310,402,293,405,276,409,258,411,241,280,217,289,207,303,204,317,205,330,210,350,211,364,208,379,209,392,214,399,224,340,223,339,233,339,242,339,253,324,265,331,267,337,269,344,269,351,268,296,228,304,226,312,226,320,229,312,230,304,230,359,231,368,230,376,231,383,234,376,235,367,234,308,291,319,285,329,283,336,286,344,285,353,289,363,295,352,300,342,302,334,302,326,301,317,298,312,292,328,289,336,290,343,290,358,295,342,294,335,294,327,293
clip_20250722_132854.avi,150,1,264,235,264,253,266,270,269,288,275,305,285,319,299,330,316,338,334,341,353,340,370,333,384,322,394,308,399,291,402,273,406,257,408,239,278,211,287,203,300,199,313,200,326,204,347,205,361,202,374,204,387,208,395,217,336,217,336,226,336,235,336,245,322,259,328,261,334,262,341,262,348,261,292,223,300,220,308,220,316,223,308,224,300,224,356,225,364,223,372,224,379,228,372,229,364,228,306,288,316,280,326,277,334,280,341,278,351,283,360,292,350,297,340,298,332,298,324,297,315,294,311,288,326,283,333,284,341,285,356,291,340,291,333,291,325,290
clip_20250722_132854.avi,180,1,258,238,258,255,260,273,263,291,268,308,277,322,292,331,308,339,326,341,345,340,364,334,380,325,391,311,396,293,398,276,401,259,403,240,266,216,275,207,288,204,301,205,314,209,336,210,351,206,366,207,379,210,389,220,325,221,325,232,325,242,324,253,311,265,318,267,324,269,331,268,338,267,281,227,288,224,297,224,305,228,297,229,288,229,348,229,356,225,365,227,373,230,365,232,356,231,297,292,308,287,317,285,325,287,332,286,342,290,354,295,341,298,331,298,324,298,316,298,307,296,301,292,317,290,325,291,332,291,350,294,331,292,324,292,316,291
clip_20250722_132945.avi,30,1,263,239,265,259,268,278,271,297,277,316,289,332,305,343,323,352,343,355,362,354,378,345,392,332,401,317,406,299,409,281,413,263,415,244,280,221,291,212,305,209,320,211,334,215,355,217,369,213,383,214,396,218,405,228,345,228,345,239,345,250,345,261,329,274,337,276,344,278,351,277,358,276,297,232,305,228,315,228,323,234,314,235,305,234,364,236,373,231,382,232,390,237,382,239,373,238,313,301,325,295,336,292,343,295,350,293,359,298,368,305,358,311,349,313,341,313,334,311,324,308,317,302,335,299,342,300,350,300,363,305,349,305,342,304,335,303
clip_20250722_132945.avi,60,1,264,236,264,255,266,275,270,294,276,313,286,331,302,345,320,357,339,361,359,359,375,348,389,334,398,317,405,298,408,279,412,260,415,241,281,217,292,209,306,207,320,208,334,213,356,215,370,212,384,213,396,216,404,225,345,225,344,236,344,247,344,258,328,271,335,273,343,276,350,275,356,273,297,229,305,226,314,227,322,231,314,232,305,232,365,233,373,231,382,232,390,236,382,237,373,236,310,300,321,292,333,290,341,292,349,291,360,296,369,304,359,316,348,320,340,320,332,319,320,314,314,301,333,297,341,298,349,298,365,304,349,311,340,311,332,310
clip_20250722_132945.avi,90,1,267,236,268,255,270,274,273,293,278,312,289,329,305,341,323,350,343,355,362,353,379,345,393,332,402,316,408,298,411,280,415,262,418,244,286,218,297,209,312,207,326,209,340,214,360,216,374,213,389,214,401,218,408,228,350,227,350,237,350,248,349,259,332,272,340,274,347,276,355,276,362,274,302,231,311,229,320,229,328,232,319,234,310,233,368,235,378,234,386,235,393,238,385,240,377,238,316,299,328,294,339,291,346,293,353,292,362,297,371,304,361,310,352,313,344,313,336,312,327,308,321,300,338,298,346,299,353,299,367,304,352,303,345,304,337,302
clip_20250722_132945.avi,120,1,264,233,265,252,267,272,270,291,276,310,286,327,301,340,320,351,339,355,358,354,374,344,389,332,399,315,405,297,408,278,413,260,416,241,282,216,292,208,305,205,319,207,333,211,356,212,370,210,384,211,396,215,404,225,344,224,343,234,343,245,343,256,327,269,334,271,342,273,348,273,355,271,296,228,304,224,313,224,321,229,313,230,304,230,364,232,372,228,381,230,389,234,381,236,372,235,311,299,322,292,333,289,341,291,348,290,358,295,367,303,356,311,347,313,339,313,331,312,321,308,315,299,333,297,340,298,348,298,362,302,347,305,340,305,332,304
clip_20250722_132945.avi,150,1,260,237,261,257,263,276,266,294,271,312,282,328,297,341,315,350,335,354,354,352,371,344,385,331,395,315,401,297,404,279,407,260,409,242,276,218,286,209,299,207,314,208,327,212,350,213,363,210,378,211,390,215,398,224,338,225,338,235,338,246,338,257,322,270,330,272,337,274,344,273,351,272,291,230,300,226,309,226,317,231,309,232,300,232,358,233,367,229,375,230,383,235,375,236,367,235,307,299,318,292,329,289,336,291,344,290,354,294,363,302,353,310,343,313,335,313,327,312,317,308,311,299,328,296,336,297,344,297,359,302,343,304,335,304,328,303
clip_20250722_132945.avi,180,1,262,239,263,258,266,277,270,295,276,313,287,329,302,341,320,350,339,353,358,351,374,342,388,329,397,313,402,296,406,278,409,261,412,242,278,218,288,210,302,206,316,207,330,211,353,213,367,210,381,211,393,215,401,225,342,224,342,235,342,245,342,257,326,270,333,272,340,274,347,273,354,271,295,229,303,225,311,226,320,230,311,231,302,231,361,232,370,229,379,230,386,235,378,236,370,235,310,298,321,291,332,288,340,290,347,289,357,293,366,300,356,307,346,309,338,310,331,309,321,305,314,298,332,294,339,295,347,295,361,300,347,302,339,302,331,301
clip_20250722_132945.avi,210,1,264,237,265,256,268,275,270,293,276,311,286,327,302,339,320,347,339,351,358,350,376,342,390,330,400,314,405,296,408,277,411,259,414,240,278,219,288,211,302,209,316,210,330,214,352,216,366,213,380,213,393,217,402,225,341,226,341,237,341,248,341,260,326,272,333,274,340,276,347,275,354,274,294,230,302,227,311,227,320,232,311,233,302,233,362,234,371,231,380,232,387,236,380,237,371,237,310,300,322,295,332,292,340,295,347,293,356,297,366,303,355,307,346,308,338,308,330,307,321,305,313,300,332,299,339,300,347,300,362,303,346,301,338,301,331,300
clip_20250722_133002.avi,30,1,269,236,270,256,273,275,275,293,280,311,291,327,308,338,326,347,346,351,366,350,383,341,396,329,405,313,410,295,412,277,416,260,419,242,286,219,296,210,310,207,324,208,339,212,361,215,375,212,389,213,402,217,410,227,350,226,350,236,350,247,350,258,334,271,341,273,348,275,355,274,362,273,301,229,310,226,319,226,328,231,318,232,309,232,369,234,378,230,387,231,395,236,387,238,378,237,317,297,329,292,340,290,347,293,355,291,364,295,374,301,363,307,353,309,346,308,338,307,328,304,321,298,339,297,347,298,354,299,369,301,354,300,346,300,339,298
clip_20250722_133002.avi,60,1,269,236,270,255,272,274,275,293,281,311,292,328,307,340,326,350,346,353,365,351,382,342,395,329,404,314,409,296,412,279,416,261,418,243,288,218,298,209,311,206,325,207,339,212,361,213,374,211,388,212,400,216,408,226,350,225,350,235,350,245,350,257,333,269,340,271,348,274,355,272,362,271,303,230,312,227,320,227,328,231,320,232,311,231,369,233,377,231,385,233,392,237,384,237,377,236,315,296,328,289,340,287,348,290,355,289,366,293,376,299,365,308,354,311,346,311,337,310,326,306,320,297,339,294,347,295,355,295,371,300,354,303,346,303,338,302
clip_20250722_133002.avi,90,1,273,234,274,254,277,273,280,293,285,311,296,327,313,339,332,347,352,351,371,350,387,342,400,329,409,314,414,296,417,279,421,261,424,243,293,217,304,208,319,205,334,207,348,211,370,214,384,211,398,213,410,217,417,227,359,224,359,235,359,246,359,257,341,270,349,272,356,274,363,274,370,273,309,227,318,223,327,224,336,230,327,230,317,230,377,233,386,229,395,231,402,236,395,237,386,236,325,297,337,292,348,289,355,292,362,291,370,295,379,303,369,306,360,307,353,307,345,306,336,303,329,298,347,296,354,297,361,297,375,302,361,299,353,299,346,298
clip_20250722_133002.avi,120,1,271,234,271,254,273,273,276,292,282,311,293,327,309,338,328,347,348,351,367,350,384,341,397,329,406,314,411,297,415,279,419,262,421,244,291,217,302,208,317,206,331,208,345,212,367,214,381,212,395,213,407,217,414,227,356,225,356,236,356,246,356,258,339,270,346,273,353,275,361,274,367,273,307,228,316,226,325,226,333,230,324,231,315,231,374,234,384,231,392,233,399,237,391,237,383,236,322,298,334,292,345,289,352,292,360,291,368,296,377,304,366,308,357,310,349,310,342,309,332,306,326,299,344,297,351,298,359,298,372,303,358,302,350,301,343,300
clip_20250722_133002.avi,150,1,268,232,268,250,270,270,272,289,278,307,289,324,306,336,325,345,345,350,365,348,381,339,394,326,402,309,407,291,409,274,413,257,415,239,287,214,298,206,311,204,325,205,339,209,360,211,374,209,388,210,399,215,406,224,350,222,350,232,350,243,350,254,333,266,340,269,348,271,355,270,361,268,303,228,312,226,321,226,328,228,320,230,311,230,367,231,376,231,384,233,390,236,383,237,375,235,316,294,328,288,339,285,346,287,354,287,363,292,371,300,361,306,352,308,344,307,336,306,327,302,321,295,338,292,346,293,354,294,366,299,353,298,345,298,337,297
clip_20250722_133002.avi,180,1,267,236,267,254,269,272,272,291,277,310,288,327,303,341,321,351,341,356,360,354,377,343,391,329,400,313,406,294,409,276,412,259,415,241,284,216,293,207,307,204,321,205,334,209,357,210,371,208,384,209,396,213,404,223,346,222,346,232,346,242,346,253,330,267,337,269,344,271,351,270,357,268,300,228,308,225,316,225,324,228,316,229,307,229,365,230,373,228,381,230,388,233,381,234,373,233,312,297,324,289,335,286,343,288,350,287,360,292,369,300,359,310,349,313,341,313,334,313,323,309,316,298,335,293,342,294,350,294,365,300,349,304,342,304,334,304
clip_20250722_133002.avi,210,1,266,239,267,257,269,275,271,294,275,311,285,327,300,339,319,347,338,351,357,351,375,344,390,333,400,318,406,300,409,282,413,265,416,246,281,222,292,214,306,212,320,214,334,218,357,221,371,218,385,218,398,221,407,231,345,231,345,242,344,254,344,266,328,277,335,279,342,282,350,281,357,279,297,233,306,229,315,230,324,236,314,237,305,236,365,238,374,234,384,235,392,240,383,242,374,241,310,300,323,297,333,296,341,298,349,297,358,301,369,306,357,309,347,310,339,310,331,309,321,306,314,301,333,301,341,303,349,303,365,305,348,303,340,303,332,301
clip_20250722_133018.avi,30,1,270,239,271,259,273,278,277,298,282,316,293,332,310,343,329,352,349,355,368,354,385,346,398,333,407,317,412,299,415,282,419,265,422,247,290,222,301,214,316,211,331,214,345,219,368,221,381,218,395,218,407,222,415,232,356,232,356,242,356,253,356,264,339,277,346,279,353,281,360,280,367,279,306,233,315,229,324,230,332,236,324,236,314,236,374,239,383,235,392,236,399,241,392,242,383,241,322,303,334,298,345,295,352,298,359,297,368,301,377,307,367,312,358,315,350,314,343,313,333,310,326,303,345,303,352,304,359,304,372,307,358,306,351,306,344,305
clip_20250722_133018.avi,60,1,267,237,267,256,269,275,272,294,278,312,289,329,305,341,324,351,343,355,362,353,379,344,393,331,402,314,407,297,410,279,414,262,416,244,285,219,295,210,310,207,324,208,339,213,361,215,375,212,389,213,401,217,408,227,350,226,350,237,350,247,350,258,333,271,340,273,347,275,354,274,361,273,301,230,310,227,319,227,327,232,318,233,309,232,368,234,377,231,386,232,393,237,385,238,377,237,315,299,327,292,338,290,346,292,354,291,364,295,372,303,363,312,353,316,344,316,336,315,325,310,320,300,338,297,346,298,354,298,368,303,353,306,345,306,337,305
clip_20250722_133018.avi,90,1,267,236,268,255,270,274,273,293,278,312,288,329,304,342,322,353,342,357,361,355,378,345,392,332,402,316,407,298,410,279,414,261,417,243,284,220,295,211,309,208,324,210,338,215,360,217,374,214,388,214,401,218,408,228,349,228,348,239,348,249,348,261,331,273,339,276,346,278,353,277,360,275,300,231,309,228,318,229,326,233,317,234,308,234,368,235,377,233,385,234,393,238,385,239,376,238,314,302,326,296,337,293,345,295,352,294,362,298,372,306,361,313,351,316,343,316,335,315,324,311,318,302,337,300,344,301,352,301,367,306,351,307,344,307,336,306
clip_20250722_133018.avi,120,1,267,238,268,256,269,275,272,293,277,312,288,328,303,340,321,349,341,353,360,352,377,344,391,331,401,315,406,297,409,279,412,262,414,244,284,220,294,211,308,208,322,210,336,214,358,215,372,212,386,213,398,218,405,228,347,226,346,237,346,248,346,259,330,271,337,274,344,276,352,275,359,273,300,231,309,229,317,229,325,232,316,233,308,233,365,235,374,234,382,235,389,238,382,239,373,237,313,298,325,293,335,290,343,292,351,291,360,296,369,302,359,308,349,310,341,310,333,309,323,305,317,299,335,297,343,298,351,298,365,302,350,301,342,301,334,300
clip_20250722_133018.avi,150,1,265,239,266,258,269,277,272,296,277,315,287,332,303,345,322,355,342,359,361,357,378,348,392,334,401,317,406,298,409,280,413,262,415,244,282,222,293,213,307,211,322,213,336,217,358,219,372,216,386,216,399,220,407,230,347,229,347,241,347,252,347,264,331,276,338,278,345,280,353,279,360,277,298,233,307,229,316,230,325,235,315,236,306,235,367,237,376,233,385,234,392,239,384,240,375,239,313,303,325,297,337,294,345,297,353,296,362,300,371,306,361,316,351,319,343,320,334,318,324,314,318,304,336,301,345,302,352,302,367,307,352,310,344,310,335,309
clip_20250722_133018.avi,180,1,266,236,266,255,268,273,271,292,277,310,288,326,304,337,323,346,343,349,363,348,379,339,392,327,401,312,406,294,408,277,411,260,413,243,284,219,294,210,309,206,323,207,337,212,360,213,374,210,387,212,399,216,405,227,348,225,348,235,348,246,348,257,331,269,338,271,346,274,354,273,361,271,300,230,309,227,318,227,326,231,317,232,309,232,366,233,375,232,383,233,391,237,383,237,374,236,313,294,326,288,337,286,345,289,353,288,363,292,374,297,362,304,351,306,343,306,335,304,325,301,318,294,337,293,345,294,353,295,369,298,352,298,344,298,336,296
clip_20250722_133018.avi,210,1,264,239,265,259,267,279,270,298,276,317,286,334,302,346,320,356,340,360,359,358,377,350,391,337,401,320,406,301,409,282,412,262,414,243,280,228,291,219,305,218,319,221,333,225,356,227,370,223,384,223,397,225,405,234,344,236,344,248,344,261,344,274,327,283,335,286,343,288,351,287,358,285,296,238,305,235,314,235,322,240,313,240,304,240,364,242,374,239,382,239,390,243,382,245,373,244,311,308,323,304,334,303,341,305,349,304,358,308,368,312,357,317,348,319,340,319,332,318,322,314,315,308,333,308,341,309,349,309,364,312,348,310,340,310,332,309
clip_20250722_133102.avi,30,1,263,239,264,258,266,278,269,296,274,315,285,331,300,342,319,352,338,355,357,354,374,346,388,335,399,320,404,302,407,284,411,266,413,247,278,225,288,217,303,215,317,217,331,222,353,224,367,221,382,221,395,224,404,234,342,234,342,245,342,257,342,269,325,280,333,282,340,284,348,283,355,282,294,235,303,232,312,232,320,238,311,239,302,238,362,241,371,236,380,238,388,242,380,244,371,243,308,303,321,300,332,299,339,301,348,300,357,303,368,307,356,311,346,313,338,313,330,311,320,308,312,304,331,304,339,305,347,305,364,307,347,306,338,306,330,304
clip_20250722_133102.avi,60,1,262,239,263,258,265,277,268,296,274,314,284,331,299,344,317,354,336,358,355,355,371,346,386,333,396,318,402,299,405,281,408,263,410,245,278,222,288,213,302,211,315,212,329,216,353,218,367,215,381,216,393,220,400,229,341,230,341,241,341,251,341,263,324,275,332,277,339,279,346,278,354,277,294,234,303,231,311,231,320,235,311,236,302,236,360,237,370,235,378,236,385,240,377,241,369,240,308,302,320,296,331,294,338,296,346,295,356,299,366,305,355,313,345,317,337,317,329,316,319,312,312,303,331,300,338,301,346,301,361,305,345,308,337,308,330,307
clip_20250722_133102.avi,90,1,261,239,262,258,265,277,268,296,275,315,285,331,301,343,319,353,339,356,357,354,373,344,386,332,396,316,401,297,404,279,407,262,409,244,279,222,290,213,304,210,318,211,331,216,352,217,365,214,379,215,391,219,398,228,342,228,342,239,342,249,342,260,326,273,333,275,341,277,348,276,355,275,296,234,304,231,313,231,320,234,312,236,304,236,360,236,369,234,376,236,383,239,376,240,368,239,310,301,322,295,333,292,340,294,348,293,357,297,366,303,356,311,347,314,339,314,331,313,320,310,314,302,332,299,340,300,348,300,361,303,347,305,339,305,331,304
clip_20250722_133102.avi,120,1,262,239,263,258,265,277,268,295,274,313,284,328,300,339,318,347,337,351,356,350,372,342,386,330,395,315,400,298,403,280,406,263,409,245,278,220,288,211,303,209,317,211,331,215,353,216,367,214,381,215,394,218,401,228,343,227,343,238,343,249,343,260,326,272,333,274,341,277,348,276,355,275,293,231,302,228,311,228,320,232,311,233,302,233,361,235,371,232,379,233,386,238,379,239,370,238,310,299,322,294,332,292,339,295,347,294,355,298,364,304,354,308,345,309,337,309,330,308,320,305,314,299,332,298,339,299,347,299,359,304,345,301,338,301,331,300
clip_20250722_133102.avi,150,1,261,239,262,258,265,277,268,295,274,313,285,328,301,339,320,348,339,351,357,349,374,340,387,329,396,314,401,296,404,279,407,261,409,244,277,220,287,211,301,209,316,211,329,215,352,216,366,213,380,214,392,218,400,227,341,227,341,238,341,248,341,260,325,272,332,274,339,276,347,275,353,274,293,231,301,228,310,228,318,232,310,234,301,233,360,235,369,232,377,233,384,237,377,239,368,238,309,299,321,293,331,291,339,293,347,292,356,296,365,302,355,309,346,310,338,310,330,309,320,306,313,300,331,298,339,299,346,299,361,302,346,302,338,302,331,300
clip_20250722_133102.avi,180,1,261,237,262,256,264,274,268,293,274,310,285,325,300,337,318,345,338,349,357,348,374,339,387,328,396,312,401,295,404,277,407,259,409,242,279,219,289,211,303,208,317,210,331,213,352,215,366,212,379,213,392,217,399,226,341,226,342,237,342,247,342,258,326,271,333,273,340,275,347,274,354,273,296,233,304,231,313,230,321,233,313,235,304,235,359,235,367,234,376,235,383,238,375,240,367,239,310,297,322,292,332,289,340,292,347,291,355,294,364,301,354,305,345,307,338,307,330,306,321,303,314,297,332,296,339,297,346,297,360,300,346,298,338,298,331,297
clip_20250722_133102.avi,210,1,265,239,266,257,268,276,271,295,277,313,287,328,303,339,322,347,341,350,360,350,377,342,390,331,399,315,403,298,406,280,410,262,412,244,282,220,293,211,307,208,321,210,335,215,357,217,370,213,384,214,397,218,404,227,346,227,346,237,346,248,347,259,330,272,337,274,344,276,352,275,359,274,298,230,306,227,315,227,324,233,315,233,306,233,365,235,374,231,382,232,390,237,382,238,373,237,313,298,325,294,336,292,343,294,350,293,359,297,369,303,358,306,349,308,342,308,334,307,324,304,317,298,335,297,343,299,350,299,365,302,349,300,342,300,335,299
clip_20250722_133102.avi,240,1,265,236,266,255,268,273,271,292,277,310,289,325,304,336,323,345,341,348,359,347,376,339,390,327,400,311,404,293,407,276,410,258,412,240,281,219,291,210,304,208,318,210,332,214,353,215,367,213,381,214,394,217,402,226,343,226,343,237,343,247,343,259,327,271,334,273,342,275,349,274,356,273,296,231,304,228,313,228,322,231,313,233,304,233,362,234,371,232,379,233,387,236,379,237,370,237,311,297,323,293,333,291,341,293,348,292,357,295,367,301,356,305,347,306,339,306,332,306,322,303,315,298,333,297,340,298,348,298,363,300,347,299,340,299,332,298
clip_20250722_133116.avi,30,1,264,242,266,262,269,282,272,302,277,322,287,340,303,353,322,364,342,369,361,367,378,356,392,342,401,325,406,306,409,287,413,268,416,249,283,229,294,222,309,221,322,223,336,228,361,229,374,226,388,226,400,229,408,238,349,240,349,252,349,263,349,276,333,287,340,289,347,292,354,291,361,289,299,241,307,236,317,237,325,244,316,245,307,245,368,246,377,241,386,241,394,247,386,250,377,249,316,314,328,308,339,305,346,308,354,307,362,311,370,317,360,324,352,328,344,328,336,327,326,323,320,315,338,314,346,314,353,314,365,317,352,318,345,318,337,317
clip_20250722_133116.avi,60,1,268,242,269,261,271,280,274,300,279,319,290,336,306,349,324,359,344,363,363,361,379,350,393,337,403,321,408,302,411,283,415,265,417,247,286,228,297,220,311,218,325,220,340,224,361,226,375,223,389,223,401,227,409,236,350,237,350,248,350,259,350,272,333,282,340,285,348,287,355,286,362,284,303,240,311,238,320,239,329,242,320,244,311,243,368,245,377,243,386,244,393,246,385,249,377,248,316,307,328,303,339,300,347,303,354,301,363,305,373,310,362,317,353,320,345,320,337,319,327,315,320,308,339,307,346,308,354,308,368,310,353,311,345,311,338,310
clip_20250722_133116.avi,90,1,265,241,267,260,269,279,272,298,277,317,288,333,304,345,323,354,343,358,362,357,379,348,392,336,402,320,406,302,409,284,413,266,415,247,283,225,294,217,309,215,323,216,338,221,361,223,374,219,388,220,400,224,408,233,349,233,349,244,349,255,349,267,333,279,340,282,347,284,354,283,361,281,299,236,308,233,317,233,326,238,317,239,307,239,368,241,377,237,386,238,393,242,385,244,376,243,315,305,328,301,339,299,346,302,354,300,363,304,372,309,361,313,352,315,345,315,337,314,327,311,319,306,338,305,346,307,354,307,368,309,353,307,345,307,337,306
clip_20250722_133116.avi,120,1,268,240,269,259,271,278,275,297,281,315,292,331,308,343,326,353,346,357,364,355,381,345,394,333,403,317,408,299,411,282,415,264,417,247,288,221,299,212,313,209,327,211,341,215,364,217,377,215,391,216,402,219,410,229,352,228,352,239,352,249,353,260,336,273,343,275,350,277,357,276,364,275,304,232,312,228,321,229,329,234,321,234,312,234,371,236,380,233,388,234,395,239,388,240,379,239,319,301,330,294,342,291,350,294,357,293,366,297,374,305,365,313,355,317,347,317,340,315,329,311,323,302,342,299,349,301,357,301,369,305,356,307,348,307,341,306
clip_20250722_133116.avi,150,1,265,240,266,260,268,279,272,298,277,316,287,332,303,343,322,352,341,356,359,354,376,346,390,335,399,319,404,302,408,284,411,266,414,247,283,223,294,215,308,212,322,213,336,218,360,220,373,218,387,219,398,222,406,232,348,232,348,242,348,253,348,265,331,277,338,279,346,281,353,280,360,279,299,234,308,231,317,231,325,236,316,237,307,237,367,239,376,236,384,237,391,241,384,242,375,241,314,303,326,299,337,297,345,299,352,298,360,302,368,308,359,312,350,314,343,314,335,313,325,310,318,304,337,303,344,304,352,304,364,307,351,306,344,306,336,304
clip_20250722_133116.avi,180,1,266,240,267,259,270,278,273,297,278,316,289,332,305,345,324,354,344,357,363,356,379,347,392,334,401,318,405,300,408,282,412,264,414,246,284,222,295,213,309,211,323,212,337,216,361,218,374,216,387,217,399,220,407,230,349,230,349,240,349,251,350,262,333,275,340,277,347,279,354,278,361,277,300,233,309,229,318,230,327,235,317,236,308,235,367,237,377,234,385,235,392,240,385,241,376,240,315,303,327,296,339,293,346,295,354,294,363,299,371,307,362,314,352,317,344,317,336,316,326,312,320,303,338,300,346,301,353,302,367,306,353,308,345,307,337,306
clip_20250722_133116.avi,210,1,268,235,269,253,271,272,273,290,278,308,289,323,304,335,322,344,340,348,359,347,376,340,390,328,401,313,406,295,409,278,413,260,415,242,286,217,297,208,311,206,324,208,338,212,360,215,373,212,387,213,399,217,406,226,349,225,349,236,349,246,349,258,332,269,339,271,346,274,354,273,361,271,301,228,310,225,318,226,327,230,318,230,309,230,367,233,376,231,385,232,392,235,384,236,376,235,313,294,325,288,337,286,345,288,353,288,362,292,371,301,360,305,350,307,342,307,334,306,324,302,318,295,336,292,344,294,352,294,367,300,351,300,343,300,335,298
clip_20250722_133131.avi,30,1,277,240,279,260,281,279,284,298,289,316,301,331,318,341,338,349,358,352,377,352,393,346,406,335,414,320,419,303,422,286,425,268,428,250,297,220,308,211,323,208,338,210,352,216,376,219,390,216,404,217,416,221,423,232,365,230,365,241,365,251,366,263,347,276,355,278,362,280,370,280,377,278,314,232,323,228,332,229,341,235,331,236,322,235,383,239,392,235,401,237,408,242,400,243,391,242,328,300,342,297,354,295,361,298,369,297,378,301,389,306,377,310,367,310,359,309,351,308,341,306,332,301,353,301,361,303,368,303,385,306,368,303,360,303,352,301
clip_20250722_133131.avi,60,1,270,238,271,257,272,277,275,296,281,315,292,331,309,343,327,352,346,356,365,355,382,346,396,334,406,318,412,300,416,282,419,264,422,246,288,221,299,212,314,209,328,211,342,216,364,218,378,215,393,216,405,220,413,230,353,229,353,240,353,251,353,262,335,274,343,277,350,279,358,278,365,277,304,233,313,230,322,230,330,235,321,235,312,235,373,238,382,235,390,236,398,240,390,241,381,240,318,302,330,297,341,294,349,297,357,296,366,300,376,307,365,313,355,315,347,315,339,313,328,310,322,303,341,302,349,303,356,303,371,307,356,305,348,305,340,304
clip_20250722_133131.avi,90,1,265,239,266,258,268,277,272,296,278,315,289,331,305,342,323,351,343,355,363,354,379,345,392,333,401,317,406,299,409,281,413,264,415,246,285,220,296,211,310,207,325,209,339,213,360,215,374,212,388,213,400,218,407,228,350,227,350,237,350,247,350,258,333,272,340,274,348,276,355,275,361,273,302,232,310,229,319,229,327,233,319,235,310,235,367,235,376,233,384,235,391,239,384,240,375,239,317,302,328,295,339,291,346,294,354,292,363,297,371,306,361,312,352,314,345,314,337,313,327,309,322,302,338,299,346,300,353,300,366,305,353,305,345,304,338,303
clip_20250722_133131.avi,120,1,266,235,266,254,268,273,271,292,278,310,289,325,305,336,324,344,343,348,362,346,378,338,391,327,400,311,406,294,409,277,412,260,414,243,285,215,296,206,310,203,324,205,338,210,358,211,371,208,385,210,397,215,404,225,348,223,348,233,348,242,348,253,331,267,338,269,345,271,352,270,359,269,301,228,310,226,319,226,327,229,318,231,309,230,364,232,374,231,382,232,389,236,381,237,373,236,315,294,327,288,337,285,344,287,351,286,360,291,369,299,359,303,350,304,342,304,335,303,326,301,320,294,337,292,344,293,351,293,364,298,350,296,343,296,336,295
clip_20250722_133131.avi,150,1,267,238,268,257,269,276,272,295,279,314,290,330,306,342,324,351,344,354,363,353,379,344,392,331,400,316,405,298,408,280,411,263,413,246,289,221,299,212,313,209,327,210,340,215,359,217,372,214,386,215,397,219,404,229,350,228,350,238,350,248,350,259,333,272,340,274,347,277,354,276,361,274,305,233,313,230,321,231,329,234,321,235,312,235,366,237,374,235,383,237,389,240,382,241,374,240,315,300,327,294,338,291,346,294,353,293,363,297,372,303,361,310,352,312,344,312,337,311,326,307,319,300,338,298,346,299,353,299,367,303,353,304,345,304,337,303
clip_20250722_133131.avi,180,1,267,238,268,256,270,274,272,291,278,308,289,322,305,331,323,338,342,342,361,342,377,336,391,326,400,312,405,296,408,279,412,262,414,245,286,216,297,207,311,204,325,205,339,209,360,212,373,209,387,211,399,216,405,227,349,223,349,233,349,243,349,253,333,267,340,268,347,270,354,270,361,269,303,227,311,224,319,224,328,229,319,229,310,229,367,232,376,229,384,230,390,235,383,236,375,234,316,290,328,286,339,284,346,287,353,286,362,290,372,297,361,299,351,299,344,298,337,297,327,295,319,291,338,290,346,292,353,292,368,296,352,292,345,292,338,290
clip_20250722_133241.avi,30,1,277,218,278,235,281,252,285,268,291,284,301,298,315,308,330,316,347,320,364,318,379,311,391,299,399,285,404,269,408,253,411,237,413,221,293,201,303,193,316,190,329,192,342,196,359,198,372,195,385,195,396,197,404,205,350,208,350,217,351,227,351,237,336,248,343,250,349,252,356,251,362,250,307,211,315,207,323,207,331,212,323,213,314,213,367,214,375,210,383,211,390,215,383,217,375,216,323,273,333,267,342,265,349,267,355,266,364,270,371,276,362,282,354,284,347,284,340,283,332,280,327,273,342,271,348,272,355,272,367,276,354,276,348,276,341,275
clip_20250722_133241.avi,60,1,266,211,267,232,269,251,273,270,279,289,290,305,307,317,326,326,345,330,365,329,382,321,396,309,406,293,412,275,416,257,420,238,422,219,284,194,296,184,312,181,329,184,344,189,364,190,379,187,394,188,407,192,415,203,354,201,354,213,354,224,354,236,335,249,343,251,351,253,359,252,367,251,302,204,311,200,321,201,331,207,321,208,311,207,373,209,383,205,392,207,400,212,392,214,382,212,319,275,331,271,343,269,350,272,357,271,366,276,375,281,364,286,355,288,347,288,340,286,330,282,324,276,342,276,349,277,356,277,370,281,355,278,348,278,341,277
clip_20250722_133241.avi,90,1,261,212,261,231,264,252,267,271,274,290,285,308,301,321,320,331,340,336,360,334,378,324,392,311,402,294,408,275,412,255,416,236,419,216,279,195,291,187,306,185,320,188,335,192,357,193,372,190,386,190,399,194,407,203,346,204,346,216,345,227,345,239,327,251,335,254,343,256,351,255,358,254,295,207,304,204,314,204,322,209,313,210,303,210,366,212,375,208,385,209,393,213,384,215,375,214,312,279,323,272,334,270,341,272,349,272,359,277,369,284,357,290,347,293,339,293,331,292,321,287,316,280,333,278,341,279,349,280,363,284,348,283,339,283,332,281
clip_20250722_133241.avi,120,1,267,213,267,233,270,253,274,273,279,291,291,308,307,321,325,331,345,336,364,334,381,324,395,311,406,295,411,276,416,258,420,240,422,221,286,195,297,186,313,183,327,185,342,190,363,192,378,190,392,191,405,194,413,204,353,204,353,215,353,226,353,237,335,250,342,252,350,254,357,254,364,252,302,207,311,203,320,203,329,209,320,210,310,210,372,211,381,208,391,209,398,214,390,215,381,214,318,280,329,272,341,269,349,271,356,270,366,276,374,284,364,292,354,296,346,296,338,295,328,289,323,280,340,277,348,278,356,278,369,284,355,285,347,285,339,283
clip_20250722_133302.avi,30,1,268,239,268,258,271,276,273,295,279,312,289,328,304,339,322,348,341,352,360,351,378,344,392,332,401,316,407,298,411,281,415,263,417,245,284,221,294,212,308,210,322,211,336,216,357,218,371,215,386,215,399,218,407,228,346,228,346,238,346,249,346,260,330,273,337,275,345,277,352,277,359,275,298,231,307,227,316,228,325,233,315,234,306,234,366,235,375,231,385,232,392,237,384,239,375,238,313,299,325,295,336,292,343,295,351,294,360,298,370,304,359,310,349,312,342,312,334,310,324,306,317,300,335,299,343,301,350,301,365,304,350,303,342,303,335,302
clip_20250722_133302.avi,60,1,262,238,263,257,265,275,268,294,273,312,283,329,298,341,316,352,335,355,354,353,372,344,386,331,396,315,402,296,405,278,408,261,410,242,276,223,286,214,299,212,313,214,327,218,348,219,362,216,376,216,389,219,398,228,337,229,337,240,337,251,336,263,321,274,328,277,335,279,343,278,350,276,291,234,299,232,308,232,316,236,308,237,299,237,357,238,366,235,374,236,382,239,374,241,366,240,305,301,316,295,327,293,334,295,342,294,352,298,363,303,351,311,341,314,333,315,325,313,315,309,310,302,327,300,334,301,342,301,358,304,341,305,333,305,326,304
clip_20250722_133302.avi,90,1,259,239,260,258,262,276,265,294,270,312,279,329,293,341,310,350,329,354,348,353,367,345,382,333,392,317,398,299,402,281,405,263,408,244,272,223,281,214,295,212,308,214,322,218,343,220,357,217,372,217,386,220,395,230,332,230,332,241,332,252,331,264,316,276,323,278,330,280,338,279,345,277,286,235,294,232,303,233,312,236,303,238,294,238,353,238,362,236,371,237,379,240,370,242,361,241,301,303,312,298,323,295,330,298,338,296,347,300,357,306,346,310,337,313,329,313,321,312,311,309,305,303,322,303,330,304,338,304,353,306,337,304,329,304,321,303
clip_20250722_133302.avi,120,1,269,238,270,257,272,276,275,295,280,313,290,329,305,341,323,350,342,354,362,353,379,345,393,333,403,318,409,300,413,283,417,265,420,246,287,222,298,214,312,212,326,214,340,218,360,221,374,218,388,219,401,222,409,232,350,231,349,242,349,253,348,264,332,276,339,279,346,281,354,280,361,279,302,234,311,232,319,232,328,236,319,237,310,237,368,239,377,237,386,238,393,242,385,243,377,242,315,302,327,297,337,295,345,297,352,296,361,300,371,306,360,310,351,312,343,312,335,311,326,308,319,302,337,302,344,303,352,303,366,306,351,304,344,304,336,303
clip_20250722_133302.avi,150,1,264,237,265,256,268,275,271,294,277,313,287,329,303,342,321,353,340,357,359,354,375,344,389,331,399,315,404,296,407,278,411,261,414,243,281,219,292,211,306,209,320,210,334,214,356,216,370,214,384,215,397,218,404,227,345,227,345,238,345,248,345,260,328,272,336,274,343,276,350,276,357,274,297,230,305,227,314,227,322,232,314,233,305,233,365,235,373,231,382,232,389,237,382,239,373,238,312,301,323,293,334,291,342,293,349,292,359,297,368,304,358,312,348,316,340,316,332,315,322,310,316,301,334,298,341,299,349,300,363,304,348,307,341,307,333,305
clip_20250722_133302.avi,180,1,267,237,268,256,270,275,272,293,278,311,288,327,304,338,323,347,342,350,362,350,378,342,392,330,400,314,405,296,408,279,412,261,414,244,285,218,295,209,310,206,325,208,339,213,359,215,373,212,387,213,399,217,406,227,348,225,348,236,348,246,348,258,331,271,339,273,346,275,353,274,360,273,300,229,309,225,318,226,326,231,317,231,308,231,367,234,376,230,385,231,392,236,384,237,376,236,315,296,327,291,338,289,346,291,353,290,362,294,371,301,361,306,351,307,344,307,336,306,325,303,319,297,337,296,345,297,352,297,367,301,352,299,344,299,336,298
clip_20250722_133302.avi,210,1,271,233,271,252,272,271,275,290,281,308,293,323,309,335,328,344,347,348,367,347,383,339,397,326,406,311,411,293,414,276,418,259,420,241,290,215,301,206,316,204,330,206,344,211,366,213,380,211,394,212,406,217,412,227,355,224,354,234,354,244,354,254,338,267,345,270,352,272,358,271,365,270,306,226,315,223,324,223,332,228,323,229,314,229,372,232,382,229,391,231,398,235,390,236,381,235,321,293,333,288,344,285,351,288,358,287,367,292,376,299,366,304,356,306,348,306,341,304,331,300,325,294,343,292,350,294,358,294,371,299,357,297,349,297,342,295
clip_20250722_133302.avi,240,1,272,235,273,254,275,274,279,293,285,311,297,326,313,338,332,346,352,349,370,348,386,340,398,328,407,313,412,296,415,279,419,262,422,245,295,217,307,209,321,206,335,208,349,213,369,214,382,212,395,214,406,218,412,227,358,227,358,236,359,246,359,256,341,269,349,271,356,274,363,273,369,272,311,230,320,228,329,228,336,232,328,233,319,233,374,235,383,234,391,235,398,239,390,240,382,239,324,296,336,289,347,287,354,290,361,289,370,294,378,301,368,307,359,308,351,308,344,307,334,303,328,297,346,295,353,296,361,296,374,301,360,300,352,300,345,298
clip_20250722_133302.avi,270,1,264,236,265,254,268,273,272,291,278,308,289,323,306,334,325,342,344,345,363,343,380,335,392,323,401,307,405,290,406,273,410,256,412,238,282,216,293,207,307,205,321,207,335,211,355,212,369,208,382,209,395,212,403,222,345,222,346,232,346,242,346,252,330,266,337,268,344,269,351,269,357,268,297,227,306,224,314,224,323,228,314,229,305,230,364,230,373,227,381,229,389,232,381,234,373,233,314,293,325,286,336,283,343,286,351,285,360,289,370,296,360,300,350,302,342,302,334,301,325,298,318,293,335,290,343,292,351,292,366,296,350,294,342,294,335,293
clip_20250722_133302.avi,300,1,264,238,266,257,269,276,273,295,279,313,290,329,307,341,326,349,346,353,365,352,381,343,393,329,401,313,406,296,409,278,412,261,415,244,287,216,298,207,313,203,328,204,342,209,362,210,376,208,389,210,401,214,408,224,352,222,352,231,353,241,353,251,336,266,343,268,350,270,357,269,364,268,303,227,312,223,321,223,329,228,321,229,312,229,370,230,379,227,387,229,393,233,386,234,378,233,319,296,330,288,342,284,350,286,357,285,366,291,374,300,365,309,356,312,348,312,340,311,329,306,324,297,342,292,349,293,357,293,369,300,356,303,349,303,341,301
clip_20250722_133318.avi,30,1,263,239,264,258,267,277,271,296,277,314,288,329,304,340,323,348,342,352,360,350,376,342,389,330,398,314,403,296,406,279,409,262,412,244,282,216,293,207,307,205,321,205,335,210,357,212,371,210,384,212,396,216,403,226,346,225,346,235,347,245,347,256,330,270,337,273,344,274,351,274,357,273,296,226,305,220,315,221,323,229,314,230,304,229,364,232,373,226,383,227,390,235,383,236,373,235,314,298,326,291,336,288,343,291,350,290,359,294,367,302,358,308,349,311,341,310,334,309,324,305,318,298,336,296,343,297,350,297,363,302,349,303,342,302,335,301
clip_20250722_133318.avi,60,1,271,236,271,255,272,275,275,294,282,312,294,328,310,340,328,349,347,353,365,352,382,343,395,331,404,316,410,299,413,281,416,264,419,247,293,220,304,212,318,209,332,211,345,216,366,218,380,215,393,217,404,222,411,232,355,229,355,239,355,250,355,261,337,272,344,275,352,278,359,277,366,276,309,232,318,230,326,231,333,234,325,235,317,234,372,238,381,237,388,239,395,242,388,242,380,241,319,298,331,293,343,291,350,294,358,293,367,297,376,303,365,309,356,311,348,311,340,310,330,306,323,299,342,298,350,299,357,300,372,303,356,303,349,303,341,301
clip_20250722_133318.avi,90,1,275,234,276,253,277,271,280,290,287,306,300,320,318,329,338,336,357,339,375,339,391,333,402,322,410,308,415,291,418,275,421,258,422,242,299,210,311,201,325,198,340,199,353,204,376,207,388,205,401,208,411,214,417,224,365,219,365,228,365,238,366,248,349,262,355,264,362,266,369,266,374,265,315,220,323,215,333,215,341,223,332,224,322,223,381,228,390,222,399,224,405,231,398,232,389,230,330,287,343,281,355,278,361,281,367,280,375,285,384,293,374,297,365,297,359,296,352,295,342,293,334,288,354,285,361,287,367,287,380,292,366,289,360,288,353,287
clip_20250722_133318.avi,120,1,274,232,274,250,276,268,279,287,285,303,297,317,313,327,331,335,350,339,368,338,384,332,398,322,407,308,413,293,417,276,420,260,423,243,295,209,306,200,320,197,334,198,348,202,370,205,384,203,398,207,409,213,415,223,359,218,359,227,359,236,359,245,342,260,349,262,355,264,362,264,368,263,310,218,318,213,328,213,336,221,327,222,318,221,376,226,385,220,395,222,402,230,394,230,385,229,325,287,337,281,348,279,354,281,360,281,369,286,377,293,366,295,358,296,351,295,345,294,336,291,329,287,347,285,353,287,360,287,373,292,359,288,352,288,347,286
clip_20250722_133318.avi,150,1,266,240,267,260,269,278,272,297,278,316,288,333,303,346,321,356,341,360,360,358,377,348,390,335,400,319,406,301,409,282,413,265,416,247,283,222,294,214,308,212,321,214,335,218,358,220,371,217,386,218,398,221,406,231,346,230,345,241,345,252,345,264,329,276,336,278,343,280,351,279,357,278,299,234,307,232,316,232,324,236,315,237,306,237,365,238,374,236,382,237,390,241,382,242,373,241,313,305,324,298,335,295,343,297,350,296,360,301,368,308,359,317,349,321,341,321,334,320,323,315,317,306,335,302,343,303,350,303,364,308,350,311,342,311,334,310
clip_20250722_133318.avi,180,1,260,241,260,259,262,277,264,295,268,313,276,330,289,344,304,355,322,359,342,358,362,350,379,338,392,323,399,304,403,285,407,266,409,246,270,224,279,216,291,214,304,216,317,220,339,223,353,219,369,219,382,223,393,232,327,233,326,244,325,256,324,268,310,278,317,281,324,284,331,283,339,282,283,235,291,232,300,232,309,238,300,238,291,238,350,240,358,236,368,237,376,241,368,243,358,242,295,306,305,300,315,298,323,300,330,299,341,304,352,310,340,317,329,320,320,320,313,318,303,314,299,306,315,304,322,306,330,306,347,310,329,310,321,310,314,309
clip_20250722_133318.avi,210,1,269,238,271,258,273,276,276,294,281,312,292,328,307,339,325,347,344,350,363,349,380,342,394,330,404,315,409,298,413,281,417,264,420,246,287,218,298,208,312,204,327,206,341,211,362,212,376,209,390,211,402,216,410,226,352,223,351,233,351,243,351,253,334,267,341,269,348,271,356,271,362,270,303,228,311,224,320,224,329,229,320,230,311,230,370,232,379,229,388,231,395,236,387,236,378,235,318,295,329,287,340,284,347,286,355,286,364,291,372,300,363,307,353,310,345,310,337,308,327,304,322,296,339,291,347,293,355,293,367,300,354,301,346,301,338,299
clip_20250722_133318.avi,240,1,271,237,272,255,274,273,277,291,284,308,295,323,310,334,328,343,348,346,367,344,383,336,396,324,405,309,410,292,413,275,416,258,418,241,291,215,301,206,315,202,329,203,343,208,363,209,376,207,390,208,402,213,409,224,353,221,353,230,353,239,353,249,337,263,344,265,351,267,358,266,364,266,307,227,316,224,324,224,332,228,324,229,316,229,371,230,379,229,387,230,394,234,386,235,379,233,319,291,331,283,343,280,350,283,358,282,368,287,377,295,366,303,356,305,348,305,340,304,329,300,324,291,342,287,350,288,358,288,372,295,357,297,349,297,341,296
clip_20250722_133353.avi,30,1,266,241,267,261,269,279,272,298,278,315,289,330,305,340,324,346,344,349,364,349,380,343,394,332,403,318,408,301,411,283,414,265,416,247,283,220,293,210,308,206,323,207,338,212,357,215,372,212,386,213,399,217,407,228,348,225,348,235,348,245,348,255,330,270,338,272,346,274,354,273,361,272,300,230,308,226,317,227,326,232,316,232,308,232,367,234,376,231,385,233,392,237,384,238,376,237,313,296,326,291,337,289,345,292,353,290,363,295,373,302,361,304,352,305,344,304,336,303,325,301,318,296,337,295,345,297,353,297,369,301,352,297,344,297,336,296
clip_20250722_133353.avi,60,1,269,239,270,259,272,278,276,297,282,315,293,330,309,341,328,349,348,353,368,353,384,345,398,333,406,318,412,300,415,283,418,265,421,248,290,219,301,210,316,207,331,208,346,213,366,214,380,212,394,214,407,218,414,229,356,226,356,236,356,246,356,257,339,271,346,273,354,275,361,275,368,274,306,231,315,227,324,227,332,232,323,233,314,233,375,236,384,232,393,233,400,238,392,240,383,238,322,300,334,293,345,289,353,292,360,291,369,296,378,305,368,310,358,312,350,312,342,311,332,307,326,300,344,298,352,299,360,299,373,304,359,303,351,303,344,301
clip_20250722_133353.avi,90,1,270,240,271,259,273,278,276,297,283,315,294,330,311,340,330,348,350,352,369,351,386,344,399,332,408,317,413,300,416,282,419,266,422,248,290,218,302,210,317,208,332,209,346,214,367,216,381,214,395,215,407,219,414,229,357,227,357,237,357,247,357,258,339,272,347,274,354,276,361,275,368,275,306,231,315,227,324,227,332,233,324,234,314,233,375,236,384,233,393,234,400,239,392,240,383,239,322,300,334,293,345,290,353,293,361,292,370,297,379,304,369,310,359,311,351,311,343,310,332,306,326,300,345,298,352,299,360,299,374,304,360,302,352,302,344,301
clip_20250722_133353.avi,120,1,269,241,270,260,271,278,274,297,280,315,291,331,307,342,326,351,346,355,366,354,382,346,396,334,405,318,410,300,413,282,416,265,418,248,289,220,300,212,314,209,329,210,343,214,363,216,377,214,391,215,403,220,409,230,353,228,353,239,353,249,353,260,336,273,343,275,351,277,358,277,365,275,306,233,314,230,323,230,331,234,323,235,314,235,370,237,379,235,388,237,394,241,387,242,378,240,319,300,331,295,342,292,349,295,357,294,365,298,374,305,364,309,355,311,347,310,340,309,330,306,323,301,341,300,349,302,356,302,370,305,355,302,348,302,341,301
clip_20250722_133353.avi,150,1,266,239,267,258,269,277,273,295,279,314,290,330,306,341,325,350,345,354,364,352,381,343,394,331,403,316,407,298,410,281,414,263,416,246,285,220,297,211,311,209,326,211,341,215,360,217,374,214,388,215,400,219,408,229,350,228,350,238,350,248,350,259,333,272,340,274,348,277,355,276,362,274,302,233,311,231,320,231,328,234,319,236,310,236,368,237,377,236,385,237,393,240,385,242,376,241,316,299,328,293,339,291,347,293,354,292,363,297,373,304,362,311,352,313,345,313,337,312,327,307,321,300,339,298,346,299,353,299,368,304,353,304,345,304,338,302
clip_20250722_133353.avi,180,1,267,239,268,259,270,279,274,298,281,317,294,332,312,344,331,353,351,357,370,355,385,345,398,332,406,316,410,298,413,280,416,263,418,245,291,220,302,211,317,209,332,210,346,215,367,216,380,214,394,215,405,219,412,229,356,228,357,238,358,249,358,260,340,272,348,275,355,277,362,276,369,275,307,232,316,230,325,230,333,234,325,235,316,235,372,237,381,234,390,236,396,240,389,241,381,240,323,301,335,294,347,291,355,294,362,293,371,297,378,305,370,313,361,316,352,316,344,315,334,310,328,302,346,299,354,300,362,300,374,305,361,307,353,307,345,305
clip_20250722_133353.avi,210,1,267,238,268,257,270,276,274,295,282,312,295,326,314,336,334,343,353,347,372,346,387,338,399,326,406,310,411,293,414,277,417,260,418,244,292,213,305,205,319,202,334,203,349,207,370,210,383,208,396,209,407,214,413,223,360,221,361,231,362,240,362,250,344,265,352,267,359,268,366,268,372,267,309,223,318,219,328,219,336,226,327,227,317,226,376,229,386,224,395,226,401,232,394,234,385,232,326,294,339,286,352,282,359,285,366,284,375,290,381,299,373,305,364,307,356,306,349,305,338,301,331,294,351,290,358,291,365,292,377,299,364,298,357,297,350,296
clip_20250722_133353.avi,240,1,267,240,268,259,271,278,274,297,279,315,290,331,306,344,324,353,344,357,363,356,380,346,394,334,403,318,409,300,412,282,416,264,418,245,285,221,295,212,309,209,324,211,338,215,360,217,374,214,388,215,401,219,408,229,349,228,348,239,348,249,348,260,332,274,339,276,346,278,353,277,360,276,300,232,309,228,318,228,326,233,317,234,308,234,368,236,377,233,386,234,393,238,385,240,377,239,315,304,326,296,338,293,346,295,353,294,363,299,372,307,362,314,352,317,344,317,336,316,325,312,319,304,337,301,345,301,353,302,367,307,353,308,345,308,337,307
clip_20250722_133353.avi,270,1,266,238,266,256,268,274,271,292,276,310,286,325,301,337,319,346,338,350,358,348,376,341,390,329,400,314,405,296,408,278,412,260,414,243,281,218,291,209,304,207,318,208,331,212,353,214,367,211,381,212,394,215,403,224,342,224,341,234,341,245,341,256,325,269,332,271,339,273,346,272,353,271,295,229,304,226,312,226,321,230,312,231,303,231,362,232,371,230,380,231,387,235,379,236,370,235,308,295,319,289,330,286,338,289,346,288,356,292,367,299,355,305,345,306,336,306,328,305,319,302,312,296,329,294,337,295,345,296,362,299,345,298,337,297,329,296
clip_20250722_133409.avi,30,1,268,243,269,264,271,284,275,305,281,323,293,340,310,352,329,361,348,366,367,364,383,353,396,340,406,324,411,306,414,287,418,269,421,251,289,228,301,220,316,218,331,220,345,224,369,226,382,224,396,224,408,228,415,237,357,238,357,249,358,260,358,272,340,284,348,286,355,289,362,287,369,286,305,239,315,234,324,235,333,241,324,242,314,242,375,244,384,240,394,241,401,246,393,248,384,247,322,311,335,306,347,303,354,306,362,304,371,308,379,315,369,322,360,325,352,325,344,324,333,319,327,312,346,310,353,311,361,311,374,315,361,316,353,316,345,314
clip_20250722_133409.avi,60,1,268,241,269,261,272,281,275,301,282,319,293,335,310,347,330,356,350,360,369,359,386,349,399,336,407,320,412,302,415,284,418,266,420,249,289,224,301,216,316,214,331,216,346,221,368,222,382,220,396,221,407,225,414,234,357,234,357,245,358,256,358,268,340,279,347,282,355,284,362,283,368,282,305,235,315,232,324,232,333,238,323,239,314,238,374,241,384,237,393,238,400,243,392,245,383,244,322,305,335,301,346,298,353,301,360,300,369,304,378,310,367,315,358,317,351,317,344,316,333,313,326,306,345,305,352,306,359,307,373,310,359,308,352,308,345,307
clip_20250722_133409.avi,90,1,275,239,275,259,276,278,279,297,285,316,297,332,314,343,332,352,352,355,371,355,387,348,400,336,408,321,414,304,418,287,421,269,423,252,297,222,309,214,324,212,339,213,353,218,375,221,388,219,401,220,412,224,418,234,363,231,363,242,363,253,363,264,345,277,352,279,360,281,367,281,374,279,315,234,323,231,332,232,340,236,331,237,322,236,380,240,389,238,397,239,403,243,396,244,388,243,326,301,339,298,351,296,358,298,365,298,373,302,382,309,372,312,363,313,356,313,348,311,338,308,331,302,350,302,358,303,365,304,378,308,364,305,357,305,349,303
clip_20250722_133409.avi,120,1,264,240,265,260,267,279,270,299,275,317,286,334,301,346,320,356,339,359,358,357,375,348,389,335,399,319,404,301,407,282,411,264,414,246,278,223,288,214,302,211,316,213,330,217,352,218,366,216,381,216,394,220,403,230,341,229,341,241,341,252,341,263,325,276,332,278,339,280,346,279,353,277,293,233,301,229,311,230,319,235,310,236,301,236,361,237,371,233,380,234,388,239,380,241,370,240,308,304,320,298,331,295,339,298,347,296,357,300,366,307,356,314,346,317,337,318,329,317,319,312,313,305,331,302,338,303,347,303,362,307,346,308,338,308,330,307
clip_20250722_133409.avi,150,1,256,241,257,260,260,279,263,298,268,316,278,333,293,345,311,355,330,359,349,356,367,347,382,335,393,318,399,299,402,281,405,262,407,243,270,225,279,216,293,213,306,214,320,217,342,219,356,215,370,215,384,218,394,227,331,229,331,240,331,251,331,263,316,276,323,278,331,280,338,279,345,277,284,234,293,230,302,230,311,236,302,237,292,237,353,237,362,232,371,233,379,237,371,239,362,239,301,304,311,298,323,295,331,297,338,295,349,299,359,305,348,313,338,317,329,317,321,316,310,312,305,305,323,302,331,303,338,303,354,306,338,307,330,307,322,306
clip_20250722_133409.avi,180,1,266,239,267,258,270,278,273,297,279,315,290,331,306,343,326,352,346,356,365,354,381,346,394,333,403,317,407,299,410,281,414,264,417,246,287,220,298,212,313,209,328,210,343,215,362,217,376,214,389,215,402,219,409,228,353,228,353,238,353,248,354,259,336,272,344,275,351,277,358,276,364,275,302,231,311,227,321,227,329,233,320,234,311,233,371,236,380,232,389,233,396,238,388,239,379,238,319,301,330,294,342,291,350,293,358,292,367,297,375,305,365,313,356,316,348,316,340,315,329,311,323,302,342,298,350,299,357,299,370,305,357,307,349,307,341,306
clip_20250722_133409.avi,210,1,268,240,269,258,271,276,274,293,280,310,291,325,307,335,326,341,346,344,365,343,382,336,395,325,403,310,407,294,410,278,413,261,415,245,287,214,297,205,310,201,324,201,338,205,361,207,374,205,388,207,400,212,407,223,350,219,350,228,350,238,351,248,334,263,341,264,348,266,355,265,362,265,302,225,310,221,319,221,327,226,319,226,310,226,368,228,377,225,386,227,393,231,385,232,377,231,317,291,328,283,340,279,347,282,354,281,364,286,372,296,362,301,352,303,345,302,337,301,327,298,321,291,339,287,347,288,354,288,367,295,353,294,346,294,338,292
clip_20250722_133409.avi,240,1,261,240,261,259,263,279,266,298,272,317,282,334,296,347,314,358,333,362,353,360,371,352,387,339,397,322,403,303,407,284,411,266,413,246,276,226,286,218,300,216,314,218,327,223,350,225,364,223,379,223,392,226,401,235,338,236,338,248,338,260,338,273,322,283,329,286,336,288,344,287,351,286,291,237,300,233,309,234,317,240,308,240,299,239,359,243,368,239,377,240,385,244,377,246,368,245,306,310,317,306,328,304,335,306,343,305,353,309,363,314,351,319,341,321,333,321,326,320,316,316,310,310,327,310,335,311,343,311,358,314,342,313,334,313,326,312
clip_20250722_133428.avi,30,1,267,240,268,261,271,282,274,302,280,321,291,337,308,349,327,358,347,362,366,361,382,352,395,339,405,323,410,304,413,286,418,268,420,249,287,227,299,218,314,216,329,219,344,223,367,226,381,223,395,224,407,227,414,237,355,237,355,248,355,260,356,272,338,284,345,286,353,288,360,287,367,286,304,237,313,233,323,234,332,240,322,241,312,240,373,243,383,239,392,240,399,245,392,247,382,246,319,308,333,305,344,303,351,306,359,305,368,308,377,313,366,317,357,320,349,319,342,318,331,315,324,309,344,309,351,311,358,311,372,313,358,312,350,312,343,310
clip_20250722_133428.avi,60,1,265,238,265,258,267,277,270,296,276,314,287,330,303,341,321,349,341,352,361,351,378,343,393,331,402,315,407,296,410,278,413,261,416,243,282,216,291,205,305,201,319,202,333,208,353,211,368,208,383,210,395,216,403,227,344,224,344,235,344,246,343,257,327,271,334,273,342,275,349,274,357,273,299,231,307,228,315,229,323,231,315,233,307,232,363,234,371,234,379,235,386,238,379,239,370,238,311,297,323,290,334,288,341,291,349,290,359,294,369,301,357,307,347,308,339,308,331,307,322,304,315,298,333,295,341,296,348,297,364,301,347,300,339,300,332,299
clip_20250722_133428.avi,90,1,268,239,268,259,270,279,273,298,279,317,290,333,307,346,326,356,346,360,365,359,381,349,395,336,404,320,409,302,413,284,417,266,419,248,288,221,300,213,315,211,329,212,344,217,367,219,381,217,394,218,406,222,413,232,355,231,355,242,355,253,355,265,337,277,344,280,352,282,359,281,366,279,304,233,313,229,323,230,331,236,322,236,312,235,373,239,383,235,392,236,399,241,391,243,382,241,319,304,331,298,343,295,351,298,359,297,368,301,376,309,367,315,357,319,349,319,340,318,329,313,324,305,342,303,350,304,358,305,372,309,358,309,349,309,341,307
clip_20250722_133428.avi,120,1,278,235,278,255,279,275,283,294,289,313,301,330,319,342,338,351,357,355,376,354,391,344,403,331,412,315,417,297,421,280,425,263,427,245,301,214,313,206,328,205,343,207,356,212,377,214,390,212,404,214,415,219,421,230,367,225,366,235,366,245,366,255,348,268,355,271,363,273,370,273,376,272,318,228,327,226,335,226,343,230,335,231,326,230,383,234,393,233,400,236,406,240,399,240,391,238,330,297,341,290,353,287,361,290,368,289,377,295,385,304,375,312,366,315,358,315,350,313,339,308,335,298,353,295,360,296,368,297,380,303,367,305,359,304,351,303
clip_20250722_133428.avi,150,1,276,237,277,256,278,276,281,295,288,313,301,328,318,338,337,347,356,351,375,350,391,343,403,331,411,315,416,298,419,281,423,264,425,247,298,217,310,208,326,206,341,208,355,213,376,216,390,214,403,215,415,220,421,230,365,227,366,237,366,247,366,257,348,270,355,272,363,275,370,274,376,274,315,229,324,226,333,226,341,231,332,232,323,231,382,236,391,233,400,235,407,240,399,241,390,239,329,296,342,290,353,287,361,291,368,290,377,295,385,303,375,308,366,309,358,308,350,307,340,303,334,297,352,295,360,297,367,297,381,303,366,300,359,300,351,298
clip_20250722_133428.avi,180,1,272,235,273,255,275,274,278,294,285,313,297,328,313,341,332,350,352,354,371,353,386,344,398,331,406,315,412,298,416,281,420,264,423,246,295,215,308,207,323,205,337,207,351,212,373,214,386,212,399,214,410,218,417,228,362,225,362,235,362,245,363,256,344,269,351,271,359,273,365,273,372,272,311,227,320,223,329,224,337,229,328,230,319,229,378,234,388,231,396,232,403,237,395,238,387,237,326,297,338,290,350,287,357,289,365,289,373,294,380,303,371,310,362,313,354,313,346,311,336,307,331,298,349,295,356,296,364,297,376,303,363,303,355,303,348,301
clip_20250722_133428.avi,210,1,266,239,267,257,270,275,273,293,278,311,288,326,302,338,320,348,339,352,359,351,377,342,391,330,401,314,406,296,409,278,412,260,414,242,281,217,291,208,304,205,318,207,331,210,353,213,367,210,381,211,394,215,402,224,342,222,341,233,341,243,341,254,326,267,333,270,340,272,347,271,354,269,295,227,303,223,312,224,321,229,312,230,302,230,362,231,371,227,380,229,388,233,380,235,371,234,311,297,321,290,331,287,339,289,347,288,357,293,366,301,356,309,346,312,338,312,330,310,320,306,315,297,331,294,339,295,347,296,361,301,346,302,338,302,331,300
clip_20250722_133428.avi,240,1,275,232,275,250,275,268,278,287,284,306,295,322,311,334,329,343,349,347,369,347,385,339,399,327,408,312,414,294,417,277,421,260,423,243,297,213,308,205,322,202,336,204,350,208,368,211,382,209,395,210,407,215,413,225,359,222,359,232,359,241,359,251,341,264,348,267,355,269,363,268,370,267,313,226,322,224,330,224,338,228,330,229,321,229,375,231,384,230,392,232,399,236,391,237,383,235,323,292,335,285,346,282,353,285,361,284,370,290,378,300,367,304,358,306,350,305,343,304,333,300,327,293,346,290,353,291,360,292,373,299,359,297,351,297,344,295
clip_20250722_133428.avi,270,1,273,236,273,255,275,274,278,294,284,312,295,329,311,341,329,351,348,356,367,354,383,346,397,334,406,319,412,301,416,283,419,266,422,248,295,219,306,211,321,209,335,211,348,216,369,219,382,216,395,218,406,222,413,231,358,229,357,240,358,250,357,262,339,273,347,276,355,279,362,278,369,276,311,232,320,230,328,230,336,234,328,234,319,234,375,238,383,236,391,238,398,242,390,242,382,240,323,300,334,295,346,293,353,296,361,295,369,300,378,307,368,313,358,315,350,315,343,313,333,309,327,301,345,300,352,301,360,302,373,307,359,306,351,306,344,304
clip_20250722_133555.avi,30,1,291,260,292,278,294,295,296,313,300,330,308,346,321,359,336,370,353,374,370,373,385,363,398,351,408,336,415,319,418,301,423,284,425,265,301,241,312,234,324,233,337,234,349,239,371,239,384,235,397,235,410,238,417,247,360,252,360,264,359,276,359,288,345,299,351,301,357,303,363,302,369,301,315,255,323,251,333,251,341,257,332,259,322,259,379,258,388,253,397,254,404,258,397,261,388,261,330,326,339,320,348,317,355,320,363,318,371,322,379,328,371,338,362,342,354,342,347,341,338,336,335,326,348,325,355,326,362,326,375,329,362,330,355,331,348,329
clip_20250722_133555.avi,60,1,298,257,299,275,301,292,303,309,308,326,317,341,331,353,346,363,363,367,380,365,395,355,408,343,417,328,422,312,425,295,429,278,431,260,309,239,319,231,331,228,344,229,356,234,379,233,391,229,404,229,416,232,423,241,368,247,368,258,367,269,367,281,354,293,360,294,366,296,372,295,378,294,323,253,331,250,340,249,348,253,340,255,331,255,386,253,394,250,403,250,409,253,402,256,394,255,338,318,347,313,357,310,365,312,372,310,382,314,390,320,381,329,372,333,364,333,356,332,347,327,342,318,357,317,365,318,372,317,385,320,372,321,365,322,357,321
clip_20250722_133555.avi,90,1,294,255,295,274,297,291,300,310,305,327,314,342,327,355,342,365,359,369,376,367,391,357,403,344,413,329,418,312,421,294,425,276,427,256,303,239,313,232,325,230,337,231,349,235,373,234,385,230,398,230,410,232,418,240,361,248,361,260,361,272,360,284,349,295,354,297,360,299,366,297,372,296,318,254,326,251,334,251,342,254,334,256,325,257,380,253,387,250,395,250,403,253,396,256,387,256,335,321,343,318,351,317,359,319,365,317,373,319,383,323,374,331,366,334,359,334,351,333,343,329,339,322,352,322,359,323,366,322,378,323,366,324,359,324,351,323
clip_20250722_133555.avi,120,1,290,260,292,278,295,294,298,311,304,328,314,342,327,353,342,362,359,365,376,363,390,354,402,343,411,328,416,311,419,294,422,276,423,257,302,241,311,234,323,231,336,231,347,235,370,233,382,229,394,229,406,232,414,240,359,247,359,258,359,270,359,281,347,294,353,295,359,297,365,295,371,293,317,254,324,251,332,250,340,253,332,256,324,256,378,252,385,248,393,249,400,252,393,254,385,254,335,320,343,315,352,312,359,314,366,312,374,314,384,319,375,326,367,329,359,330,352,329,343,326,339,320,352,319,359,320,366,319,380,319,366,319,359,320,352,319
clip_20250722_133611.avi,30,1,290,250,293,269,296,286,299,304,306,320,316,334,330,346,346,355,363,358,380,356,395,346,407,333,416,318,421,300,423,282,426,264,427,245,302,229,312,221,324,218,337,218,349,221,372,219,384,215,397,215,409,217,417,226,361,234,361,245,361,255,362,266,350,280,356,282,362,283,368,281,374,280,317,242,324,238,333,237,342,241,333,244,324,244,381,239,388,234,397,234,404,238,398,241,389,241,337,310,345,302,355,298,363,300,370,298,379,302,388,309,379,318,371,322,363,323,355,322,346,318,342,309,355,305,363,306,370,305,383,309,370,311,363,312,355,311
clip_20250722_133611.avi,60,1,280,252,282,269,285,285,288,303,294,319,303,333,316,344,332,354,350,357,367,354,382,344,394,332,403,317,407,300,409,283,412,265,413,246,288,231,297,222,308,219,321,218,333,221,356,219,369,214,382,214,394,216,402,224,346,234,346,244,346,254,346,265,336,279,342,280,348,281,353,280,359,278,302,243,310,239,319,238,328,241,319,244,310,245,365,238,373,234,382,234,389,237,382,240,373,240,322,309,330,301,340,297,348,299,355,297,365,300,375,307,366,317,356,321,348,322,340,321,331,318,327,309,340,304,348,305,355,304,370,307,355,310,348,311,340,310
clip_20250722_133611.avi,90,1,282,254,284,272,286,288,290,306,296,322,306,336,319,349,335,359,353,362,370,358,385,348,397,335,406,320,411,303,414,285,416,267,417,249,291,233,300,226,312,222,324,222,336,226,359,223,372,218,385,218,398,220,406,228,349,239,349,249,349,260,349,271,338,285,344,286,350,288,356,286,362,284,305,246,312,242,322,241,330,245,322,248,313,249,369,242,376,238,386,238,393,241,386,245,377,244,325,312,333,306,342,303,350,305,358,303,368,306,378,311,369,322,359,326,351,327,343,326,333,322,329,313,343,309,350,310,358,309,373,312,358,315,350,316,343,315
clip_20250722_133611.avi,120,1,284,254,286,272,289,289,292,307,298,323,308,337,322,349,337,358,354,361,371,358,386,349,399,336,408,321,412,304,415,287,417,269,419,251,294,234,303,226,315,222,328,222,340,225,362,223,375,218,388,218,400,221,408,229,352,238,352,249,352,259,352,270,340,284,346,285,352,287,359,285,365,284,309,248,317,245,325,244,334,246,325,249,317,250,371,243,378,241,387,241,394,243,387,246,379,246,327,312,335,305,345,301,353,303,360,301,370,305,380,311,371,321,362,325,353,326,345,325,336,321,332,312,345,308,353,308,361,308,375,311,361,314,353,315,345,314
clip_20250722_133611.avi,150,1,281,253,283,270,285,287,288,304,294,320,303,334,316,346,332,356,349,360,367,358,382,348,394,336,404,321,409,304,411,286,414,268,415,249,290,233,299,225,311,222,323,222,335,225,358,223,370,218,384,218,396,220,404,229,347,238,347,249,347,259,348,270,336,283,342,285,348,287,354,285,361,284,304,246,312,243,321,242,329,245,321,248,312,249,367,243,374,238,383,239,391,242,383,245,375,245,323,312,331,305,340,302,348,304,356,302,366,305,375,311,367,321,357,325,349,326,341,325,331,321,328,312,341,310,349,310,356,309,371,312,356,314,349,315,341,314
clip_20250722_133622.avi,30,1,292,255,295,273,298,289,302,307,308,323,318,337,332,348,348,357,366,360,383,356,398,347,410,334,418,319,423,301,424,283,426,265,427,247,302,233,310,225,322,221,335,221,347,224,371,221,383,217,396,216,408,218,416,226,360,236,360,247,361,257,361,268,351,283,357,284,363,285,368,283,374,282,316,245,323,241,332,240,342,244,333,247,324,248,380,240,387,235,396,235,404,239,397,242,388,242,338,312,346,304,355,300,363,302,370,300,380,303,389,309,381,318,372,322,364,323,356,322,347,319,342,312,356,308,364,308,371,307,385,310,371,312,364,313,356,312
clip_20250722_133622.avi,60,1,287,255,289,272,292,289,296,306,302,321,312,334,326,344,342,353,359,355,376,352,391,343,403,332,413,318,417,301,419,283,421,266,422,247,297,233,305,224,317,221,330,220,342,223,364,220,377,216,390,215,402,217,411,225,354,236,355,246,355,256,355,267,344,280,350,281,356,283,362,281,368,280,311,245,318,241,327,240,336,243,328,246,319,247,373,240,381,235,390,235,397,238,391,241,382,241,332,308,340,301,349,297,356,299,364,297,374,301,384,306,375,316,366,320,357,321,349,320,340,316,336,308,349,304,357,305,365,304,379,307,365,309,357,310,349,309
clip_20250722_133622.avi,90,1,289,254,290,271,293,288,297,305,303,321,313,335,327,346,343,354,361,357,378,354,393,344,405,332,413,317,417,300,419,283,421,266,423,247,298,233,307,225,319,222,332,221,344,224,366,221,379,218,392,217,405,220,413,228,356,237,357,247,357,257,357,268,345,281,352,283,358,284,364,283,370,281,313,246,321,242,330,241,338,244,330,247,321,248,375,241,383,237,391,238,398,241,392,244,383,243,333,310,341,303,350,299,358,301,365,299,375,303,384,308,376,317,367,320,359,320,351,320,342,316,337,310,351,306,358,306,365,306,380,309,366,310,358,311,351,310
clip_20250722_133622.avi,120,1,289,254,291,271,294,288,298,305,303,321,313,335,327,346,343,354,361,357,378,353,393,344,405,332,414,317,418,300,419,282,422,265,423,247,298,233,307,225,319,221,332,220,344,224,367,220,380,217,393,216,405,219,413,228,356,236,357,247,357,257,357,268,345,282,352,283,358,284,364,283,370,282,312,245,319,241,328,240,337,243,329,246,320,247,375,240,383,236,392,236,399,239,392,242,384,242,332,310,341,303,350,299,358,301,365,299,375,302,384,308,375,315,366,319,358,320,350,319,341,316,336,309,351,306,358,307,366,306,380,308,365,308,358,309,350,309
clip_20250722_133622.avi,150,1,288,253,290,270,293,287,296,304,302,320,312,334,326,344,342,352,359,355,376,351,391,342,403,331,411,316,416,299,418,282,420,265,420,247,297,235,305,226,318,223,331,223,342,226,363,223,376,218,389,217,402,220,411,229,354,238,354,248,354,258,354,268,343,283,349,284,355,285,361,284,367,282,311,248,319,246,328,244,336,245,328,249,320,250,373,243,381,240,389,240,396,242,389,245,381,245,331,308,340,304,349,301,355,303,362,300,372,303,382,306,372,313,364,316,356,317,349,316,341,314,335,309,349,308,356,308,363,307,378,307,363,307,356,308,349,307
clip_20250722_133641.avi,30,1,306,251,307,269,309,286,311,303,316,319,326,333,339,344,354,352,371,356,388,355,402,347,414,336,422,322,427,306,430,289,434,273,436,255,320,228,330,219,342,216,355,216,367,220,388,220,400,216,413,217,424,222,430,232,378,235,378,244,378,253,378,262,365,277,371,278,376,280,382,279,388,278,334,242,342,239,350,238,358,241,350,243,342,244,394,242,402,239,410,240,416,244,410,245,402,244,351,307,359,298,368,294,375,296,382,295,391,299,397,309,390,317,382,320,375,321,367,320,358,315,355,307,368,302,375,302,382,302,393,309,382,310,375,310,368,309
clip_20250722_133641.avi,60,1,300,254,302,271,305,288,308,304,314,320,324,333,337,344,353,352,369,356,386,354,400,345,411,334,419,320,424,304,427,288,429,271,430,253,313,231,322,224,334,220,347,220,358,224,380,223,392,219,405,219,416,222,424,231,370,237,370,246,371,256,371,266,359,281,365,282,371,284,376,282,382,281,327,244,336,240,344,239,352,243,344,245,335,246,388,242,396,239,404,239,411,243,405,245,396,244,346,309,354,302,363,298,370,301,376,299,385,303,393,309,385,317,377,321,370,321,363,320,355,316,351,309,364,307,370,308,377,307,389,309,377,309,370,310,363,309
clip_20250722_133641.avi,90,1,305,253,306,271,308,287,312,305,317,321,327,335,341,346,357,355,374,359,391,356,405,347,417,336,425,321,430,305,433,288,435,270,437,252,318,231,327,224,339,221,351,221,363,225,387,223,398,220,410,220,421,223,428,231,376,238,376,247,376,257,376,268,364,281,370,283,376,285,382,283,387,282,332,245,339,242,347,241,355,244,348,246,339,247,393,243,401,240,409,241,415,244,409,246,401,245,349,310,358,302,367,299,374,301,382,300,391,303,399,310,391,318,382,322,374,323,367,322,358,318,354,310,368,306,375,307,382,306,395,310,382,311,374,312,367,311
clip_20250722_133641.avi,120,1,300,252,302,269,303,285,306,301,312,317,321,330,334,341,350,349,367,352,384,350,398,342,411,331,419,318,424,302,427,286,430,270,431,252,313,228,322,220,334,216,346,216,358,220,379,218,391,214,403,215,414,218,422,227,369,233,369,242,369,251,369,260,357,275,363,276,369,277,375,276,381,275,326,242,334,239,342,238,350,240,342,243,334,243,387,239,394,236,402,237,409,240,402,242,394,241,343,304,352,296,361,292,368,294,376,292,385,296,393,304,385,312,376,315,368,316,361,315,352,312,348,304,361,300,369,300,376,299,389,304,376,305,368,306,361,305
clip_20250722_133641.avi,150,1,281,257,283,273,286,288,289,304,294,319,303,332,316,343,332,351,350,354,367,351,382,342,395,331,403,317,407,300,408,283,410,266,411,248,289,234,297,227,308,223,320,222,332,224,352,221,364,216,377,215,390,217,398,225,342,236,343,245,343,254,343,263,334,279,339,280,345,280,351,279,357,277,303,247,310,244,318,242,326,244,318,247,310,248,363,240,370,237,378,237,385,239,379,242,371,242,323,309,330,301,338,296,346,298,352,296,362,299,372,305,363,313,354,317,347,318,340,317,331,315,328,308,339,304,346,304,353,303,367,305,353,307,346,308,339,307
clip_20250722_133641.avi,180,1,269,253,271,270,273,286,277,303,283,318,293,330,308,340,324,347,341,349,358,347,373,339,386,329,394,315,398,298,400,281,401,263,402,245,278,231,287,223,298,218,311,217,322,220,343,217,356,212,369,211,381,214,390,222,333,232,334,241,334,250,334,260,324,276,330,277,336,277,342,276,348,275,292,244,299,240,308,239,316,241,308,244,300,245,354,237,361,234,369,234,377,236,370,239,362,239,313,305,321,297,330,293,337,295,344,292,355,295,365,301,356,307,347,310,339,311,331,311,322,309,317,304,330,301,338,301,345,300,361,301,346,300,338,301,331,301
clip_20250722_133641.avi,210,1,280,250,282,267,285,284,288,301,294,317,304,330,318,341,334,348,352,351,370,348,384,339,396,328,405,314,409,297,411,280,413,262,414,244,289,228,298,219,311,215,324,214,336,217,359,214,371,210,384,210,396,212,405,220,348,230,349,239,349,249,350,259,338,275,344,276,350,277,357,275,363,274,305,240,312,236,321,234,329,237,321,240,313,241,368,234,375,230,384,231,391,233,384,237,376,236,326,304,334,298,343,294,350,296,357,294,366,297,376,302,367,309,358,311,351,312,343,312,335,310,330,304,343,301,351,302,357,301,372,302,357,302,351,303,343,303
clip_20250722_133657.avi,30,1,287,257,289,275,292,292,295,309,301,325,310,340,322,352,337,363,355,366,372,364,387,354,400,341,409,326,415,309,417,291,420,273,422,254,297,238,307,230,319,228,332,228,343,232,366,230,378,225,391,225,404,227,413,235,356,244,356,255,356,266,356,277,344,290,350,292,356,293,362,292,367,291,311,251,319,247,329,246,336,251,328,253,319,254,375,249,382,244,391,244,399,248,392,251,383,251,331,319,339,311,348,307,355,309,362,307,371,312,379,319,371,327,362,331,355,332,347,331,339,327,335,319,348,315,355,316,362,315,374,319,362,320,355,320,348,320
clip_20250722_133657.avi,60,1,283,256,286,274,288,291,291,308,297,324,307,338,321,349,336,357,353,360,370,358,385,349,397,338,405,323,409,306,412,289,414,271,416,253,293,235,302,227,314,223,327,223,339,226,360,224,373,220,385,220,398,222,406,230,350,240,351,249,351,259,351,270,340,284,346,285,352,286,358,285,363,284,307,248,315,243,324,242,332,247,324,249,315,250,369,244,377,240,386,240,393,243,386,247,378,247,327,313,335,306,344,302,352,304,359,301,369,305,377,312,369,322,360,325,352,326,344,325,335,322,331,313,344,309,352,309,359,309,373,312,360,315,352,316,344,315
clip_20250722_133657.avi,90,1,283,256,285,273,288,289,291,306,297,322,306,336,320,347,335,357,353,360,369,357,384,348,396,336,404,321,409,304,411,287,414,270,415,252,292,237,301,228,313,224,326,224,338,227,358,224,371,220,384,220,397,222,405,230,349,240,349,250,350,260,350,271,339,284,345,285,351,287,356,285,362,284,307,249,314,245,323,244,331,247,323,249,315,250,368,244,375,240,384,240,391,243,384,246,376,246,328,314,335,306,343,302,351,304,358,302,367,305,375,312,367,320,359,323,351,324,344,324,335,321,332,313,344,309,351,309,358,309,371,312,358,314,351,315,344,314
clip_20250722_133657.avi,120,1,282,255,284,272,287,289,290,306,296,322,306,335,319,345,334,354,351,357,368,354,383,346,395,335,404,320,409,304,411,286,413,269,414,250,291,237,299,228,311,225,324,224,336,227,357,225,369,221,383,220,395,222,404,230,347,240,347,250,348,260,348,271,337,285,343,286,349,287,355,285,361,284,305,248,313,244,321,243,330,247,322,250,313,251,366,244,374,240,383,240,390,243,383,246,374,246,326,312,333,306,342,302,349,304,357,302,366,305,375,311,367,319,358,322,350,323,342,322,334,319,330,312,342,309,350,309,357,309,371,311,357,312,350,313,342,312
clip_20250722_133657.avi,150,1,278,255,281,273,284,290,287,306,294,322,304,335,318,346,334,354,351,357,367,354,381,345,393,334,401,320,404,303,406,286,408,269,409,250,288,236,296,227,307,224,320,223,331,226,354,224,366,220,379,219,392,221,401,230,343,239,343,248,344,258,344,269,334,283,339,284,345,285,351,284,357,282,302,248,310,244,318,243,326,246,318,249,309,249,363,243,370,239,379,239,386,242,379,245,371,245,324,312,331,305,339,301,346,303,352,301,361,304,371,309,363,318,355,321,348,321,341,321,332,318,329,312,339,309,346,309,353,308,366,309,353,310,347,311,340,310
clip_20250722_133657.avi,180,1,280,257,282,274,285,291,287,308,293,323,303,336,316,346,332,354,349,356,366,354,381,346,393,334,401,320,406,303,407,286,410,269,411,251,288,238,296,229,309,225,322,225,334,229,354,226,368,222,381,221,394,223,402,232,345,242,345,251,345,261,345,271,335,285,341,286,346,287,352,286,358,285,303,250,311,247,319,246,328,249,319,252,311,252,364,246,372,243,380,243,388,245,381,249,372,249,323,313,331,307,339,304,346,306,353,304,362,306,372,311,363,317,355,320,347,320,340,320,332,318,327,312,340,311,347,311,353,310,368,311,354,311,347,311,340,311
clip_20250722_133745.avi,30,1,282,259,284,279,287,298,291,317,298,334,310,350,324,362,341,372,359,375,377,371,392,360,404,346,413,329,418,310,421,291,424,272,425,252,292,239,303,231,317,229,330,229,343,233,367,231,381,226,394,225,408,226,417,233,356,247,357,259,357,271,358,284,345,297,351,299,358,301,365,299,371,297,308,252,316,248,326,247,335,252,326,255,316,255,377,250,385,244,395,244,403,247,396,251,386,251,331,326,340,320,350,316,358,318,365,316,375,319,384,324,376,333,367,337,358,339,350,338,340,334,336,326,350,324,358,324,366,323,379,324,366,326,358,327,350,327
clip_20250722_133745.avi,60,1,289,255,290,273,293,289,296,306,302,322,312,335,325,346,341,355,358,358,375,354,389,345,401,334,409,319,414,303,417,286,419,269,420,251,298,233,308,225,320,223,332,223,344,227,366,224,378,220,391,219,403,221,411,228,356,239,356,248,357,258,357,268,345,283,351,284,357,285,363,284,369,283,312,246,320,242,329,241,337,245,329,248,320,249,374,242,382,238,390,238,397,242,391,245,382,244,333,312,341,304,349,300,356,302,363,299,372,303,381,311,373,319,365,323,357,324,350,323,341,319,338,311,350,308,357,308,364,307,376,310,364,311,357,312,350,311
clip_20250722_133745.avi,90,1,285,255,287,272,290,288,293,305,299,320,308,333,321,345,337,354,354,357,372,354,386,345,399,333,408,318,412,301,413,284,416,266,417,249,295,234,304,226,316,223,328,223,340,226,361,223,373,219,386,218,399,220,407,228,351,238,351,247,351,257,352,267,341,282,347,283,353,284,359,283,364,282,308,246,316,242,325,241,333,245,325,247,316,248,370,242,378,237,387,237,394,241,387,244,378,244,329,311,336,303,345,299,352,301,359,299,369,302,378,309,370,317,361,321,354,322,346,321,337,318,334,310,345,307,353,307,360,306,373,309,360,310,353,311,346,310
clip_20250722_133745.avi,120,1,277,251,279,269,282,286,285,304,292,319,304,332,321,342,338,350,356,352,373,349,386,339,397,326,405,310,409,294,411,277,411,260,411,242,292,228,301,221,314,217,327,217,339,220,361,218,372,214,384,213,395,216,402,223,351,233,352,242,353,252,354,262,342,276,348,278,354,279,360,278,365,276,307,243,315,241,323,240,331,240,324,243,316,244,367,238,375,237,382,238,389,239,382,241,375,240,329,306,337,298,346,294,353,296,360,294,369,298,376,305,370,313,362,316,354,316,347,316,337,312,333,305,346,301,354,302,361,301,372,304,361,305,354,306,347,305
clip_20250722_133745.avi,150,1,282,255,284,273,287,290,291,307,297,323,308,336,322,348,338,357,355,360,373,356,387,346,399,333,408,318,412,301,414,283,416,266,416,248,293,234,302,226,314,223,327,222,339,225,361,223,373,219,386,218,398,219,407,227,351,238,352,248,352,258,353,269,341,284,347,285,354,286,359,284,365,283,307,247,315,243,324,241,333,245,324,248,315,249,370,242,378,237,387,237,394,240,387,244,379,244,329,312,337,305,346,301,353,303,360,301,369,304,378,310,370,319,362,323,354,325,347,324,338,321,334,312,347,309,354,309,361,308,374,310,361,312,354,314,347,313
clip_20250722_133818.avi,30,1,281,257,283,275,285,292,288,310,294,325,303,339,316,351,330,360,346,363,363,360,378,350,392,339,402,325,407,308,409,290,412,272,413,252,288,240,295,230,307,226,320,225,331,229,351,226,364,221,377,220,390,223,400,232,341,242,341,251,341,261,340,271,331,285,337,286,342,288,349,286,355,284,302,253,309,251,317,250,325,251,317,254,309,255,362,247,369,246,377,246,385,247,377,250,369,250,321,316,327,307,335,303,343,304,350,302,360,305,370,313,361,323,352,327,344,328,336,328,328,325,325,315,336,310,344,310,351,309,365,313,351,317,344,318,336,317
clip_20250722_133818.avi,60,1,282,260,283,277,287,294,290,311,297,326,306,340,318,351,332,361,349,363,366,360,381,351,394,339,404,324,409,307,411,288,413,270,415,251,287,240,294,231,305,227,317,226,329,229,349,226,361,220,375,218,389,219,399,227,339,241,339,251,339,260,338,270,329,285,335,287,341,288,348,286,354,284,300,252,307,248,315,246,324,249,316,252,308,254,361,244,368,239,377,239,384,242,378,245,369,246,322,316,327,307,335,303,342,304,350,302,361,305,372,311,363,322,353,327,345,328,338,328,329,324,326,315,336,311,343,310,351,309,368,312,352,316,344,317,337,317
clip_20250722_133818.avi,90,1,284,260,286,277,289,293,293,310,299,325,309,337,322,348,337,356,354,358,371,355,386,346,398,334,407,320,412,304,414,287,416,269,417,251,293,236,301,228,313,224,325,224,336,226,358,223,370,219,383,218,397,219,406,227,348,239,348,248,348,258,349,268,339,283,345,283,351,285,357,283,363,282,307,248,314,243,322,242,331,246,323,249,314,250,369,242,376,237,385,237,392,240,385,244,377,244,327,312,334,304,344,299,351,301,359,299,369,302,378,309,370,318,361,322,353,323,345,322,335,319,331,311,344,307,352,307,359,306,373,309,360,311,352,313,344,312
clip_20250722_133818.avi,120,1,279,259,282,276,284,293,288,310,295,325,304,339,317,350,332,359,348,361,365,358,380,348,393,336,402,321,407,304,409,286,411,268,412,249,287,240,294,231,305,228,317,227,328,230,351,227,362,221,375,220,388,222,397,229,340,243,340,252,340,262,340,272,332,286,337,287,342,288,348,286,354,284,302,255,308,253,316,251,324,251,317,255,309,256,360,247,367,246,375,246,382,246,375,249,367,249,322,314,328,307,335,303,343,304,350,302,359,305,369,311,361,321,353,325,345,326,337,325,329,322,326,314,336,309,344,309,351,308,364,312,351,315,344,316,337,316
clip_20250722_133818.avi,150,1,277,261,279,278,282,294,286,311,292,326,301,338,314,349,328,357,345,360,361,357,376,348,390,337,400,323,405,306,407,288,409,269,410,250,283,241,289,233,300,229,312,228,323,231,344,227,357,221,370,219,384,220,395,227,335,243,335,252,335,261,335,272,326,287,332,288,337,289,344,287,350,285,296,253,302,249,311,247,319,250,311,254,303,255,356,245,363,240,372,240,380,242,373,246,364,246,318,316,324,308,332,304,339,305,346,303,356,305,367,312,358,320,349,324,341,326,334,325,325,323,322,315,333,311,340,311,347,310,362,312,347,314,340,315,333,315
clip_20250722_133818.avi,180,1,277,260,278,277,281,293,285,309,291,325,300,337,313,348,327,356,344,358,361,354,377,345,390,334,400,319,404,302,406,284,408,267,408,248,281,240,287,232,298,228,310,227,321,229,342,225,355,219,368,217,382,218,393,225,333,241,333,250,332,260,332,270,325,286,330,287,335,288,341,286,348,284,294,252,300,247,309,245,317,249,309,252,301,254,354,243,361,237,370,237,378,240,371,244,362,244,317,315,322,307,329,302,337,304,343,301,353,304,364,310,355,317,347,321,339,322,332,322,324,320,320,314,330,310,337,310,344,308,360,310,345,311,338,312,331,312
clip_20250722_133818.avi,210,1,273,262,275,278,278,294,282,311,288,326,297,338,310,348,324,355,340,357,357,354,373,345,386,334,396,320,400,304,402,286,404,268,404,249,276,240,283,231,294,227,305,226,317,229,337,226,350,220,364,217,378,218,389,226,328,240,327,250,327,260,327,270,320,285,325,286,331,287,337,285,343,283,290,252,296,247,305,246,313,249,305,252,297,253,350,244,357,239,366,238,374,241,367,245,358,245,312,314,318,307,325,303,332,304,338,302,349,304,360,309,351,317,342,320,335,321,328,321,320,319,316,313,326,311,333,311,339,309,356,309,340,310,334,311,327,311
clip_20250722_133847.avi,30,1,284,265,287,283,292,301,297,318,305,334,316,348,330,359,345,368,363,370,379,366,393,355,405,342,414,325,418,307,420,288,423,268,423,248,292,243,300,234,313,230,326,229,339,231,360,228,373,222,387,220,401,220,412,228,351,244,352,255,353,266,354,277,343,293,350,293,356,294,362,292,368,290,307,254,315,249,324,247,333,251,325,255,315,256,373,246,381,240,390,239,398,243,391,247,382,247,333,324,340,315,349,310,357,311,364,308,374,312,383,319,376,330,367,335,359,336,351,336,342,332,338,323,350,318,358,318,365,316,379,319,366,323,358,325,350,324
clip_20250722_133847.avi,60,1,288,259,291,277,294,295,298,312,305,328,316,341,331,352,347,361,365,364,381,361,394,351,405,338,412,322,417,306,419,289,421,271,421,253,302,238,312,230,325,227,337,227,350,230,373,227,385,223,397,222,409,224,416,232,363,243,364,253,364,263,365,274,352,288,359,289,365,290,371,289,377,287,317,249,325,245,334,244,343,249,334,251,325,252,380,246,387,241,396,241,403,245,397,248,388,248,339,316,347,309,357,305,365,307,371,305,380,309,388,315,381,324,373,328,365,329,357,328,348,324,343,316,357,313,365,313,372,312,384,315,372,317,365,318,357,317
clip_20250722_133847.avi,90,1,284,261,287,279,290,297,294,315,301,331,312,345,326,355,342,363,360,365,376,362,390,352,402,340,410,324,414,307,416,289,418,271,419,252,293,240,302,231,315,228,327,227,339,230,363,228,375,223,388,222,401,223,409,231,352,243,353,253,354,264,354,275,343,290,349,291,355,292,361,291,367,289,307,251,314,246,324,245,333,250,324,252,314,253,371,246,378,239,388,239,395,243,389,247,379,247,331,319,338,312,347,308,355,310,362,307,371,310,380,316,373,324,364,327,356,328,349,328,339,325,335,318,348,315,355,315,363,314,376,316,363,317,356,319,348,318
clip_20250722_133847.avi,120,1,297,257,299,277,302,295,306,313,314,329,326,343,342,354,359,361,377,363,393,359,406,349,417,335,425,320,429,302,432,285,433,268,434,251,312,233,323,225,337,221,350,222,363,225,388,223,399,220,411,220,421,222,428,230,377,239,378,250,379,260,380,271,365,285,372,287,379,288,384,287,390,285,328,246,337,242,346,241,355,245,346,248,337,248,393,244,400,239,409,240,416,244,410,247,401,246,349,314,359,307,370,303,377,305,385,303,394,306,402,313,394,321,386,324,378,325,369,325,359,321,353,314,370,311,377,311,385,310,398,313,386,315,377,316,370,315
clip_20250722_133847.avi,150,1,295,257,298,275,302,293,305,310,311,326,322,340,335,352,350,361,367,364,384,361,398,351,410,338,418,322,423,305,426,287,429,269,430,251,305,238,314,229,326,226,339,226,351,229,374,227,387,223,399,222,412,224,421,232,364,242,364,253,365,264,365,275,354,288,360,290,365,291,371,290,377,288,320,249,327,245,336,244,345,248,336,251,327,251,383,246,390,241,399,241,407,244,400,248,391,247,341,317,349,311,358,307,365,309,372,306,381,310,389,316,382,325,374,329,366,330,358,329,349,325,346,317,358,314,365,314,372,313,385,316,373,318,366,319,358,318
clip_20250722_133847.avi,180,1,290,258,293,275,297,293,301,309,307,325,317,339,331,350,348,359,365,361,382,358,396,348,407,336,415,320,419,303,421,285,423,267,424,248,301,238,310,230,322,226,334,226,347,228,369,225,381,221,394,220,406,221,415,230,359,241,360,252,361,262,361,273,350,287,356,288,362,288,368,287,374,286,316,251,324,249,332,247,341,249,332,253,324,253,379,246,386,242,394,242,402,244,395,248,386,248,338,315,345,308,354,303,362,305,369,303,378,306,386,313,379,322,371,326,363,327,355,326,346,323,342,315,355,311,362,311,369,310,381,313,370,315,363,316,355,316
clip_20250722_133902.avi,30,1,285,258,287,276,291,295,294,313,300,330,311,345,324,357,340,367,358,371,376,368,392,357,404,343,413,326,419,308,421,289,424,270,426,251,296,238,305,230,318,228,331,228,343,232,367,229,381,225,394,224,407,225,416,233,357,245,357,257,358,269,358,281,345,294,352,295,358,297,365,295,370,294,311,251,319,248,328,247,337,251,328,253,319,254,377,248,385,244,394,243,401,247,395,250,386,250,333,323,341,317,350,314,358,316,365,314,374,317,383,322,375,329,366,332,358,333,350,333,342,329,337,323,351,321,358,322,366,321,378,322,365,322,358,323,351,322
clip_20250722_133902.avi,60,1,289,254,291,273,294,292,298,310,305,327,316,342,331,353,347,362,366,365,383,362,398,352,410,338,419,322,424,304,427,286,430,268,431,250,302,233,313,225,326,221,340,222,353,225,376,223,390,220,403,219,416,221,424,230,365,239,366,250,366,261,367,272,354,286,360,288,366,289,372,288,378,287,318,245,327,240,336,239,345,245,336,247,326,247,384,243,393,238,402,238,410,242,403,246,393,245,339,316,347,308,357,305,366,307,373,305,382,309,390,316,382,323,374,326,365,326,357,326,347,322,343,315,358,313,366,314,373,313,386,316,373,315,365,316,357,315
clip_20250722_133902.avi,90,1,300,254,301,272,304,290,307,308,313,325,324,339,337,350,354,358,371,361,388,359,402,349,413,337,421,322,426,305,430,288,433,271,434,253,313,230,323,222,336,219,349,220,361,224,384,223,396,220,408,220,420,223,427,231,374,238,374,248,374,258,374,269,361,283,367,285,373,286,379,285,385,284,328,243,336,239,345,238,353,243,344,245,335,245,391,242,399,237,408,238,414,242,408,245,399,244,347,313,355,306,365,302,372,305,379,302,387,307,395,313,387,319,379,321,372,322,364,321,355,319,351,313,365,311,372,311,379,311,391,313,379,311,372,312,365,311
clip_20250722_133902.avi,120,1,300,249,302,268,304,286,308,305,314,322,325,337,340,349,356,359,374,362,391,359,405,348,416,335,425,320,431,303,434,286,436,268,437,250,316,230,326,222,340,219,353,220,365,224,388,222,400,218,412,218,423,221,430,230,378,238,378,248,378,258,379,269,364,283,371,284,378,286,384,285,390,284,331,245,340,244,349,243,357,244,349,247,340,248,394,244,402,242,411,243,417,245,411,247,402,247,348,312,358,304,369,301,376,303,384,301,393,305,402,312,393,322,385,327,376,328,368,327,357,322,352,312,369,308,376,309,384,308,397,312,384,316,376,317,368,316
clip_20250722_133902.avi,150,1,302,251,304,271,307,290,310,308,317,325,329,339,344,351,359,361,377,364,393,361,407,350,418,337,427,321,432,304,435,287,438,269,439,250,317,229,328,222,341,219,355,220,368,225,390,224,403,220,415,220,427,222,434,231,380,239,380,249,381,260,381,271,368,285,374,286,380,288,386,287,391,286,333,243,341,239,350,239,359,244,350,246,340,246,397,244,405,239,414,239,421,243,414,247,405,246,350,313,360,307,371,303,379,305,386,303,395,308,403,314,395,325,386,330,378,330,370,329,359,324,355,313,371,311,379,312,386,311,399,314,386,317,378,318,370,317
clip_20250722_133902.avi,180,1,298,252,300,270,302,288,306,306,312,322,323,336,337,348,352,357,370,360,387,357,401,348,413,335,422,320,427,303,430,286,432,268,434,250,312,231,322,223,335,220,348,220,360,224,382,222,394,218,406,218,418,221,426,229,372,238,372,248,372,257,373,268,359,282,366,284,372,285,378,284,384,283,326,246,334,244,343,244,351,245,343,247,334,248,389,243,397,242,405,243,412,244,405,247,397,246,344,311,353,304,364,300,371,302,379,300,388,304,397,311,388,319,379,323,371,324,363,323,353,319,349,311,364,308,371,308,379,308,392,311,379,312,371,313,363,312
clip_20250722_133902.avi,210,1,292,253,295,272,299,290,302,307,309,324,319,338,333,349,349,359,367,361,384,359,398,349,409,336,417,321,421,304,423,286,426,267,427,248,304,232,314,224,327,221,340,222,352,225,375,224,387,219,399,219,412,221,419,229,364,238,364,248,365,258,365,269,354,283,360,284,366,286,371,284,377,283,319,245,327,242,336,241,345,245,336,248,327,248,382,243,390,239,399,239,406,242,399,246,390,245,341,314,348,306,357,302,365,304,372,302,381,306,389,314,382,324,374,327,366,328,357,327,348,323,345,314,357,309,365,310,373,309,384,314,373,316,365,316,357,315
clip_20250722_133914.avi,30,1,294,257,296,276,299,293,303,311,310,328,320,343,334,354,350,364,367,366,384,363,398,353,410,340,418,324,422,307,425,290,428,272,430,253,305,237,315,229,328,226,341,226,353,230,377,228,389,224,402,223,414,225,422,234,366,243,366,253,367,263,367,275,355,289,361,290,367,291,373,290,379,289,320,249,328,245,338,244,346,249,338,251,328,252,384,247,392,242,402,242,409,246,402,249,393,249,342,318,350,310,359,306,367,308,374,306,383,310,391,317,384,327,375,331,367,332,359,331,350,327,347,318,360,314,367,315,374,314,387,317,374,320,367,321,360,320
clip_20250722_133914.avi,60,1,297,256,299,275,302,292,306,309,312,325,323,339,337,351,353,360,371,363,387,360,400,349,410,337,418,322,423,306,426,289,428,272,429,254,309,235,319,227,332,224,345,224,357,227,380,226,392,222,405,222,417,225,424,233,370,240,371,250,371,261,371,271,358,285,365,286,371,288,377,286,382,285,325,247,332,243,341,242,350,246,342,248,332,249,387,245,395,241,403,241,410,245,404,247,395,247,345,314,353,306,362,302,370,305,378,303,387,306,394,313,388,324,380,329,371,330,363,329,353,324,349,314,363,309,370,310,378,309,390,314,379,317,371,318,363,318
clip_20250722_133914.avi,90,1,298,255,300,273,303,291,307,309,314,325,324,338,338,350,353,360,370,363,386,361,400,350,412,338,421,323,426,306,429,289,431,271,433,253,310,235,320,228,334,225,347,226,359,229,382,228,394,224,407,224,419,226,427,234,372,243,372,253,372,263,373,274,359,288,366,289,372,291,378,289,384,288,326,248,334,244,343,243,351,248,343,250,334,251,389,247,397,242,406,243,413,246,407,250,398,249,347,315,355,309,364,306,371,308,377,306,385,311,393,317,385,327,377,330,370,331,363,330,354,325,351,315,364,313,371,314,377,314,388,317,377,318,370,319,363,318
clip_20250722_133914.avi,120,1,297,253,300,272,303,289,307,307,313,324,324,338,338,351,353,360,370,363,386,360,401,349,412,336,420,321,425,304,428,286,430,269,432,251,309,236,318,228,331,224,344,224,356,228,378,225,391,221,403,221,415,223,423,232,368,240,368,251,369,261,369,272,357,285,363,286,369,288,375,286,381,285,324,249,332,246,340,244,348,247,340,249,332,250,386,244,393,241,402,242,409,244,402,247,394,247,345,316,352,308,362,304,369,306,376,303,384,307,392,314,385,324,377,329,369,330,362,329,353,325,350,316,362,311,369,311,376,310,388,314,376,317,369,319,362,318
clip_20250722_133914.avi,150,1,294,255,297,273,301,290,304,307,311,323,321,337,334,348,350,357,367,360,383,357,398,347,409,334,417,319,422,302,423,284,426,267,427,248,305,236,314,228,327,224,340,224,352,227,373,224,386,220,399,219,411,222,419,231,363,239,364,249,364,259,365,270,353,284,359,285,365,287,371,285,377,283,320,249,328,247,337,245,345,247,337,250,329,251,382,244,390,242,398,242,405,244,398,247,390,246,342,314,350,307,358,304,365,306,372,303,380,307,389,312,381,320,373,324,366,324,359,324,350,321,347,314,359,311,366,312,372,311,385,312,372,312,366,313,359,313
clip_20250722_133928.avi,30,1,290,261,293,279,297,296,301,313,308,329,319,342,332,353,348,362,366,364,382,360,397,350,408,337,416,322,421,304,422,287,424,269,425,250,300,241,309,233,322,229,334,229,347,233,369,230,382,226,394,224,407,225,417,232,359,245,360,256,361,267,362,278,350,291,356,292,362,293,368,292,374,290,315,253,323,249,332,247,341,252,332,254,323,255,379,248,386,243,395,243,403,246,396,250,387,250,338,318,346,312,355,308,363,310,370,308,380,311,389,314,381,324,372,329,364,330,356,329,347,326,342,318,356,316,364,316,371,315,385,315,371,319,364,320,356,319
clip_20250722_133928.avi,60,1,293,259,296,277,299,295,303,312,310,328,321,342,334,353,350,363,367,365,384,362,397,352,408,338,416,323,421,305,423,287,425,269,426,249,301,241,309,232,321,228,333,228,345,231,369,227,381,223,394,221,407,223,416,231,358,243,359,253,360,264,360,275,349,289,355,290,362,291,368,289,374,288,316,253,323,249,332,248,341,250,332,254,323,255,378,246,385,242,394,242,402,245,395,248,386,248,339,319,345,311,354,306,362,308,369,306,379,309,389,315,381,327,372,332,364,333,356,332,347,328,344,318,355,314,363,314,370,313,384,316,371,320,363,321,356,320
clip_20250722_133928.avi,90,1,290,259,293,277,297,294,301,311,307,327,317,341,330,352,346,361,364,364,380,360,395,350,406,338,414,322,419,304,421,286,423,268,424,249,298,240,306,231,319,227,331,227,343,230,366,226,378,222,391,220,404,222,414,229,356,241,357,252,357,263,358,274,347,288,353,289,359,290,365,288,370,287,313,252,320,248,329,247,337,249,329,252,321,253,376,245,383,241,392,241,399,243,392,246,384,246,338,318,344,310,352,306,359,307,366,305,375,309,382,316,376,324,368,327,360,328,353,328,345,325,342,317,352,314,359,314,367,313,377,316,367,316,359,317,352,317
clip_20250722_133928.avi,120,1,289,259,292,277,296,294,300,311,306,327,317,340,331,351,346,360,363,362,380,359,393,348,404,336,412,321,417,303,419,286,421,268,422,249,298,238,306,230,319,227,331,227,343,229,366,225,379,221,391,220,404,222,413,229,356,241,356,251,357,261,358,272,346,286,352,287,359,288,365,287,370,285,312,250,320,246,329,244,337,248,330,251,320,252,375,244,383,239,392,239,399,242,393,246,384,246,336,316,342,308,351,305,358,307,366,304,376,308,384,314,377,323,368,328,360,329,352,328,343,324,340,316,351,312,359,312,367,311,380,314,367,316,359,318,352,317
clip_20250722_133928.avi,150,1,283,257,286,275,289,292,294,309,300,325,310,339,323,351,338,360,355,363,373,359,387,349,398,335,406,320,411,303,413,285,415,267,416,249,292,236,300,228,312,225,324,224,335,227,359,224,371,220,384,218,397,220,406,228,348,239,348,249,349,259,349,270,338,284,345,285,351,286,357,285,363,284,306,248,313,244,322,242,331,246,322,249,313,250,368,242,376,237,385,237,392,240,385,244,376,244,328,315,334,306,344,302,351,304,359,301,370,305,379,311,371,323,361,328,353,330,345,329,335,325,332,314,344,310,352,310,359,309,374,312,360,317,352,318,344,318
clip_20250722_133943.avi,30,1,285,262,288,281,292,300,296,318,303,335,314,350,327,362,343,373,360,376,376,372,391,361,403,346,412,329,417,310,419,292,422,273,423,253,296,245,305,238,317,235,330,235,342,238,365,236,377,231,390,229,403,229,413,236,355,250,355,262,356,274,356,286,344,299,351,300,358,302,364,300,370,298,311,258,319,254,328,253,336,256,328,259,319,260,375,253,383,249,391,248,399,251,392,254,384,254,333,328,341,322,351,318,358,320,366,317,375,320,384,325,376,336,368,341,359,343,351,342,342,338,337,329,351,326,359,326,367,325,380,326,367,330,359,331,351,331
clip_20250722_133943.avi,60,1,304,258,306,278,310,297,313,315,320,333,331,348,346,360,363,370,380,373,396,370,410,359,421,345,429,329,434,312,437,293,440,275,441,256,320,239,331,232,345,230,359,231,372,235,394,234,406,231,418,230,429,232,436,240,384,248,385,259,385,271,386,283,371,296,378,297,384,299,390,298,395,296,336,252,344,249,354,248,362,253,353,255,344,256,401,253,408,248,417,248,424,252,417,256,409,255,356,325,365,318,375,314,383,317,390,315,397,318,404,325,397,335,390,339,382,340,374,339,364,334,361,325,374,322,382,323,390,322,399,326,390,327,382,328,374,328
clip_20250722_133943.avi,90,1,308,255,309,274,311,292,314,310,320,326,331,341,345,353,360,362,378,366,394,364,408,354,420,341,428,326,434,309,437,292,440,275,442,257,324,235,335,227,348,225,361,227,373,231,396,230,407,227,419,228,430,230,436,238,386,244,386,255,386,265,386,277,372,290,378,291,384,293,390,292,395,291,339,249,348,246,356,246,364,249,356,251,347,251,402,250,409,247,417,247,424,251,417,253,409,252,358,317,366,311,375,307,382,310,389,309,397,312,404,319,397,328,389,332,381,332,373,331,365,326,362,317,375,316,382,316,389,316,399,319,389,320,382,320,374,319
clip_20250722_133943.avi,120,1,301,253,302,273,304,292,308,310,314,328,325,343,339,356,356,366,373,369,390,366,403,356,415,342,423,326,429,309,433,291,436,274,438,256,317,234,328,228,342,226,355,227,367,231,389,230,401,227,413,227,425,229,432,237,379,244,379,255,379,266,379,278,364,290,371,292,377,294,383,293,389,292,332,248,341,245,350,245,357,249,349,251,340,251,395,249,404,245,412,246,418,250,412,252,404,251,349,319,358,313,368,310,375,313,382,311,390,315,398,321,390,329,382,333,374,334,367,333,358,328,354,319,368,318,375,319,382,319,393,321,382,321,375,322,367,321
clip_20250722_133943.avi,150,1,305,253,307,273,309,292,312,311,319,328,330,343,345,355,362,365,379,368,395,366,408,356,419,342,427,326,433,309,437,291,440,274,441,256,323,235,334,227,348,225,361,226,373,231,396,230,407,226,419,226,429,229,435,238,385,244,385,255,386,265,386,277,371,290,378,291,384,293,390,292,395,291,339,250,347,248,356,248,364,249,356,252,347,252,400,250,408,248,416,249,422,251,415,254,408,253,354,317,364,311,374,307,382,310,390,308,398,312,405,319,398,329,390,333,381,333,373,332,363,327,359,317,374,315,382,316,389,316,401,319,390,322,382,323,374,321
clip_20250722_133943.avi,180,1,306,254,308,273,311,293,314,311,321,328,332,343,346,355,361,365,379,369,395,366,409,355,420,342,429,326,435,308,438,291,442,273,443,255,323,234,334,228,347,225,360,226,372,230,397,230,408,227,420,227,431,229,438,237,386,245,386,255,386,266,387,278,372,291,379,293,385,295,391,294,396,293,338,248,347,245,356,245,364,249,356,251,346,251,402,249,410,246,419,246,425,250,419,253,410,252,356,319,365,313,376,310,383,312,390,311,398,315,406,321,397,329,389,333,382,333,374,332,364,328,360,319,375,318,383,318,390,318,401,321,389,322,382,322,375,321
clip_20250722_133943.avi,210,1,299,257,302,276,305,294,309,312,315,328,326,343,341,354,357,363,374,366,390,363,404,352,415,339,423,324,428,307,431,290,434,272,435,254,313,238,323,230,336,227,349,228,362,231,384,230,397,226,409,226,421,228,428,236,374,244,374,255,375,266,376,278,362,290,369,292,375,294,381,292,386,291,328,250,336,246,345,245,353,250,345,252,336,252,391,248,399,244,408,244,415,248,408,251,400,250,349,318,357,312,366,309,374,311,382,309,390,312,398,318,390,327,382,331,374,332,366,331,357,327,353,318,366,316,374,317,382,316,393,318,382,320,374,321,366,320
clip_20250722_134026.avi,30,1,280,265,283,283,287,300,292,317,300,332,311,345,325,356,340,365,357,367,373,363,387,352,398,339,406,323,410,305,412,287,413,269,414,249,288,245,296,237,308,233,321,233,333,234,354,231,367,226,379,223,393,224,402,231,345,246,346,256,347,266,348,277,338,292,344,293,350,294,356,292,362,290,302,256,310,251,319,249,328,254,320,257,310,258,366,248,372,242,382,242,389,245,383,249,374,250,328,322,335,314,344,309,352,311,359,308,369,311,380,316,371,326,362,331,354,333,346,333,336,329,332,321,344,317,352,317,360,315,375,317,360,321,353,323,345,322
clip_20250722_134026.avi,60,1,277,260,280,278,284,294,288,310,294,325,304,338,318,349,334,358,351,360,368,357,382,347,393,335,401,320,405,304,406,286,408,268,408,249,286,241,294,233,306,229,318,229,330,232,354,228,365,222,378,220,391,222,400,230,343,243,344,252,345,262,345,273,335,287,341,288,347,289,353,287,359,285,301,252,308,248,317,246,326,250,318,253,309,254,363,246,370,241,379,240,386,243,380,247,371,247,325,315,331,309,340,304,347,306,354,304,363,307,372,313,364,323,356,326,349,327,341,327,332,323,329,315,340,310,348,310,355,309,367,313,355,316,348,317,341,316
clip_20250722_134026.avi,90,1,286,261,288,279,292,296,296,312,303,328,314,341,329,352,344,361,362,363,377,359,390,348,401,335,409,320,413,303,414,286,416,269,417,251,296,238,305,230,317,227,330,227,341,230,365,226,376,221,388,220,400,221,408,228,354,242,355,251,356,261,357,271,345,286,351,287,358,288,363,286,368,285,311,250,318,246,327,244,335,249,328,251,319,252,373,245,380,240,388,239,395,243,389,246,381,246,333,316,341,308,350,303,358,305,365,303,375,306,384,311,376,322,367,327,359,329,352,328,342,324,337,315,351,310,358,310,365,309,380,312,366,316,359,317,351,317
clip_20250722_134026.avi,120,1,281,261,285,279,288,295,292,312,299,327,309,340,323,351,339,359,355,361,372,358,386,348,397,336,405,321,409,304,410,286,412,268,413,250,290,241,299,233,311,229,323,228,335,231,357,227,369,223,381,221,394,222,403,229,347,243,348,253,349,262,349,273,339,287,345,288,351,289,357,287,362,286,305,252,312,247,321,246,329,250,321,253,312,254,367,246,373,240,382,240,390,243,383,247,375,247,329,316,335,308,344,304,351,305,358,303,367,306,376,313,369,323,361,327,353,328,345,328,337,324,333,316,345,311,352,311,359,310,372,313,359,317,352,318,345,317
clip_20250722_134026.avi,150,1,271,262,273,279,276,296,280,313,286,329,296,342,309,354,324,363,341,366,358,363,372,353,384,341,392,325,396,308,398,290,401,272,402,253,279,244,288,236,299,233,311,233,322,235,343,232,356,228,368,227,381,228,391,234,334,247,335,257,335,267,336,278,325,292,331,293,337,294,343,293,348,292,293,256,300,253,309,252,317,254,309,258,301,258,354,251,361,247,370,247,377,249,371,253,362,253,316,321,322,314,330,310,337,312,344,309,353,312,361,318,354,328,346,332,339,333,331,332,323,328,320,320,331,317,337,318,345,317,357,319,345,321,338,322,331,321
clip_20250722_134042.avi,30,1,284,261,286,280,290,298,294,315,301,332,311,347,325,359,340,370,357,373,373,370,388,359,400,345,409,329,414,311,417,293,420,274,421,255,294,245,303,237,315,235,327,236,339,239,362,236,375,232,388,230,402,231,412,237,351,251,352,263,352,275,352,287,341,299,347,301,353,302,359,300,365,299,307,257,315,253,325,252,333,257,325,260,315,261,371,254,379,249,388,248,396,252,389,256,380,256,330,326,338,320,346,317,354,319,361,317,371,320,380,324,372,334,363,338,355,339,347,339,338,334,334,326,347,324,354,325,362,324,376,325,362,328,354,329,347,328
clip_20250722_134042.avi,60,1,293,258,295,276,299,293,302,310,308,326,319,340,332,351,348,360,365,363,382,360,395,350,406,338,414,323,418,306,420,289,423,272,424,254,305,239,314,231,326,229,338,229,350,232,373,230,385,226,397,225,408,227,416,235,363,244,363,254,363,264,364,275,352,288,358,289,364,290,370,289,375,288,320,251,327,248,336,247,343,250,335,253,327,253,381,248,389,244,397,244,404,247,397,251,389,250,340,316,347,309,356,305,364,307,371,305,379,308,387,316,380,325,372,329,364,329,356,328,347,324,344,316,356,313,364,313,371,312,382,316,371,317,364,318,356,317
clip_20250722_134042.avi,90,1,293,259,295,278,298,297,303,315,311,332,323,346,337,359,353,369,369,371,384,368,396,356,407,342,414,326,419,308,423,291,425,274,426,256,308,244,319,239,331,238,343,239,355,242,379,240,390,237,401,236,413,236,420,242,368,254,369,265,370,277,371,289,357,300,364,302,370,304,376,302,381,301,323,258,331,255,340,255,348,258,340,261,331,262,385,257,393,253,401,253,407,255,401,259,393,259,345,327,353,323,362,320,369,322,375,320,383,323,390,326,383,336,376,340,369,341,362,340,353,336,349,328,362,327,369,328,375,327,386,327,375,329,369,330,362,329
clip_20250722_134042.avi,120,1,292,260,294,279,297,298,301,315,307,332,318,347,331,360,347,370,363,373,379,370,392,358,404,345,412,329,417,311,421,294,424,276,425,257,303,246,313,240,326,239,338,240,349,244,374,241,386,238,398,236,410,236,419,242,363,255,363,267,364,278,364,291,351,301,357,303,364,305,370,303,375,301,319,259,326,255,335,254,343,259,335,261,326,262,381,257,389,252,397,251,404,255,398,259,389,258,339,328,346,323,355,320,363,322,369,320,377,323,386,326,378,335,371,340,363,341,355,340,347,336,342,328,355,328,363,328,370,327,382,327,370,329,363,330,356,329
clip_20250722_134042.avi,150,1,290,255,293,273,296,289,299,306,305,322,314,335,328,346,343,355,360,358,377,355,391,347,403,335,411,320,415,303,418,286,420,269,422,251,302,237,310,229,322,225,334,225,345,228,368,225,380,221,393,220,405,222,414,230,358,240,358,250,359,259,359,269,348,284,354,285,360,286,366,284,371,283,316,249,324,246,332,245,340,248,332,250,324,251,377,245,384,241,392,241,399,244,393,247,385,247,337,313,344,306,352,301,360,303,366,301,375,305,384,311,376,320,368,323,360,324,353,324,344,320,341,313,353,309,360,309,367,308,379,311,367,313,360,313,353,313
clip_20250722_134042.avi,180,1,277,259,280,276,284,293,287,310,294,326,304,340,318,350,334,358,351,360,368,357,383,348,395,335,403,320,407,303,408,285,410,267,411,248,285,240,294,232,306,229,319,229,331,232,353,228,366,224,379,222,392,223,402,231,343,243,344,253,345,264,345,275,335,288,341,290,347,291,353,289,358,288,300,251,307,247,316,246,325,249,317,253,308,253,363,246,370,241,379,241,387,244,380,248,371,248,324,317,331,312,339,308,347,309,354,307,363,310,372,314,364,321,356,324,349,325,341,325,332,322,328,317,340,315,348,315,355,314,368,315,355,314,348,315,340,315
clip_20250722_134056.avi,30,1,276,244,278,264,281,282,284,301,290,319,300,335,315,348,331,359,349,362,368,360,384,349,397,335,408,319,413,300,416,281,420,262,421,242,288,226,298,217,311,214,325,215,337,219,360,217,374,213,388,212,402,215,411,224,350,233,350,244,349,255,349,268,336,282,343,283,349,285,356,284,363,283,304,240,312,238,321,237,330,239,321,242,312,242,370,238,379,235,387,236,395,238,388,240,379,240,322,311,330,304,340,300,348,303,356,301,367,305,376,311,367,321,357,325,349,326,340,324,331,319,327,311,341,308,349,309,357,308,371,311,356,313,348,314,340,313
clip_20250722_134056.avi,60,1,285,249,288,268,291,287,295,305,302,322,313,336,328,348,345,357,364,360,381,356,396,345,409,332,418,316,422,299,424,281,427,262,428,242,297,227,306,219,320,216,333,216,346,219,370,216,384,212,397,211,410,213,419,221,359,232,360,243,361,254,361,266,348,281,355,282,362,284,368,282,374,281,313,241,321,237,330,235,339,239,330,242,321,243,380,236,388,231,397,232,405,235,398,238,388,238,336,311,344,305,353,300,362,303,370,300,379,303,389,310,381,319,372,323,363,324,354,324,345,320,341,311,354,308,362,309,370,307,384,310,371,312,363,313,354,312
clip_20250722_134056.avi,90,1,287,250,290,269,293,288,297,306,304,323,315,338,329,349,345,358,364,361,381,358,397,348,410,334,419,318,423,300,426,282,429,263,430,244,299,228,309,220,322,217,335,217,348,220,371,218,385,214,398,213,411,214,421,222,361,233,361,245,361,256,362,268,350,282,356,284,363,285,369,284,375,282,314,239,322,234,332,232,340,239,332,241,322,242,382,236,390,230,400,229,407,234,401,238,391,238,336,312,345,305,355,301,363,303,370,301,380,304,390,310,381,320,371,324,363,325,355,324,345,321,340,312,355,309,363,309,371,308,386,311,371,313,363,313,355,313
clip_20250722_134056.avi,120,1,292,245,294,263,296,280,299,298,304,314,313,328,326,340,342,349,359,353,378,350,393,342,407,331,417,317,422,300,425,283,428,265,431,245,302,222,311,213,323,210,337,209,349,213,371,211,385,207,399,207,412,211,421,220,360,226,360,236,359,245,359,255,347,271,353,273,360,274,367,273,373,272,316,235,324,231,333,230,342,234,333,236,324,237,381,232,389,228,399,228,406,232,399,235,389,235,334,303,342,295,351,290,359,293,366,290,376,295,386,303,376,311,367,314,359,315,351,314,342,311,339,303,352,299,359,300,367,299,381,303,366,303,359,304,351,303
clip_20250722_134056.avi,150,1,276,247,278,264,281,281,283,299,288,315,297,329,310,340,326,350,344,354,362,351,377,343,390,331,399,317,405,300,407,282,410,264,412,245,286,227,294,219,306,216,319,216,330,219,353,217,366,213,379,213,392,215,401,223,342,233,341,242,341,252,341,262,331,277,336,278,342,280,348,278,354,278,300,242,308,239,316,238,325,240,316,244,307,244,362,238,370,236,379,236,387,238,379,242,370,241,319,306,327,300,335,297,342,299,348,297,357,300,367,305,357,311,349,313,342,314,335,314,327,312,323,306,335,304,342,305,348,304,363,305,348,304,342,305,335,305
clip_20250722_134110.avi,30,1,278,255,282,274,286,292,290,310,296,327,307,341,321,353,337,362,355,364,372,361,386,350,398,337,406,321,411,303,414,285,416,267,418,247,288,234,298,226,312,223,325,223,338,226,360,224,374,219,387,218,401,220,410,228,351,239,351,250,352,262,353,274,340,287,347,289,353,290,359,288,365,287,304,247,312,243,322,242,330,246,322,249,312,250,370,243,378,238,388,238,395,241,388,245,379,245,328,317,336,310,345,306,353,308,360,305,369,309,378,315,370,325,362,329,354,330,345,330,336,326,332,317,345,314,353,315,361,314,373,316,361,318,353,319,345,318
clip_20250722_134110.avi,60,1,297,251,298,270,301,288,304,305,310,322,321,337,335,349,350,358,367,361,384,359,397,349,409,336,418,322,423,305,427,288,431,271,432,253,312,231,322,224,334,221,347,222,359,225,383,225,396,222,408,222,419,224,426,233,373,239,373,249,373,259,373,270,360,284,366,285,372,287,377,286,383,285,327,243,335,240,344,240,352,244,343,246,334,246,389,244,397,240,406,240,412,244,406,247,397,246,343,312,352,306,362,302,370,304,377,303,385,307,392,314,385,322,377,325,369,326,361,325,352,321,347,312,362,310,370,310,377,310,388,314,377,315,370,315,362,314
clip_20250722_134110.avi,90,1,287,253,289,271,292,289,295,306,300,323,310,337,324,349,340,358,358,361,375,359,390,349,403,336,411,321,416,304,418,287,422,269,424,250,298,233,308,226,322,223,335,224,347,227,371,226,384,222,396,222,409,224,417,232,360,240,360,251,360,262,361,273,347,286,354,288,360,289,366,288,372,287,314,246,322,243,331,242,340,246,331,248,322,249,379,244,387,241,396,241,403,245,396,248,387,247,332,313,341,308,351,305,359,307,366,305,376,309,385,314,376,324,367,327,359,328,350,327,341,322,337,314,351,312,359,313,366,313,380,315,366,316,359,316,351,315
clip_20250722_134110.avi,120,1,287,252,288,269,290,287,293,304,298,321,308,336,321,349,336,360,354,363,372,361,387,350,400,337,409,322,415,306,418,289,421,271,423,253,299,231,309,224,321,222,334,223,345,226,370,226,382,222,394,222,406,225,414,232,358,240,358,251,358,262,358,274,345,287,351,288,357,290,363,289,369,287,314,246,321,243,330,243,338,246,330,248,321,248,377,245,385,242,393,243,400,246,393,248,385,248,330,314,339,307,350,304,357,306,365,304,374,308,383,315,374,324,365,329,356,330,348,329,338,325,334,315,350,312,357,313,365,312,378,315,365,317,356,317,349,317
clip_20250722_134110.avi,150,1,290,250,291,269,293,287,297,305,303,322,314,336,328,348,343,358,361,361,378,359,392,349,404,336,413,321,418,304,422,287,425,270,427,251,303,229,314,221,327,219,340,220,352,224,375,224,388,220,401,220,412,222,420,231,365,238,365,248,365,258,365,270,351,283,358,285,364,287,370,286,376,284,318,243,326,240,336,239,344,244,335,246,326,246,382,243,390,239,399,240,406,243,399,246,390,245,336,312,345,305,355,301,363,304,370,302,379,306,388,313,379,322,371,326,363,327,354,326,345,321,341,312,355,310,363,310,370,310,383,313,370,315,363,315,355,314
clip_20250722_134110.avi,180,1,287,251,289,269,292,287,295,305,302,322,313,336,326,348,341,358,358,362,374,359,388,349,400,336,409,321,415,304,418,287,422,269,423,250,300,229,310,222,322,220,335,220,347,223,369,222,382,219,395,219,407,221,416,228,360,237,360,248,360,258,361,269,347,282,353,284,360,285,366,284,372,283,314,243,322,239,331,238,340,242,331,245,322,245,378,241,386,237,395,238,402,241,395,244,387,244,334,311,342,303,352,300,359,302,367,300,375,305,382,313,375,323,367,327,359,328,351,327,342,321,338,311,352,307,359,308,366,307,378,313,366,315,359,316,351,315
clip_20250722_134127.avi,30,1,293,257,295,276,298,296,302,314,309,332,319,347,333,361,349,372,365,375,382,373,396,361,407,347,416,330,421,313,425,294,428,276,430,257,307,238,318,232,331,230,344,232,356,235,380,234,393,232,405,231,417,232,425,240,369,248,369,259,369,270,370,282,356,295,362,297,369,299,375,297,381,296,323,252,332,248,341,247,349,253,341,255,331,255,387,252,395,248,404,248,411,252,405,256,395,255,344,325,351,318,361,314,369,317,376,315,383,319,389,327,383,337,376,342,368,343,360,342,351,336,349,325,361,322,368,323,376,323,385,327,375,329,368,330,360,329
clip_20250722_134127.avi,60,1,291,254,293,273,296,292,299,310,306,328,317,343,331,356,346,367,363,371,380,368,394,357,406,343,415,327,421,310,425,292,428,274,429,255,304,237,315,230,328,227,341,229,354,233,378,232,390,228,403,227,415,229,423,237,367,245,367,257,367,268,367,281,353,293,360,294,366,296,372,295,378,294,320,251,328,248,337,247,345,250,337,253,328,253,385,250,393,247,401,248,408,250,401,253,393,252,339,320,347,315,358,311,365,314,373,312,382,316,390,321,382,333,373,337,365,338,357,336,347,331,344,321,358,319,365,319,373,319,385,322,373,325,365,325,357,324
clip_20250722_134127.avi,90,1,288,256,291,276,294,296,298,314,305,332,316,347,330,360,346,370,364,373,380,370,394,358,406,344,415,327,421,310,424,292,428,273,429,254,302,238,313,230,326,228,339,229,352,233,376,231,389,228,402,227,414,228,423,236,366,246,366,257,366,269,366,281,353,295,359,296,366,298,372,297,378,295,318,250,327,247,337,246,345,251,336,253,326,254,384,250,392,245,401,245,408,249,402,252,392,252,338,323,346,317,357,313,365,316,372,313,381,317,390,323,382,333,373,338,364,339,356,338,346,333,343,323,357,321,365,321,372,321,385,323,373,326,365,327,357,326
clip_20250722_134127.avi,120,1,294,253,296,273,299,293,303,312,310,329,321,345,335,359,350,370,367,374,383,371,397,359,409,345,418,328,424,310,428,292,431,274,433,254,308,236,319,229,332,227,345,228,357,232,381,231,394,228,407,228,419,231,426,240,370,246,370,257,370,268,370,280,356,293,363,295,369,297,375,296,381,294,324,250,333,248,342,247,350,250,341,252,332,253,387,250,396,248,404,249,411,251,404,254,395,253,345,322,352,316,361,313,368,315,375,313,382,317,389,324,382,335,375,340,368,341,360,339,351,333,349,322,361,319,368,320,375,319,384,324,375,329,368,330,360,328
clip_20250722_134127.avi,150,1,301,251,301,270,303,289,306,307,311,324,321,339,334,352,350,363,367,367,384,365,398,355,410,343,419,328,426,312,430,295,435,277,437,259,314,233,325,226,338,225,351,227,363,231,386,231,399,228,411,228,423,231,431,238,375,245,374,256,374,267,373,280,360,291,366,293,372,295,378,294,383,293,329,247,337,243,347,243,354,249,346,250,336,250,393,250,402,245,410,246,417,250,411,254,402,253,344,317,353,312,362,309,370,312,378,311,387,315,395,321,386,328,377,331,369,331,361,329,352,325,348,318,362,318,370,319,378,318,390,321,377,320,369,320,362,319
clip_20250722_134127.avi,180,1,296,253,298,272,301,291,304,310,310,327,320,343,334,356,349,367,366,370,383,368,397,357,409,343,418,328,424,310,428,293,432,275,434,256,310,234,320,226,333,224,346,225,358,229,382,228,395,225,407,225,420,228,427,236,371,243,371,254,371,265,371,277,357,290,363,292,369,293,375,292,381,291,324,247,332,244,342,243,350,248,341,250,332,250,389,248,396,243,405,244,413,248,406,251,397,250,342,318,350,312,360,309,368,311,376,309,384,313,392,321,384,332,375,337,367,337,359,336,349,330,347,319,360,316,368,316,375,316,387,321,375,324,367,325,360,324
clip_20250722_134127.avi,210,1,281,257,283,276,287,293,291,311,298,327,308,342,322,354,337,365,355,368,372,365,386,354,397,340,406,323,410,305,413,287,416,269,417,250,293,238,302,231,315,228,328,228,340,231,362,229,375,225,388,224,400,226,409,234,353,244,353,255,353,266,353,278,341,290,347,292,354,293,360,292,366,291,308,252,316,249,325,248,333,250,325,253,316,254,372,248,380,245,388,245,395,247,389,251,380,250,329,319,336,313,346,309,354,311,361,309,371,312,379,318,371,328,362,333,354,334,346,333,337,328,333,319,346,316,354,317,361,316,375,319,361,322,354,323,346,322
clip_20250722_134127.avi,240,1,276,256,278,274,282,293,286,311,292,329,301,345,314,359,329,370,346,373,363,370,378,360,391,345,400,328,406,309,409,290,412,270,414,250,285,238,293,230,305,227,317,227,329,229,352,227,366,223,380,221,393,223,403,231,343,242,343,253,343,264,343,276,332,290,338,292,344,293,350,292,357,290,300,251,307,249,316,247,324,250,316,253,307,254,363,246,371,243,380,243,387,245,380,249,371,249,323,322,328,315,336,311,344,313,350,311,358,314,366,322,359,330,351,334,344,334,337,334,329,329,327,322,337,318,344,318,351,318,362,322,351,324,344,325,337,324
clip_20250722_134127.avi,270,1,274,258,277,276,281,295,286,314,293,331,303,346,316,360,331,370,349,373,366,369,380,357,392,342,400,325,406,306,408,286,411,266,412,246,282,238,291,230,302,227,315,226,327,228,352,225,365,220,378,218,392,219,401,226,341,241,342,251,342,262,343,274,333,289,338,290,344,291,350,290,356,288,297,250,305,246,314,244,322,248,314,251,305,252,362,243,369,238,378,237,386,241,380,245,370,245,324,323,329,315,337,309,344,311,350,309,358,312,366,320,360,328,352,333,345,334,338,334,331,330,328,322,337,318,344,318,351,317,361,319,351,322,344,323,338,323
clip_20250722_134127.avi,300,1,275,256,278,276,282,294,286,312,293,329,303,344,317,357,332,367,350,370,367,366,381,355,393,341,402,325,406,306,408,287,411,267,412,246,285,238,293,230,305,226,318,226,330,228,353,225,366,220,379,218,393,220,402,228,344,240,344,250,345,261,345,272,335,288,341,289,347,290,353,288,358,287,300,249,307,245,316,243,325,247,317,250,308,251,364,243,371,237,380,237,388,240,381,244,372,244,326,320,332,313,340,308,347,310,353,308,362,311,369,318,363,326,355,330,348,331,341,331,333,327,330,320,340,316,347,316,354,315,365,318,354,320,348,321,341,320
clip_20250722_134127.avi,330,1,274,257,277,276,281,294,285,312,293,329,303,343,317,355,333,364,350,367,367,363,382,353,394,338,402,322,406,303,408,284,410,265,411,244,283,238,292,229,304,226,317,225,329,227,353,224,367,220,379,218,393,219,402,227,344,241,344,251,345,261,346,273,335,288,341,289,347,290,353,288,359,286,299,249,306,245,316,243,325,247,316,251,307,252,364,243,371,237,380,237,388,240,381,245,372,245,325,319,332,312,340,308,347,310,353,307,362,310,369,317,363,325,355,329,348,330,341,329,333,326,330,319,341,316,348,316,354,315,365,317,354,318,348,319,341,318
clip_20250722_134139.avi,30,1,280,257,283,277,288,296,292,315,300,332,310,346,324,359,340,369,358,372,375,369,388,357,400,343,408,326,413,308,416,289,420,270,421,250,291,236,301,228,315,225,328,225,341,227,364,225,377,221,390,220,403,221,413,229,354,240,355,251,356,262,356,274,344,289,350,290,356,291,362,290,368,289,307,247,316,242,326,241,334,247,326,249,316,250,374,244,382,238,392,238,399,242,393,246,383,245,332,321,339,312,349,308,356,310,364,308,373,312,381,320,374,331,365,337,357,338,349,337,339,332,337,321,349,316,357,316,364,315,376,320,364,324,356,325,349,325
clip_20250722_134139.avi,60,1,287,250,288,269,291,287,295,305,301,322,312,338,326,350,343,360,360,363,378,360,392,350,404,336,412,320,418,303,421,285,424,267,425,249,299,229,310,221,323,219,336,220,349,224,373,222,387,219,399,219,411,221,419,230,362,237,363,248,363,258,364,270,350,284,356,286,363,287,369,286,374,284,315,242,323,239,333,238,342,242,332,245,323,245,380,241,388,237,397,238,404,242,397,245,388,244,336,314,344,308,354,304,361,307,368,304,377,308,386,313,377,321,369,324,361,325,354,325,344,321,340,314,354,313,361,313,368,312,381,313,368,313,361,314,354,313
clip_20250722_134139.avi,90,1,285,252,287,270,290,287,294,305,299,322,309,336,323,348,339,357,357,361,374,358,389,348,402,336,410,321,415,303,418,285,421,268,423,249,297,230,307,222,320,219,333,220,345,223,368,221,381,218,394,218,406,220,415,227,358,236,358,247,359,257,359,269,345,282,352,284,358,286,365,285,370,283,311,242,319,238,329,238,337,242,329,245,319,245,376,241,385,236,394,236,401,240,394,244,385,243,332,311,340,304,350,300,357,303,365,301,374,305,383,312,375,321,365,325,357,325,349,324,340,319,337,311,350,308,357,309,365,308,378,312,365,314,357,314,350,313
clip_20250722_134139.avi,120,1,284,252,286,270,289,288,293,305,299,322,309,337,322,349,338,359,356,362,374,359,389,349,401,336,409,321,414,304,417,286,421,269,422,250,296,229,306,222,319,219,332,220,344,223,367,221,380,218,393,218,406,221,414,229,357,237,357,247,357,258,357,269,344,283,350,285,356,286,362,285,368,284,311,243,319,239,328,238,337,242,328,245,319,245,376,241,384,237,393,237,400,241,393,244,384,243,331,313,339,306,348,303,355,305,362,303,371,306,380,313,372,319,363,323,356,323,348,323,339,319,335,313,348,311,355,312,362,311,376,312,363,311,355,312,348,312
clip_20250722_134139.avi,150,1,277,252,280,270,284,288,287,306,294,323,304,337,318,350,333,360,351,363,369,359,384,349,397,335,406,319,411,301,413,282,415,264,417,245,287,232,296,225,308,222,321,222,333,224,358,222,371,218,385,217,398,218,407,226,347,238,348,249,348,260,348,272,337,286,343,287,349,289,355,287,361,285,302,245,310,241,319,240,328,244,319,247,310,248,367,241,375,236,384,236,392,239,385,243,376,243,326,314,333,309,342,305,350,307,357,305,366,308,375,313,367,322,359,326,351,327,343,326,334,322,330,315,343,313,350,313,357,312,371,313,357,315,350,316,343,315
clip_20250722_134230.avi,30,1,274,259,276,278,279,296,283,315,290,332,301,347,313,360,329,370,347,373,364,370,379,358,392,344,401,328,406,310,409,291,412,271,413,252,283,237,292,229,305,226,318,226,330,230,352,228,365,223,379,222,392,223,402,231,342,243,343,254,343,265,343,277,332,291,338,293,344,294,350,292,355,291,297,250,305,246,315,245,323,249,315,252,305,253,363,247,371,241,381,241,388,245,382,249,372,249,320,323,327,315,336,310,344,312,352,309,361,314,371,321,362,331,353,336,345,337,336,336,327,332,324,323,336,319,344,320,352,319,366,321,352,324,344,325,336,324
clip_20250722_134230.avi,60,1,287,257,288,275,291,293,294,311,301,327,311,343,325,355,341,366,359,369,376,367,390,356,402,343,410,328,416,311,419,294,423,276,424,257,300,234,310,226,323,224,336,225,348,229,370,227,384,225,396,225,408,227,417,235,360,242,360,253,360,264,360,276,347,289,353,291,359,293,365,292,371,291,314,248,322,244,331,243,339,248,331,250,322,250,379,247,387,243,396,244,403,248,396,251,387,250,332,318,340,310,350,307,359,310,367,308,376,312,383,319,376,329,367,333,358,334,350,332,340,327,337,318,350,315,359,316,367,315,379,319,367,322,359,322,350,321
clip_20250722_134230.avi,90,1,289,256,291,276,294,294,298,312,304,330,314,345,327,358,343,369,361,372,379,369,394,358,407,344,416,328,421,310,424,292,428,274,429,255,302,236,312,229,326,226,339,227,352,231,375,229,388,226,401,225,413,227,422,236,364,244,364,255,365,266,365,277,351,291,358,293,364,295,370,294,377,292,317,249,326,245,336,244,344,250,335,252,326,252,383,249,392,244,401,244,408,248,401,251,392,251,335,321,344,314,355,310,363,313,370,311,381,315,390,322,381,332,371,336,362,337,354,336,344,331,340,321,355,319,363,319,371,319,385,322,370,325,363,326,354,325
clip_20250722_134230.avi,120,1,292,257,294,276,297,293,300,311,306,328,315,343,328,356,344,367,361,371,379,369,393,359,406,345,415,329,421,312,425,294,428,276,430,257,304,236,315,228,328,226,341,227,354,231,377,230,390,227,403,227,415,230,422,238,367,245,366,256,366,267,366,279,352,292,359,294,365,296,371,295,377,294,320,250,328,248,337,247,345,251,337,252,328,253,385,251,393,248,402,249,408,252,402,254,393,253,338,320,346,314,356,311,364,314,372,312,380,316,388,323,380,332,372,336,363,336,354,335,345,330,342,321,355,318,364,320,372,319,383,323,371,325,363,325,355,324
clip_20250722_134230.avi,150,1,281,263,283,281,287,299,292,316,298,333,308,347,321,359,336,369,353,372,370,369,386,358,399,345,408,329,412,311,415,292,418,274,419,255,290,242,299,235,311,232,324,232,335,236,360,233,373,229,386,227,399,228,409,235,349,248,349,260,349,271,350,283,339,297,345,298,351,300,357,298,362,296,305,255,312,251,321,250,330,254,321,257,312,258,369,251,377,246,386,246,393,249,387,253,378,253,326,324,334,319,343,315,350,317,357,315,367,318,376,323,367,331,359,335,351,337,343,336,334,332,330,325,343,323,351,324,358,323,371,323,358,324,351,325,343,324
clip_20250722_134230.avi,180,1,273,262,275,280,279,296,283,314,290,330,300,344,313,356,328,364,345,367,363,364,377,354,390,341,398,325,402,308,404,290,407,272,408,253,282,243,291,234,303,231,315,231,327,234,351,231,363,227,376,225,389,227,398,235,340,246,340,256,340,267,341,278,330,292,336,293,342,294,348,292,354,291,297,255,305,253,313,252,322,254,314,257,305,257,360,250,368,247,376,247,384,249,377,252,368,252,319,321,326,314,334,310,342,312,349,309,358,312,367,318,359,327,351,330,343,331,335,331,326,328,324,321,335,318,342,318,350,317,362,319,350,319,343,320,335,320
clip_20250722_134250.avi,30,1,289,254,291,272,294,290,297,308,304,325,314,340,328,352,344,361,362,364,380,362,395,352,407,338,416,322,421,305,423,287,426,269,428,250,301,234,310,225,324,222,337,223,350,227,375,225,388,221,400,220,413,223,420,231,363,241,364,252,364,263,364,275,351,287,357,289,364,290,370,289,376,288,316,247,325,243,334,242,343,247,334,249,324,250,382,245,390,241,399,241,407,244,400,248,391,248,336,314,345,308,355,305,363,307,371,305,380,309,390,315,380,324,371,328,363,328,355,328,345,323,340,314,355,312,363,313,371,312,385,315,371,317,363,318,355,317
clip_20250722_134250.avi,60,1,297,258,299,275,301,292,304,308,309,324,318,338,331,349,346,358,363,361,379,359,393,351,404,339,412,325,417,309,420,293,423,276,425,259,310,236,320,229,332,226,344,226,356,230,378,229,389,226,400,226,411,229,417,237,367,243,367,253,367,262,367,273,355,285,361,286,366,288,372,287,377,287,324,249,331,247,339,246,347,249,339,251,331,251,384,249,391,246,399,247,405,250,398,252,391,251,340,313,348,305,357,302,365,304,372,303,380,307,388,315,380,323,372,327,364,327,356,326,347,321,344,313,357,309,364,310,372,310,384,315,372,316,364,316,356,315
clip_20250722_134250.avi,90,1,288,260,291,278,294,295,297,311,303,327,313,340,328,350,343,359,360,361,376,359,390,349,401,337,409,323,413,306,415,289,418,272,419,255,301,239,310,231,322,227,335,227,347,230,369,229,380,225,393,224,404,227,412,235,359,244,359,253,360,263,360,273,348,287,354,288,360,289,366,288,372,286,316,251,324,246,332,245,340,250,332,252,323,253,376,248,384,243,392,243,399,247,393,250,384,250,335,315,343,307,353,303,360,305,367,303,376,306,384,313,376,322,368,325,360,326,353,326,344,322,339,315,353,310,360,310,367,310,380,314,367,316,360,317,353,316
clip_20250722_134250.avi,120,1,285,263,287,280,290,298,294,315,302,330,312,343,326,354,341,363,358,366,373,363,386,352,397,340,405,325,410,308,411,291,413,273,414,255,296,244,305,237,317,234,328,234,339,237,361,234,373,230,385,229,396,230,405,237,352,249,352,259,353,269,353,280,342,293,348,294,354,296,360,294,365,292,310,256,318,253,326,252,334,255,326,258,318,258,370,252,377,248,385,248,392,251,386,254,378,254,332,321,338,314,347,311,354,312,361,310,370,313,379,319,371,328,363,332,355,333,348,332,339,328,336,321,348,317,354,318,361,317,375,319,362,322,355,323,348,322
clip_20250722_134250.avi,150,1,281,264,283,281,286,298,291,315,298,330,309,342,323,352,339,359,355,362,370,358,384,349,395,337,402,323,406,307,407,290,408,273,409,256,293,245,302,238,313,235,325,234,336,237,358,235,369,230,380,229,391,230,399,237,348,249,349,258,349,268,350,277,340,292,346,292,351,293,357,292,362,291,308,259,315,256,323,254,331,257,323,259,315,260,366,253,373,250,381,250,387,252,381,255,374,255,328,318,336,312,345,308,352,309,359,307,368,310,377,314,369,324,361,328,353,329,346,329,337,326,332,318,346,315,353,315,359,314,373,315,360,318,353,320,346,319
clip_20250722_134250.avi,180,1,277,261,279,278,282,294,285,311,291,326,300,339,313,349,329,357,345,359,362,357,375,348,387,337,395,323,399,306,400,290,403,273,404,256,285,242,294,234,305,231,317,231,328,234,350,231,362,228,374,227,386,229,394,235,340,245,340,255,340,264,340,274,330,287,335,288,341,289,347,288,352,287,300,253,307,249,315,248,322,252,315,254,307,255,358,249,366,245,374,245,380,248,374,251,366,251,319,316,326,309,334,304,341,306,348,304,357,308,366,313,358,322,350,326,343,327,336,326,327,323,323,316,335,312,341,312,348,311,362,314,349,316,342,317,335,316
clip_20250722_134304.avi,30,1,296,254,299,274,302,294,305,312,312,330,323,345,338,358,354,369,372,372,389,369,403,357,415,343,423,326,429,308,432,290,435,272,437,252,310,237,321,230,334,228,348,229,360,232,385,231,398,228,410,227,423,229,431,237,374,246,375,258,375,269,376,281,362,294,368,295,375,297,380,296,386,294,326,250,334,246,344,246,352,251,344,254,334,254,392,250,400,245,409,245,416,249,410,253,400,253,348,324,356,317,366,314,374,316,381,314,389,317,396,324,389,333,381,337,373,338,365,337,356,332,352,324,366,322,374,322,381,321,392,324,381,325,373,326,366,325
clip_20250722_134304.avi,60,1,297,254,299,274,302,292,305,310,311,327,322,342,336,356,352,367,370,371,387,367,401,355,413,342,422,326,427,308,430,291,434,273,436,254,310,236,320,229,334,227,347,228,359,232,382,230,395,227,408,226,421,228,430,236,372,245,373,257,373,268,373,280,359,292,366,294,372,296,378,295,384,293,325,250,333,245,343,245,351,250,343,252,333,253,391,250,398,244,408,244,415,249,409,252,399,252,345,321,353,315,363,311,370,314,378,312,388,316,397,322,388,334,379,339,370,339,362,338,353,332,349,321,363,318,371,319,378,319,392,323,378,326,370,327,363,326
clip_20250722_134304.avi,90,1,288,256,291,276,295,295,299,313,306,330,317,345,332,358,348,368,365,370,382,367,396,356,408,341,416,325,421,307,424,289,426,270,428,251,303,238,313,231,326,229,339,229,351,232,376,231,388,227,401,226,413,227,421,235,365,246,366,257,367,269,367,281,354,294,361,295,367,296,373,295,378,294,318,253,327,250,336,249,344,252,336,255,327,255,383,250,392,247,400,247,407,249,400,253,392,253,340,322,348,316,358,313,366,315,374,313,382,316,390,322,383,332,375,337,367,337,358,337,348,332,345,323,358,320,367,321,374,320,385,323,374,325,366,326,358,325
clip_20250722_134323.avi,30,1,267,266,271,285,276,303,281,322,290,338,302,353,317,365,334,374,352,376,369,372,382,359,393,343,401,326,405,307,406,288,408,269,407,249,278,246,288,238,300,235,313,234,326,236,351,233,363,227,375,225,388,225,398,231,341,249,342,260,344,272,345,284,333,298,340,299,347,300,353,297,359,295,295,257,303,253,313,251,321,255,313,259,303,260,361,250,369,245,378,244,385,246,379,251,370,251,322,329,329,321,339,316,348,318,355,315,365,317,374,322,367,334,358,340,350,342,341,342,331,338,326,329,340,324,348,324,356,323,370,323,357,329,349,331,340,330
clip_20250722_134323.avi,60,1,292,257,294,276,297,295,302,313,309,329,320,344,335,356,351,366,368,369,385,366,398,355,410,341,418,325,423,308,426,290,429,272,430,253,307,235,317,227,331,225,344,225,357,229,380,228,392,224,405,224,417,226,424,234,370,243,370,254,370,265,371,276,357,289,363,291,370,292,376,291,382,290,322,248,331,244,340,243,348,248,340,250,331,251,387,247,395,242,404,243,411,247,404,250,395,249,343,319,351,312,362,307,370,310,378,308,387,312,395,319,387,331,378,335,369,336,361,335,351,330,348,319,362,316,370,316,378,316,390,320,378,322,369,323,361,322
clip_20250722_134323.avi,90,1,298,254,300,273,303,292,307,309,313,325,324,340,338,351,354,361,371,364,388,361,402,351,413,338,422,323,427,307,431,290,434,273,435,255,313,233,324,225,337,223,350,224,363,227,386,227,398,225,410,225,421,227,428,235,375,243,376,253,376,264,377,276,363,288,369,289,375,291,381,290,386,289,328,246,336,243,346,243,354,247,345,250,336,250,392,247,399,243,408,243,415,248,409,251,400,250,349,316,357,309,366,305,374,307,381,306,389,310,394,318,389,327,381,331,373,332,365,331,356,326,353,316,366,312,373,312,381,312,389,317,381,320,373,320,366,319
clip_20250722_134323.avi,120,1,294,257,297,275,300,293,303,310,309,326,319,340,332,352,347,361,365,363,381,361,396,352,408,340,416,325,421,308,424,291,427,273,429,254,304,237,313,228,326,224,339,225,351,229,374,227,387,223,400,222,412,225,421,234,364,243,364,254,364,265,364,277,352,289,358,291,364,292,371,291,377,289,319,249,326,244,336,244,344,249,336,252,326,252,383,247,390,242,400,242,407,246,400,250,391,249,339,316,347,310,357,306,364,308,372,306,380,309,389,315,381,324,372,327,364,328,356,327,347,324,343,316,357,313,364,314,372,313,385,316,372,317,364,318,357,317
clip_20250722_134323.avi,150,1,292,253,293,271,295,289,298,306,304,323,314,336,327,348,343,357,360,360,376,358,391,350,403,338,413,324,418,308,421,291,424,274,426,255,304,232,313,223,326,220,339,220,351,224,374,224,387,220,400,221,412,225,420,234,364,241,363,252,363,263,363,274,351,287,357,288,363,290,368,289,374,288,318,247,326,243,335,243,344,247,335,250,326,250,382,247,389,243,398,244,405,247,398,250,389,250,336,313,344,307,354,304,362,306,369,305,377,309,386,315,377,323,369,326,361,326,353,325,344,321,340,313,354,312,362,313,369,312,381,315,369,315,361,315,354,314
clip_20250722_134323.avi,180,1,286,254,288,273,292,291,296,309,302,326,313,340,326,353,342,363,359,366,376,363,391,352,403,338,412,322,417,305,419,286,422,268,423,249,296,235,305,226,318,222,332,222,344,225,368,223,382,220,395,219,407,222,416,230,358,240,358,251,359,262,359,274,346,288,353,289,360,291,366,289,372,287,312,247,320,243,330,242,338,247,329,249,320,250,377,245,385,239,394,240,401,243,395,247,386,246,333,317,342,311,352,307,359,309,366,307,376,310,385,315,377,326,368,331,360,332,352,331,342,327,338,317,352,315,359,315,367,314,381,316,367,319,359,320,352,320
clip_20250722_134354.avi,30,1,286,254,288,273,292,292,295,311,302,327,313,341,327,353,344,361,361,363,377,361,391,351,403,339,412,324,417,307,420,289,423,271,424,252,296,231,305,220,319,214,333,214,346,219,371,219,384,214,398,215,411,219,418,230,360,238,361,249,361,260,361,271,348,285,355,287,361,289,367,287,373,286,313,244,321,239,331,238,340,244,331,247,321,247,378,243,387,237,397,238,404,243,397,247,387,246,336,316,345,310,354,306,361,308,367,306,375,310,381,316,375,323,368,326,361,327,354,326,345,323,340,316,354,314,361,314,367,313,377,315,367,315,361,315,354,315
clip_20250722_134354.avi,60,1,292,254,294,273,297,291,300,309,306,326,317,340,331,352,347,362,365,365,382,363,396,353,408,339,416,324,421,307,424,290,427,272,429,253,303,234,312,224,326,219,340,220,353,225,376,224,389,220,403,220,416,224,423,234,365,240,366,251,366,262,366,274,353,287,359,289,366,291,372,290,377,288,319,246,327,241,337,241,345,247,336,249,327,249,384,246,392,240,401,241,408,245,402,249,392,248,339,316,347,309,357,306,365,308,373,306,382,310,391,317,383,326,374,330,365,330,357,330,347,325,343,316,357,313,365,313,373,313,387,317,373,319,365,320,357,319
clip_20250722_134354.avi,90,1,294,254,296,273,300,291,303,309,309,326,319,341,333,354,349,364,366,368,383,365,397,354,409,341,418,325,423,307,426,290,429,272,431,253,305,234,314,224,328,220,341,221,354,225,375,224,389,220,403,220,416,223,424,233,366,240,366,251,366,262,366,274,354,288,360,290,366,291,372,290,378,289,320,246,328,242,338,241,347,247,338,249,328,249,385,245,393,240,402,240,409,245,402,248,393,247,340,318,348,311,358,307,366,309,373,307,383,311,391,318,383,327,375,332,366,333,358,332,348,327,345,318,358,315,366,315,374,314,387,318,374,320,366,321,358,320
clip_20250722_134354.avi,120,1,293,254,295,273,297,291,300,308,306,325,316,339,331,351,346,361,364,364,381,361,396,351,409,338,417,323,422,306,425,289,428,271,430,253,303,237,312,229,325,225,338,226,350,229,374,229,387,224,400,224,413,227,421,235,363,244,363,255,363,266,363,277,351,291,357,292,364,293,370,292,376,290,319,251,327,249,336,248,344,250,336,254,327,254,382,249,390,246,399,247,406,249,399,252,390,252,338,317,347,313,356,310,363,312,370,310,378,313,389,316,379,323,371,326,363,327,356,326,347,323,342,317,356,317,363,317,370,316,385,317,370,317,363,318,356,317
clip_20250722_134418.avi,30,1,206,293,213,310,221,326,230,341,241,354,255,365,270,374,286,380,303,379,318,372,331,359,341,343,348,326,350,306,349,287,347,266,343,246,207,270,210,259,220,251,232,247,245,248,268,241,280,231,294,226,310,224,323,231,262,261,265,273,268,284,271,297,266,313,272,313,278,312,284,308,290,304,225,279,230,274,239,270,249,271,241,276,233,279,287,258,292,252,301,249,310,249,304,255,295,257,265,343,269,336,275,330,282,330,287,326,298,326,310,328,304,336,296,341,290,344,283,345,275,345,269,342,278,336,284,335,290,332,306,329,292,332,286,335,279,336
clip_20250722_134418.avi,60,1,259,256,261,274,265,292,269,310,276,326,287,340,301,351,317,361,335,364,353,360,368,350,380,337,389,321,394,303,396,284,398,265,398,245,266,233,274,222,286,217,300,216,313,219,336,217,349,211,364,210,378,213,388,222,326,234,326,244,327,255,327,266,317,282,323,283,329,284,336,282,342,280,282,245,290,241,298,239,307,242,299,245,290,246,348,238,355,234,364,233,372,236,365,239,356,239,308,314,314,306,323,301,331,302,337,300,347,303,357,311,349,321,340,325,332,326,324,326,315,322,312,314,323,308,331,308,338,307,352,311,339,313,332,314,324,314
clip_20250722_134418.avi,90,1,276,252,278,271,281,289,285,306,293,321,305,333,321,343,338,349,355,352,371,349,384,340,394,328,401,314,407,299,409,282,411,265,411,248,292,223,302,213,315,208,329,207,343,211,364,210,376,207,389,209,399,213,406,223,355,228,355,237,356,245,357,255,343,271,350,272,356,274,361,273,367,272,309,236,317,232,326,231,334,235,326,237,317,238,370,235,378,231,386,232,393,236,386,238,378,237,330,302,338,293,348,289,354,292,361,290,369,295,377,302,369,310,362,312,355,313,348,312,339,308,335,301,348,298,354,298,361,298,372,301,361,301,355,302,348,301
clip_20250722_134418.avi,120,1,264,259,267,276,271,293,275,310,282,326,292,340,306,351,322,360,339,363,356,359,371,349,384,336,392,321,397,303,399,285,401,267,402,248,272,236,280,226,293,222,306,221,318,223,341,221,354,216,368,215,382,217,391,226,331,238,332,249,332,259,332,271,322,285,328,286,334,288,340,286,346,284,288,249,295,245,304,243,313,247,304,250,295,251,352,243,359,238,368,238,376,241,369,244,360,244,310,315,317,307,327,303,335,305,342,302,353,306,364,312,354,323,344,328,336,329,328,328,318,324,314,315,327,310,335,310,342,309,359,313,343,317,336,317,328,317
clip_20250722_134418.avi,150,1,262,260,265,277,269,294,272,312,279,328,290,341,305,352,321,360,339,363,356,359,370,349,383,337,391,321,395,303,397,285,398,266,399,247,270,241,278,232,290,227,304,226,316,228,339,225,352,220,366,219,379,221,389,229,329,242,330,253,330,264,331,275,320,289,327,290,332,291,339,289,345,288,286,254,294,251,302,249,311,250,303,254,294,255,350,246,357,243,366,243,373,244,367,247,358,248,310,318,317,312,325,308,333,309,339,307,349,310,360,313,351,322,342,325,335,326,327,326,318,323,314,317,326,315,333,315,340,314,356,314,341,315,334,316,326,316
clip_20250722_134429.avi,30,1,277,259,279,277,283,295,286,313,292,329,303,342,317,353,332,362,350,364,366,362,381,352,393,341,402,326,406,309,409,291,412,273,413,254,287,239,296,231,308,227,320,227,333,230,356,229,369,225,382,224,396,226,405,234,345,244,345,254,346,265,346,276,334,290,340,292,346,293,352,292,358,291,301,251,309,247,318,246,326,250,318,253,309,253,365,248,373,243,382,243,390,246,383,250,373,250,323,319,330,312,339,308,346,310,353,308,362,312,372,318,363,326,355,329,347,330,339,329,331,326,328,319,339,316,347,317,354,316,367,318,354,319,347,320,339,319
clip_20250722_134429.avi,60,1,278,258,280,275,283,292,286,310,292,326,302,340,316,352,331,362,349,365,366,362,381,352,393,339,401,324,406,306,407,289,410,271,411,252,287,239,295,230,307,226,320,227,332,230,354,228,367,224,380,223,393,225,401,233,344,242,345,253,345,263,345,275,333,288,340,289,346,291,352,289,358,288,301,251,308,247,317,246,326,249,317,252,309,253,364,247,371,243,380,243,387,246,381,249,372,249,321,316,329,310,338,306,346,308,353,306,363,310,374,315,364,326,355,329,347,330,339,329,329,325,325,316,338,313,346,313,353,312,369,316,354,319,346,319,338,319
clip_20250722_134429.avi,90,1,287,255,288,274,291,291,294,309,300,325,310,339,323,351,339,360,356,364,373,361,387,352,399,340,408,325,413,309,416,293,419,275,421,257,300,237,310,228,323,225,336,226,349,230,371,230,383,227,396,227,408,230,415,239,360,245,360,255,361,265,360,276,348,290,354,291,360,292,365,291,371,290,315,249,323,245,332,245,340,250,332,252,323,252,378,250,385,245,394,246,401,250,394,253,385,252,333,316,342,311,351,307,358,310,365,308,374,312,383,317,374,326,365,329,358,329,350,328,341,324,337,316,351,315,358,315,365,315,379,317,365,318,358,319,351,318
clip_20250722_134429.avi,120,1,290,253,292,272,294,290,297,307,303,323,313,338,326,349,342,358,359,362,376,360,391,351,403,339,412,325,417,308,420,291,424,274,426,255,302,234,312,225,325,221,339,221,352,226,373,226,386,222,399,222,412,226,420,236,363,241,363,252,363,263,363,274,350,287,356,288,362,290,368,289,374,288,317,246,326,242,335,242,343,247,334,249,325,249,381,247,389,242,398,243,405,247,398,250,389,249,335,315,344,308,353,305,361,307,368,305,376,309,384,315,376,324,368,327,361,327,353,326,344,322,340,315,353,313,361,314,368,313,380,315,368,315,361,315,353,315
clip_20250722_134429.avi,150,1,284,254,285,272,288,289,290,306,296,323,305,337,319,349,334,359,352,362,369,360,384,351,397,339,406,323,411,306,413,289,416,272,418,254,294,237,303,229,316,226,328,227,340,231,362,229,375,225,389,224,401,227,410,236,352,244,351,255,351,265,351,277,339,290,345,291,351,293,357,291,364,290,309,251,317,249,326,248,334,250,326,253,317,253,371,249,379,247,388,248,395,249,388,253,379,252,327,315,335,311,343,308,351,310,358,308,367,311,377,315,367,322,359,324,351,325,343,324,336,321,331,316,344,315,351,316,358,315,373,316,358,315,351,316,344,315
clip_20250722_134835.avi,30,1,328,229,330,246,332,263,336,281,346,296,360,308,378,316,397,320,417,321,434,317,446,308,456,295,462,281,465,264,466,248,466,233,465,216,346,201,355,193,367,188,379,188,391,192,417,191,427,186,439,184,450,188,457,197,406,207,407,216,409,224,411,233,396,248,403,249,411,250,417,248,423,246,360,218,368,215,376,214,385,216,377,218,369,219,422,214,431,212,439,213,446,215,439,217,431,216,381,275,393,268,405,263,412,265,418,263,428,266,437,272,429,278,420,281,413,282,406,282,394,280,386,275,405,272,412,272,419,271,433,272,419,271,412,273,405,273
clip_20250722_134835.avi,60,1,333,226,334,244,336,262,340,281,349,298,361,313,376,325,395,333,414,336,432,333,446,323,456,308,464,291,469,274,471,256,473,239,473,221,351,200,360,192,372,188,384,189,397,193,425,193,435,188,447,187,458,190,465,199,411,209,413,219,414,228,415,239,400,252,407,254,414,255,421,254,427,252,366,217,373,213,382,213,391,217,382,219,373,219,428,216,436,212,445,212,453,216,445,218,437,218,380,282,392,272,405,268,413,270,421,268,432,272,441,281,432,294,422,300,413,301,404,301,391,295,384,282,405,276,413,276,421,276,437,281,421,288,413,289,404,288
clip_20250722_134835.avi,90,1,328,229,330,246,333,264,338,281,346,297,359,311,375,322,394,328,413,329,430,325,444,314,455,301,463,284,467,267,467,249,468,231,467,213,342,203,350,194,362,188,374,188,387,191,412,189,423,182,436,180,448,183,456,192,401,206,402,215,404,225,405,235,392,250,399,251,406,252,413,250,420,248,357,218,364,214,372,212,382,215,373,218,365,219,419,212,427,207,436,207,444,210,437,213,428,213,376,280,387,270,399,265,407,266,415,264,426,267,437,275,428,287,417,293,409,294,400,294,388,291,380,280,399,273,407,272,415,271,433,275,416,283,408,284,399,284
clip_20250722_134835.avi,120,1,325,233,327,251,330,269,336,288,345,304,358,319,373,331,392,339,411,341,428,336,441,325,450,310,457,292,462,273,464,255,465,236,464,217,340,205,348,196,359,191,371,191,384,195,409,192,420,186,432,184,445,187,453,197,398,209,400,218,401,227,403,237,389,252,396,253,404,254,411,252,417,250,354,220,361,215,370,214,379,217,371,220,362,221,416,214,424,209,433,209,441,213,434,215,425,215,374,285,383,272,395,266,404,267,412,265,424,270,433,281,426,297,415,304,406,306,396,305,384,300,378,285,396,274,404,273,413,273,429,281,413,293,405,294,396,294
clip_20250722_134835.avi,150,1,327,235,330,253,334,271,340,289,351,304,365,316,383,324,403,328,422,329,439,324,451,314,460,300,466,284,468,267,469,250,469,233,467,216,345,208,354,199,366,195,379,195,392,198,417,195,428,189,439,186,451,189,458,197,408,213,410,222,412,232,415,241,400,256,408,257,415,257,422,255,427,252,361,226,369,223,378,221,387,222,379,225,370,226,424,218,433,215,441,215,448,217,441,219,433,219,387,285,399,276,410,270,416,271,423,269,433,272,442,278,435,288,426,292,419,294,411,294,400,292,392,284,410,279,417,279,424,278,438,278,425,281,417,282,411,283
clip_20250722_134924.avi,30,1,298,228,298,250,300,272,305,292,315,311,330,326,349,338,370,347,392,349,411,344,427,333,438,318,447,300,453,280,456,261,459,241,459,221,324,195,335,186,349,183,364,185,377,191,407,191,419,185,432,183,444,186,451,196,393,209,395,221,397,234,399,247,380,262,389,264,396,265,404,264,410,261,340,216,349,211,360,211,370,217,360,219,350,219,411,216,420,211,430,211,439,216,431,219,421,218,361,296,375,286,388,281,396,283,404,282,414,286,422,295,414,307,404,313,396,314,387,313,374,309,366,296,388,291,396,291,404,290,416,295,403,299,396,301,387,301
clip_20250722_134924.avi,60,1,307,239,313,264,320,287,329,309,347,326,370,336,396,342,422,344,441,342,454,334,461,318,467,301,471,283,474,265,476,247,473,229,467,213,347,199,358,187,374,181,391,180,408,185,433,185,441,178,450,175,459,176,464,183,427,206,433,215,439,225,446,235,424,256,432,257,441,257,446,255,451,251,368,216,378,209,389,207,400,213,390,216,379,218,436,210,443,203,453,202,460,208,454,211,445,211,405,292,420,280,435,273,443,274,448,271,455,275,459,285,456,297,450,304,443,306,435,306,420,303,411,291,435,282,443,281,448,281,455,285,449,290,443,292,435,293
clip_20250722_134924.avi,90,1,306,228,308,252,312,276,318,298,330,318,346,335,365,348,387,357,408,358,423,353,435,339,445,322,453,304,460,285,465,266,467,247,466,228,338,206,351,197,367,194,382,195,397,201,428,202,438,196,449,194,460,195,466,204,414,221,417,234,419,248,422,262,401,277,409,279,418,280,425,278,431,275,355,223,367,217,379,216,387,226,378,227,366,227,429,226,439,217,449,216,455,223,450,227,440,227,379,309,394,302,409,297,417,299,424,297,432,300,439,306,431,316,424,323,415,325,406,325,393,322,384,309,408,306,416,306,424,305,434,307,424,309,416,311,407,311
clip_20250722_134924.avi,120,1,308,232,311,255,315,277,322,298,335,317,352,334,371,346,393,354,414,356,431,351,444,337,454,321,462,303,467,284,470,265,472,246,471,226,334,206,347,198,363,195,378,197,393,202,419,202,431,196,444,193,457,195,466,204,409,221,411,234,413,247,416,261,398,276,406,277,414,278,421,277,427,274,353,228,363,224,373,224,384,228,374,232,363,232,425,227,435,222,445,222,454,226,446,230,436,230,379,307,392,298,405,294,413,296,421,294,430,297,438,304,431,316,423,321,414,322,405,322,392,318,384,307,405,303,413,303,421,302,433,305,422,307,414,308,405,308
clip_20250722_134924.avi,150,1,325,230,328,252,331,274,338,294,350,312,365,328,383,340,404,347,425,349,443,345,457,333,468,316,476,297,481,279,484,260,486,241,486,221,349,202,361,194,376,190,391,192,406,198,434,198,446,192,459,189,472,192,480,201,422,217,423,229,425,242,427,255,409,271,418,272,426,273,433,271,439,269,367,225,376,223,386,222,397,224,387,228,376,228,440,224,449,221,459,222,468,224,459,228,449,227,391,301,404,294,417,290,425,292,433,290,442,293,451,298,443,308,434,312,426,313,417,312,405,310,396,301,417,299,425,300,433,299,446,299,433,298,425,300,417,299
clip_20250722_134950.avi,30,1,297,222,299,246,303,269,309,291,320,311,335,329,354,341,376,350,397,352,415,348,431,336,443,319,452,300,458,279,461,259,463,237,464,216,320,192,332,182,348,178,363,180,378,186,405,187,418,180,432,178,446,181,453,192,394,210,396,222,398,235,400,247,382,265,390,266,398,267,405,266,412,264,336,220,346,216,357,215,368,220,357,224,346,224,412,219,421,214,432,215,441,219,433,223,422,223,363,300,376,289,389,284,397,286,405,284,416,289,424,299,417,314,407,320,398,322,388,321,375,316,369,300,389,295,397,295,406,295,418,299,406,304,397,305,389,305
clip_20250722_134950.avi,60,1,304,218,306,240,310,262,316,283,326,301,340,318,357,330,377,338,398,340,417,336,433,326,445,310,454,292,459,272,462,251,465,229,464,206,320,186,330,176,343,172,357,173,371,178,401,177,414,170,428,167,442,170,452,181,388,198,389,211,390,223,391,235,377,254,385,255,392,256,399,254,406,252,335,209,343,203,355,202,366,209,355,212,344,213,408,206,417,198,428,198,438,203,430,208,418,208,365,294,375,282,386,275,393,277,400,274,410,280,418,289,411,300,403,304,395,305,387,305,376,303,370,292,386,287,393,287,400,286,413,288,401,288,394,289,387,289
clip_20250722_134950.avi,90,1,303,230,305,251,310,272,315,293,324,312,336,329,351,342,369,352,388,355,407,352,424,341,437,325,447,306,454,285,457,264,460,241,460,218,316,204,326,196,340,194,353,196,366,201,395,200,408,194,422,190,437,192,448,201,382,220,383,234,383,249,384,264,370,277,378,279,385,281,393,279,400,276,330,227,339,222,350,222,361,228,350,232,339,232,403,226,412,219,424,219,434,223,425,229,414,229,358,311,368,304,378,299,386,302,393,299,403,303,413,310,404,320,395,324,387,325,378,324,369,321,363,311,378,309,386,310,393,308,408,310,394,310,386,312,378,311
clip_20250722_134950.avi,120,1,299,231,302,252,307,272,312,292,319,311,330,328,345,341,362,351,382,353,402,350,420,340,434,326,444,306,450,285,453,263,457,242,457,219,311,204,320,195,334,192,348,194,361,199,391,198,404,190,419,187,434,190,444,200,376,218,376,232,377,247,378,261,364,275,371,277,379,278,386,276,394,274,325,229,334,226,344,225,356,227,345,232,334,233,399,226,410,222,420,222,430,224,421,230,410,229,351,309,361,301,371,296,379,298,387,296,397,299,408,307,398,317,389,321,380,321,372,321,362,318,356,308,371,306,380,306,387,305,403,306,387,306,380,308,371,307
clip_20250722_135016.avi,30,1,319,212,320,235,322,257,327,278,337,297,351,313,370,325,390,334,411,338,430,336,444,326,456,313,466,296,472,277,476,258,480,238,480,218,348,182,360,173,375,169,391,171,405,177,433,181,445,177,459,177,470,182,477,193,420,200,421,210,422,221,424,232,404,249,412,250,420,252,427,251,434,250,364,204,374,200,385,200,395,205,384,207,374,207,435,209,445,205,455,207,463,212,455,214,444,212,385,282,399,271,412,265,420,267,426,266,435,273,440,285,433,296,425,300,417,301,409,299,397,295,391,281,411,276,419,277,425,277,435,284,425,285,418,286,410,285
clip_20250722_135016.avi,60,1,331,230,330,257,331,284,335,309,346,331,361,351,379,368,397,379,415,384,431,382,445,370,458,354,469,336,480,317,489,297,496,277,499,256,364,214,380,208,398,208,414,214,428,222,456,226,469,222,481,221,493,224,499,233,440,244,440,260,440,275,441,290,417,301,426,304,434,307,442,306,449,304,379,243,391,243,402,245,411,249,400,252,389,250,455,255,466,253,477,255,485,258,476,262,466,261,390,329,406,324,422,322,429,326,437,324,446,329,453,335,443,350,433,357,424,358,415,356,402,349,396,330,420,331,428,333,436,333,447,335,435,341,426,342,418,341
clip_20250722_135016.avi,90,1,324,217,322,239,321,263,324,285,332,305,343,325,357,341,375,352,394,358,412,357,428,347,442,332,453,316,462,298,470,280,476,262,479,242,352,196,366,190,382,189,396,194,409,202,438,208,450,204,462,205,473,209,479,219,422,222,421,236,421,249,421,263,400,274,407,277,415,280,422,280,429,278,366,218,377,214,388,216,397,225,386,226,375,224,436,232,447,227,458,229,464,236,457,239,446,237,375,303,389,296,403,294,411,297,419,296,426,302,431,312,423,323,414,328,405,328,396,326,385,319,380,304,401,303,409,305,417,305,426,311,416,313,407,313,399,312
clip_20250722_135016.avi,120,1,329,215,330,236,332,256,336,276,345,293,359,308,376,320,396,327,416,330,434,327,448,318,459,304,467,288,472,271,476,254,479,237,480,219,354,191,365,182,380,179,395,181,409,187,433,190,445,185,458,185,469,189,476,199,422,207,423,218,424,229,425,240,407,255,415,256,422,258,428,257,434,256,369,212,379,210,389,210,398,213,389,215,379,215,437,216,447,214,456,215,463,219,455,221,446,220,388,283,402,276,415,273,422,275,428,273,436,277,443,284,435,291,427,294,419,295,412,294,401,291,393,283,414,282,421,283,427,282,439,284,427,283,420,284,413,283
clip_20250722_135134.avi,30,1,314,224,316,244,319,264,324,283,333,299,346,312,363,322,381,328,399,330,416,327,428,318,438,305,446,289,450,273,453,256,455,238,454,221,337,195,347,187,360,183,373,184,386,190,412,192,422,187,434,186,444,189,450,199,400,207,402,217,403,227,405,237,389,253,396,254,403,255,409,254,414,252,352,213,360,208,370,208,379,214,369,216,360,216,415,215,423,209,432,210,439,215,432,217,423,217,372,283,384,273,395,268,402,270,408,268,416,273,423,282,416,292,408,297,401,298,394,297,383,294,377,283,395,277,402,278,408,277,418,282,408,284,402,285,395,284
clip_20250722_135134.avi,60,1,314,214,316,234,320,254,326,273,337,289,350,302,368,311,388,315,408,315,426,312,439,304,450,291,456,274,460,257,462,239,463,221,462,202,334,182,343,172,356,166,371,166,385,171,410,171,421,164,434,163,447,167,454,177,399,187,401,196,403,205,405,215,389,234,397,234,404,235,411,234,417,232,349,200,358,195,367,194,378,197,368,200,359,201,416,195,425,191,434,192,442,196,435,198,425,197,375,269,386,255,397,248,405,249,412,247,422,253,430,265,423,275,414,279,407,280,398,280,386,278,380,268,398,258,406,257,412,257,425,264,413,266,406,267,398,267
clip_20250722_135134.avi,90,1,311,220,311,242,314,263,319,283,329,301,342,317,360,328,379,336,398,339,415,337,429,328,440,314,449,297,455,280,460,262,463,243,464,224,335,195,348,187,362,185,377,187,390,194,416,195,428,190,440,189,452,193,459,203,403,215,404,226,405,238,406,251,389,265,396,266,404,268,410,267,416,266,350,220,360,219,369,219,379,221,369,224,359,224,419,224,429,222,439,223,447,225,439,228,429,228,371,296,383,287,395,283,402,285,409,283,416,288,423,297,416,305,408,309,401,309,393,309,382,305,376,295,394,293,402,294,408,293,418,296,408,295,401,296,394,295
clip_20250722_135134.avi,120,1,315,211,314,235,316,258,321,279,332,298,347,314,366,327,387,335,406,338,423,335,436,325,447,310,457,293,464,276,469,258,473,239,473,220,348,183,360,175,375,171,390,174,404,181,433,186,444,181,455,180,466,183,471,193,419,203,420,214,422,225,424,237,403,253,411,255,419,256,425,255,431,254,364,205,374,200,384,200,393,207,384,209,373,209,433,211,443,205,453,207,459,213,452,216,442,214,383,285,397,276,411,271,417,274,423,272,430,278,434,289,428,299,420,304,413,304,406,303,394,298,389,285,409,282,416,283,422,283,429,288,421,288,415,289,408,288
clip_20250722_135134.avi,150,1,315,209,315,230,315,250,318,270,326,288,337,304,353,315,372,323,391,326,409,326,424,319,435,307,444,292,449,276,454,260,459,243,461,225,342,184,353,175,368,173,382,176,394,184,420,188,431,184,443,184,454,190,459,201,406,204,406,214,407,224,407,234,389,248,396,250,403,252,410,252,416,251,356,206,365,204,375,205,384,209,374,210,364,210,421,214,431,213,440,215,446,219,438,220,429,218,370,277,382,269,394,264,401,267,408,266,414,272,419,283,413,290,405,293,398,292,390,291,380,287,375,277,393,274,400,276,407,276,415,281,406,279,399,279,392,278
clip_20250722_135201.avi,30,1,311,205,311,226,312,246,316,266,324,284,338,299,355,311,374,319,394,323,411,322,426,313,439,301,448,286,454,269,458,252,462,234,463,216,337,176,349,167,363,164,378,166,391,172,418,176,429,172,442,173,453,179,459,190,405,193,405,203,406,213,407,224,389,240,396,242,404,243,410,243,416,242,352,196,362,192,372,192,381,198,371,200,361,200,420,203,429,199,439,201,446,207,438,208,428,207,371,270,384,262,396,258,403,261,409,260,417,266,424,276,415,282,407,284,400,284,393,283,383,279,376,270,395,268,402,270,408,270,420,275,408,272,402,272,395,270
clip_20250722_135201.avi,60,1,309,208,310,229,311,249,315,269,324,287,337,303,354,316,373,325,392,329,409,326,424,317,437,303,446,287,451,270,455,252,458,233,459,215,334,181,345,171,359,168,374,170,387,177,413,180,424,175,437,174,449,180,455,191,400,198,400,207,401,217,402,227,385,244,392,245,400,247,406,246,412,245,349,203,358,202,367,202,377,205,367,207,357,207,415,208,425,206,434,208,441,211,433,213,424,212,369,276,380,266,392,260,399,262,405,261,413,267,420,280,412,290,404,294,397,294,389,293,378,289,374,276,391,270,398,271,404,271,415,278,404,279,398,280,390,279
clip_20250722_135201.avi,90,1,310,213,310,235,311,257,316,277,324,296,337,314,354,328,371,339,389,343,407,341,421,331,433,317,444,300,451,282,456,264,460,245,462,226,336,191,348,184,363,182,377,186,390,192,417,196,428,192,441,191,452,196,458,206,402,214,402,226,402,238,403,251,385,265,392,267,399,269,406,268,412,267,350,217,360,216,369,216,379,220,368,222,358,221,417,224,428,223,437,225,445,228,437,231,427,229,367,295,379,289,391,285,397,288,403,287,411,292,418,300,410,310,402,313,395,313,388,312,377,307,373,296,390,296,397,297,403,297,413,300,402,298,396,299,389,298
clip_20250722_135201.avi,120,1,314,209,313,230,313,251,316,272,324,291,335,309,350,324,368,335,385,340,403,339,419,330,433,316,444,300,452,282,457,264,462,245,465,226,339,182,351,176,365,175,379,178,391,185,420,190,432,187,444,186,455,191,461,202,404,207,403,218,403,229,403,241,386,255,393,258,400,260,406,260,412,259,352,206,361,201,371,202,380,210,370,212,360,210,420,216,430,211,440,213,447,219,439,222,429,220,365,286,377,278,389,274,397,277,403,276,411,283,418,294,409,304,400,308,393,307,384,305,374,299,370,286,388,283,396,285,402,286,413,293,401,292,394,292,386,291
clip_20250722_135320.avi,30,1,331,226,331,245,332,263,335,282,343,298,355,311,371,320,390,327,408,330,425,329,440,322,451,311,459,297,464,282,467,266,470,249,471,232,353,194,363,185,376,182,389,184,401,189,427,192,438,188,449,188,460,193,465,204,414,206,415,215,416,223,417,231,401,248,408,250,415,251,421,251,426,249,366,213,375,209,384,208,393,214,384,215,374,215,429,216,438,212,447,214,454,220,446,221,437,219,384,279,395,269,407,264,414,266,420,265,428,271,435,283,427,291,419,294,412,294,404,292,394,289,389,279,406,274,413,274,419,275,430,282,419,281,413,281,406,280
clip_20250722_135320.avi,60,1,337,217,339,240,341,263,347,285,359,304,375,320,395,333,416,341,437,344,456,340,471,328,482,312,491,293,497,273,500,253,503,233,502,213,363,186,375,177,391,173,406,175,421,182,450,183,463,177,476,175,489,179,496,190,437,203,438,214,440,225,442,236,423,255,432,256,440,257,447,256,454,255,379,213,389,210,400,210,411,213,400,216,389,216,455,213,465,211,475,212,484,215,475,218,465,217,403,290,417,280,431,274,440,276,447,275,457,280,467,290,457,303,448,308,439,309,430,308,417,304,409,290,431,285,440,285,447,285,462,290,447,293,439,294,430,293
clip_20250722_135320.avi,90,1,339,220,341,244,343,267,350,289,362,308,378,325,398,337,419,346,441,348,459,344,473,331,484,315,493,297,499,278,502,258,504,238,504,217,367,188,379,179,395,176,410,178,425,185,454,186,466,181,480,179,492,182,500,194,441,206,443,218,445,229,447,242,428,259,436,260,444,262,451,261,458,259,384,211,394,206,405,206,416,213,405,215,393,215,458,214,467,208,478,209,487,214,478,218,467,217,412,295,424,284,436,278,444,280,452,278,460,284,466,295,460,306,452,311,444,312,435,311,423,306,418,294,436,288,444,289,451,289,461,294,451,295,444,296,436,295
clip_20250722_135320.avi,120,1,332,236,333,261,335,286,342,310,355,330,372,347,392,361,414,371,435,375,454,371,469,357,482,341,493,321,500,301,504,281,507,259,507,238,364,204,378,195,394,192,411,195,427,202,456,205,469,199,482,197,495,201,503,212,442,225,443,238,445,251,447,265,426,281,435,283,444,285,451,284,459,282,382,229,393,225,404,225,415,231,403,233,392,233,460,233,470,228,481,229,489,234,481,238,470,237,404,316,419,306,433,301,442,304,450,302,459,308,467,318,458,330,449,336,440,337,431,336,417,330,410,316,432,311,442,312,449,312,461,317,449,320,441,321,432,320
clip_20250722_135320.avi,150,1,329,239,330,262,332,286,338,308,349,327,366,342,385,354,406,362,426,366,443,363,455,352,465,337,474,320,481,303,486,285,489,267,489,248,365,213,379,205,395,202,411,205,425,212,452,216,462,211,474,211,484,214,489,225,439,234,441,245,443,256,445,268,423,283,431,285,440,287,446,286,453,284,383,234,393,231,403,231,412,237,402,239,392,238,452,242,462,238,471,239,477,244,470,246,461,245,404,314,418,306,432,301,439,304,446,302,452,308,456,317,451,327,444,331,437,331,428,330,416,326,409,314,431,312,438,312,444,312,452,317,444,317,438,318,430,316
clip_20250722_135320.avi,180,1,339,230,341,250,344,269,350,288,362,303,378,314,398,320,418,324,437,325,453,322,463,313,471,300,477,285,480,270,482,255,483,239,481,224,367,198,378,190,391,186,406,186,419,192,444,194,453,189,464,188,474,192,479,201,434,210,436,219,439,228,442,238,423,253,431,255,439,256,445,255,450,253,383,218,392,215,401,214,410,217,401,219,392,220,447,218,456,216,464,217,470,220,463,222,455,221,407,281,420,275,432,271,439,273,444,271,452,275,459,282,452,288,445,291,438,291,432,290,420,288,411,281,432,279,438,280,444,279,455,281,444,280,438,280,432,280
clip_20250722_135342.avi,30,1,330,192,331,216,334,240,340,263,352,282,369,298,389,310,412,318,434,321,453,317,467,307,479,292,488,273,494,254,498,233,502,213,502,192,360,157,373,147,389,142,406,143,422,150,451,152,464,147,478,147,490,151,497,163,438,172,440,184,442,195,445,207,424,226,432,228,441,229,448,228,455,227,379,180,389,174,401,174,412,180,401,183,389,183,454,182,465,176,476,178,484,184,476,186,465,185,403,263,418,251,432,245,440,247,448,246,457,252,464,265,456,276,447,281,438,281,430,280,417,275,409,263,431,256,439,257,447,257,458,264,447,265,439,265,431,265
clip_20250722_135342.avi,60,1,327,229,328,249,331,269,336,287,345,302,358,316,373,327,389,334,404,337,417,335,429,326,438,314,446,299,452,283,457,267,460,250,461,233,350,208,362,201,375,200,388,203,400,208,422,210,432,206,443,205,452,207,458,215,411,225,412,237,413,248,414,261,398,271,405,273,411,274,417,273,422,272,364,226,373,223,382,224,389,229,381,231,372,231,425,231,432,227,441,227,448,231,441,234,433,234,382,296,393,290,403,287,410,290,416,289,422,292,427,299,422,309,415,313,408,313,401,312,392,307,387,296,403,295,409,296,415,296,424,299,415,300,409,301,402,300
clip_20250722_135342.avi,90,1,329,222,328,242,329,263,333,282,341,299,354,315,369,327,386,336,404,339,420,337,433,328,443,316,452,301,459,285,464,268,468,251,470,234,355,199,366,192,381,190,395,192,407,200,430,204,440,200,452,199,462,203,468,213,417,219,418,230,418,240,419,252,402,265,408,266,415,268,421,267,427,266,369,220,378,217,387,217,395,223,386,224,377,224,431,227,440,224,449,225,455,230,448,232,439,231,384,293,396,287,407,284,414,286,419,285,426,290,431,297,424,304,417,307,411,307,404,306,394,302,388,293,406,293,413,294,418,294,427,296,417,295,412,295,406,294
clip_20250722_135342.avi,120,1,351,224,352,245,355,267,361,287,371,304,386,319,406,329,426,335,447,338,464,335,477,325,487,312,495,295,499,278,503,262,506,245,506,228,381,195,393,186,409,182,424,184,439,191,466,194,476,190,488,190,499,194,504,205,454,212,456,222,458,232,460,243,440,259,447,261,455,262,462,262,467,260,398,217,409,214,418,214,428,218,418,220,408,220,467,222,477,220,486,222,493,225,485,227,476,225,421,288,435,281,447,277,454,279,460,278,467,283,474,293,466,299,459,301,452,301,444,300,433,297,426,288,446,286,453,287,459,288,470,292,459,289,453,289,445,288
clip_20250722_135424.avi,30,1,330,222,331,242,333,262,339,281,349,297,364,309,382,318,402,324,421,326,437,323,449,314,459,301,466,286,470,269,473,252,474,235,473,218,356,190,366,182,379,178,393,179,406,184,433,185,443,181,454,180,464,184,469,193,421,203,422,211,424,219,426,227,409,245,417,246,424,246,430,246,436,245,371,209,380,205,389,204,398,209,389,211,379,211,435,210,443,205,452,206,458,212,452,213,443,212,394,276,405,264,417,259,424,261,431,259,439,265,445,277,438,288,430,292,423,293,415,292,404,287,399,276,417,268,424,269,430,269,440,277,430,278,423,279,416,278
clip_20250722_135424.avi,60,1,334,240,334,258,335,276,339,293,348,308,360,322,375,332,391,340,406,343,419,340,430,332,439,320,447,306,452,292,456,277,459,262,459,247,358,219,368,213,380,211,392,213,403,219,425,221,434,218,443,217,452,219,457,227,414,235,415,244,416,253,417,263,402,275,408,276,414,278,419,277,424,276,371,236,379,233,387,234,394,239,386,240,378,240,426,241,433,237,441,238,447,243,441,245,433,244,385,299,396,293,407,290,412,292,418,291,425,295,431,302,424,312,417,317,410,317,404,316,394,311,389,299,406,298,412,298,417,298,427,302,417,305,411,305,405,304
clip_20250722_135424.avi,90,1,328,263,329,280,331,297,336,312,344,326,356,338,370,347,386,352,400,354,413,352,423,344,432,333,438,320,443,306,446,292,448,277,448,261,350,241,359,234,370,232,381,233,391,237,413,239,421,234,430,233,439,235,444,243,402,252,404,261,405,271,406,280,393,292,399,293,405,293,410,293,414,291,362,256,368,251,377,251,384,257,376,259,368,259,415,257,422,252,429,252,436,256,430,259,422,259,380,318,389,309,399,304,405,305,409,303,415,307,419,316,415,326,410,330,404,331,398,331,389,328,384,318,398,312,404,311,409,311,415,316,409,319,404,320,398,320
clip_20250722_135424.avi,120,1,349,229,350,250,352,271,358,291,368,308,383,323,402,333,423,339,442,341,459,338,471,329,481,315,488,299,493,283,497,267,500,251,499,234,378,202,390,193,405,190,420,193,433,200,459,203,469,198,481,197,492,202,498,212,447,220,449,230,451,240,453,251,433,266,441,268,449,269,455,268,461,267,394,223,404,221,414,221,423,225,413,227,403,227,461,228,471,226,479,228,486,231,479,233,470,232,416,295,430,287,442,283,448,286,455,284,462,289,468,298,461,304,454,307,447,307,440,306,429,303,421,295,441,293,448,294,454,294,464,297,454,294,447,295,441,294
clip_20250722_135440.avi,30,1,333,210,334,231,337,252,342,272,353,290,367,306,383,319,402,328,420,331,436,327,449,316,460,301,469,285,476,267,480,249,483,231,484,212,359,186,371,178,385,176,399,178,412,184,438,186,449,180,461,178,472,180,479,188,426,203,427,216,429,229,430,242,413,256,420,257,428,259,434,257,440,255,374,208,383,203,393,203,402,209,393,212,382,212,442,210,450,204,460,204,468,209,461,213,451,213,393,284,406,277,419,273,426,276,433,274,441,277,448,283,441,295,433,301,425,302,417,302,405,297,399,284,418,282,426,283,433,282,443,284,433,287,425,288,418,288
clip_20250722_135440.avi,60,1,324,204,324,224,325,244,329,263,338,279,350,294,365,306,382,313,398,316,413,315,426,307,436,294,445,280,452,264,457,247,461,230,463,213,351,179,362,173,375,172,388,175,399,181,423,184,433,180,444,179,453,182,459,191,410,199,410,209,411,218,412,229,396,242,402,244,408,245,414,245,419,244,363,201,372,199,381,200,388,204,380,206,371,205,424,207,433,205,441,206,447,210,440,212,432,211,378,270,389,261,400,257,406,259,412,258,419,264,423,274,417,284,410,288,403,289,396,288,387,283,383,270,399,267,405,268,411,268,419,273,411,274,404,274,398,274
clip_20250722_135440.avi,90,1,341,174,340,195,340,216,344,237,353,256,365,274,382,288,401,298,421,302,440,300,454,289,465,274,474,257,481,239,485,222,489,203,491,184,366,151,379,143,393,141,407,144,420,151,445,152,457,148,469,147,480,151,486,162,432,170,433,181,433,191,434,202,416,217,423,220,430,222,437,221,443,220,379,175,389,174,398,174,407,177,398,179,388,179,447,180,457,178,466,180,473,183,465,185,456,184,394,248,408,241,420,238,427,240,435,239,444,244,452,253,442,264,433,269,425,269,417,267,405,262,400,249,419,247,427,248,434,248,446,253,433,254,426,255,418,254
clip_20250722_135440.avi,120,1,368,197,366,216,365,237,366,256,371,275,382,292,397,305,414,314,434,319,453,320,469,312,483,301,493,286,500,271,505,255,511,239,514,222,395,174,407,168,422,167,435,172,447,179,473,185,484,182,496,183,507,188,512,200,458,199,457,209,457,220,456,231,438,244,445,246,451,249,457,249,463,249,408,196,417,193,427,195,435,202,425,202,415,201,472,210,482,206,491,208,498,214,490,216,480,214,416,269,429,265,441,263,448,266,455,265,462,271,468,280,458,285,450,286,443,285,436,283,426,278,420,270,439,271,447,273,453,274,464,279,452,274,445,274,438,272
clip_20250722_135526.avi,30,1,323,229,324,251,327,273,333,293,344,309,359,323,377,333,397,341,414,343,429,340,440,329,450,316,458,300,464,283,468,266,471,249,471,231,353,203,365,195,379,192,393,194,407,199,433,202,443,197,454,196,464,199,470,208,421,219,422,230,424,242,426,253,408,267,416,269,423,270,429,269,434,267,368,222,378,218,388,218,397,224,387,226,377,226,435,225,443,220,452,220,459,226,452,229,443,228,391,299,404,290,416,284,423,286,429,284,435,289,439,298,435,307,428,312,421,313,414,313,403,310,396,298,415,293,422,294,428,293,435,297,428,298,422,300,415,299
clip_20250722_135526.avi,60,1,326,266,327,284,329,302,334,318,342,333,354,346,369,356,384,363,398,365,411,363,420,354,429,342,436,329,442,315,446,300,449,285,449,269,349,248,359,243,371,241,382,244,393,249,414,250,423,247,432,245,441,247,446,255,404,264,405,275,406,286,407,296,393,306,398,307,405,309,410,308,414,306,361,267,368,265,376,265,384,269,375,271,367,271,416,271,423,268,431,268,437,271,431,274,423,274,378,331,388,324,398,320,404,322,409,321,414,324,418,331,413,339,408,344,402,345,396,344,387,341,383,331,397,328,403,328,408,328,414,330,408,332,403,334,397,333
clip_20250722_135526.avi,90,1,328,240,328,260,330,280,334,299,343,317,355,332,370,344,387,353,404,356,419,353,432,344,443,331,452,315,459,299,464,282,468,265,469,247,353,219,365,214,378,213,390,216,401,222,427,224,437,220,447,218,457,220,464,228,413,240,413,252,414,263,415,275,398,287,405,290,412,291,418,290,424,289,366,242,375,240,384,240,392,244,383,246,374,246,428,247,437,244,446,245,452,248,446,251,437,250,383,315,394,309,405,305,411,308,417,307,424,311,429,317,423,326,416,330,409,331,402,329,392,325,387,315,404,315,411,316,417,315,425,317,416,317,410,318,403,317
clip_20250722_135526.avi,120,1,332,233,334,253,338,274,344,292,354,309,370,322,389,331,409,337,429,338,446,335,458,325,468,312,476,296,480,279,482,261,484,244,483,226,356,203,367,194,382,189,397,191,410,196,435,196,446,190,459,189,471,193,478,203,425,214,427,224,429,234,431,245,414,261,422,263,430,263,436,262,441,261,373,223,382,219,392,218,402,222,392,224,382,225,440,221,450,218,459,219,467,222,459,225,450,224,399,292,412,283,423,279,430,280,436,279,444,283,452,291,445,298,437,301,430,302,423,302,412,299,404,292,423,288,430,289,436,288,448,291,437,289,430,290,423,289
clip_20250722_135548.avi,30,1,323,226,325,249,329,271,336,293,350,310,367,324,387,335,409,343,429,345,446,341,459,329,469,314,478,296,483,277,486,258,488,237,487,217,351,192,363,182,378,177,394,177,409,183,437,185,449,179,462,177,475,181,482,191,426,204,429,215,431,226,434,238,415,257,423,258,432,259,439,258,445,256,369,212,379,207,390,206,401,212,390,215,379,215,442,211,451,205,462,206,470,211,462,214,452,214,396,291,410,281,423,275,431,277,439,275,449,281,457,290,449,303,439,309,431,310,422,309,409,304,402,291,423,286,431,287,438,286,452,290,438,292,431,294,423,293
clip_20250722_135548.avi,60,1,333,238,333,257,334,277,339,295,347,312,357,328,371,341,386,350,403,354,417,352,431,343,442,330,451,315,458,298,462,282,466,264,467,247,353,218,364,213,376,212,388,215,399,221,423,223,434,219,445,217,456,220,463,228,411,238,411,249,411,261,412,273,397,284,403,287,410,288,416,288,421,286,365,239,373,236,382,236,390,242,381,244,372,243,426,245,434,239,443,240,450,245,444,248,434,248,380,311,391,305,401,302,407,304,414,303,421,307,428,314,421,323,413,328,406,329,399,328,389,323,385,311,401,310,407,311,414,311,423,313,413,315,406,316,400,315
clip_20250722_135548.avi,90,1,337,242,337,261,339,279,343,297,352,313,363,326,378,337,394,345,411,349,426,347,439,338,449,326,458,311,464,295,467,279,471,262,471,244,359,215,369,208,381,205,393,207,404,212,429,215,439,210,450,209,460,212,465,221,417,229,418,239,419,248,420,257,405,272,411,273,418,274,423,274,429,273,372,234,380,230,389,230,397,235,388,237,379,237,432,237,439,232,448,233,455,238,448,241,439,240,389,303,399,292,409,287,417,289,423,288,431,293,437,305,430,317,422,322,415,323,407,322,397,317,394,302,409,296,416,297,422,297,432,304,422,308,416,309,408,308
clip_20250722_135610.avi,30,1,335,224,335,246,337,268,342,289,352,308,366,324,385,337,407,346,427,349,446,346,460,336,472,321,481,304,486,286,490,267,493,247,494,227,362,193,373,183,388,180,403,182,416,188,445,191,457,185,469,184,481,189,488,201,432,209,433,220,435,231,436,243,418,261,426,262,433,263,440,263,446,261,377,216,387,210,398,211,407,217,397,219,386,219,448,219,457,213,468,215,475,221,468,223,457,222,400,296,412,284,425,278,432,280,439,279,447,285,454,298,447,309,438,315,430,315,422,315,411,310,405,296,424,288,432,289,438,289,448,296,438,298,431,299,423,299
clip_20250722_135610.avi,60,1,323,222,323,243,325,264,330,284,340,302,352,319,367,333,385,342,402,345,417,343,431,333,442,319,452,302,459,284,464,266,467,248,468,229,345,200,357,193,371,191,385,194,397,200,423,202,434,198,447,196,458,198,466,208,410,219,411,232,412,244,413,257,397,271,404,273,411,274,417,273,423,271,360,222,369,218,379,219,388,225,378,227,368,226,426,227,435,221,445,222,452,226,445,230,436,230,379,299,392,296,403,293,409,296,415,294,422,297,430,300,422,309,414,314,408,314,401,313,391,309,383,300,402,301,409,302,415,301,426,301,414,303,408,304,402,303
clip_20250722_135610.avi,90,1,329,261,330,277,332,293,335,309,343,323,355,334,369,342,385,348,400,351,413,349,424,341,433,330,439,317,443,303,445,289,447,274,446,260,349,237,357,230,367,227,378,228,389,232,410,234,418,230,428,229,436,232,441,240,400,248,401,255,403,263,404,270,391,283,397,284,403,285,408,284,412,283,361,253,368,249,375,249,382,253,375,255,368,255,413,254,419,250,426,251,432,255,426,256,419,256,379,309,387,300,397,296,402,297,407,296,413,301,419,311,413,319,406,323,401,324,395,323,386,319,383,309,396,304,402,304,406,304,414,310,406,312,401,313,396,312
clip_20250722_135610.avi,120,1,355,239,357,262,360,284,367,305,379,323,395,339,415,350,435,358,455,360,472,356,485,344,496,330,505,312,511,294,514,275,517,256,516,237,382,209,395,200,410,197,426,200,439,207,468,207,480,201,492,199,504,201,512,211,456,227,457,240,459,252,462,265,443,281,451,283,459,284,466,282,472,280,400,235,410,232,420,232,431,235,420,239,409,239,472,235,482,232,492,233,500,236,492,240,482,239,425,313,438,305,451,301,459,303,466,301,475,305,482,312,475,321,467,326,458,327,450,326,438,322,430,313,450,311,458,311,466,310,478,312,466,311,458,312,450,312
clip_20250722_135632.avi,30,1,335,214,336,239,338,264,344,287,357,307,375,324,395,337,415,347,435,351,452,348,465,336,476,321,486,302,494,283,500,264,504,244,504,224,370,184,384,176,400,173,417,175,432,183,464,189,476,184,488,184,498,187,504,197,449,208,450,221,452,234,454,248,432,264,441,266,449,268,456,267,462,265,388,209,399,205,410,205,421,213,409,215,398,214,463,217,473,211,484,213,491,219,483,222,473,220,411,296,425,288,440,284,448,287,455,285,462,291,468,301,461,312,453,317,445,318,436,316,423,310,416,297,438,293,447,295,454,295,463,300,453,302,446,302,438,301
clip_20250722_135632.avi,60,1,330,253,332,274,335,294,341,313,351,329,365,344,380,356,396,365,410,367,422,364,433,353,442,338,450,322,457,305,462,288,465,270,465,252,350,233,361,227,374,226,387,228,399,233,425,233,435,228,446,225,456,226,463,233,413,249,414,262,415,274,417,287,402,298,408,300,415,301,421,300,426,298,365,252,373,248,383,248,391,254,382,257,372,257,427,254,435,247,445,247,452,251,446,256,436,256,386,326,397,320,408,317,414,319,421,317,428,320,434,325,428,337,421,343,413,345,406,344,395,339,391,326,407,324,414,325,421,324,430,326,420,330,413,332,407,332
clip_20250722_135632.avi,90,1,322,240,324,259,327,279,332,297,342,313,355,327,371,337,389,343,406,345,421,343,434,333,443,321,451,305,456,289,459,273,462,255,462,238,346,214,357,207,369,204,383,205,395,210,419,212,429,207,441,206,451,209,457,219,408,227,409,237,410,247,412,257,397,271,403,273,410,274,416,273,421,272,361,234,369,232,378,231,386,234,378,237,369,237,422,235,431,232,439,233,446,236,439,239,431,238,382,302,393,292,403,288,410,290,415,289,422,293,427,302,422,311,415,315,408,316,401,315,392,312,387,301,403,297,409,298,415,298,422,301,414,302,408,303,402,302
clip_20250722_135632.avi,120,1,331,227,332,247,335,268,340,287,350,305,365,320,383,330,404,337,424,340,441,337,455,328,465,315,473,299,478,282,481,265,484,247,484,230,358,201,370,192,384,188,400,190,413,197,439,198,450,193,463,193,474,197,480,208,427,216,429,226,431,236,432,246,414,263,422,264,429,265,436,265,442,263,374,222,384,220,394,219,403,222,394,225,383,225,442,224,452,222,461,224,468,227,461,230,451,228,397,292,410,284,422,280,429,282,435,281,443,286,451,294,443,302,435,305,428,305,421,304,409,301,402,292,422,290,428,291,434,291,446,293,434,292,428,292,422,292
clip_20250722_135652.avi,30,1,326,222,327,244,329,267,335,289,347,307,364,322,383,332,405,338,425,340,441,337,455,327,465,313,474,296,479,278,483,260,486,241,485,221,357,187,370,179,385,176,400,178,414,184,439,187,450,181,463,180,474,184,480,195,428,205,430,215,432,225,434,235,414,253,422,254,430,255,436,255,442,253,372,212,382,210,392,210,401,213,391,215,382,215,442,215,452,213,461,214,468,218,460,220,451,218,396,287,409,275,422,269,430,271,436,270,445,276,450,288,444,299,436,304,428,305,420,304,408,300,402,287,422,280,429,281,436,281,445,287,436,288,429,289,421,289
clip_20250722_135652.avi,60,1,327,252,328,272,332,292,338,310,348,327,361,343,376,355,393,364,408,366,422,362,433,351,443,337,451,321,458,305,462,288,465,271,465,253,348,235,360,230,373,229,385,232,396,237,421,236,432,232,442,229,453,230,460,236,409,253,410,266,411,279,413,292,398,303,405,304,412,306,417,304,423,302,362,255,370,252,380,252,388,257,379,260,370,259,425,257,433,251,442,251,449,254,443,259,434,259,385,329,395,324,405,320,412,322,418,320,425,323,431,328,425,337,419,342,412,343,404,342,395,339,389,330,405,329,412,329,418,328,427,328,418,329,411,331,405,331
clip_20250722_135652.avi,90,1,333,263,333,281,334,298,338,315,346,330,356,345,369,356,383,364,397,367,410,364,422,356,432,344,439,330,446,316,450,301,453,286,454,270,351,246,361,241,373,240,384,242,394,247,416,249,426,245,436,243,446,246,452,254,405,262,405,273,406,284,406,296,392,306,398,308,404,309,409,308,414,306,363,262,370,258,379,259,386,265,378,267,369,266,418,267,425,262,434,262,441,267,434,270,426,270,377,329,387,325,397,323,402,325,408,324,414,327,421,330,414,339,407,343,401,343,394,342,385,338,381,329,396,330,402,331,407,330,417,331,407,333,401,334,395,333
clip_20250722_135652.avi,120,1,342,258,342,276,344,295,348,312,355,328,365,342,378,354,393,362,407,364,419,363,430,356,440,345,448,331,455,316,460,301,464,286,466,269,362,243,373,239,385,238,396,241,407,246,430,248,439,244,449,243,459,245,465,253,417,261,417,272,417,283,418,295,404,305,410,306,415,308,420,307,425,306,374,260,382,257,391,257,398,264,389,266,381,265,431,266,438,261,446,261,453,266,447,270,438,269,392,330,401,325,410,322,414,324,419,322,424,326,428,332,423,339,418,342,413,343,407,342,399,339,395,331,409,330,414,330,418,330,425,332,418,331,413,332,408,331
clip_20250722_135652.avi,150,1,348,234,348,255,351,276,355,296,365,313,379,327,396,338,416,345,435,347,451,344,464,335,474,322,482,306,488,290,492,274,495,257,495,240,376,208,388,201,403,199,417,202,430,208,455,211,466,207,477,206,487,209,493,219,443,227,444,238,446,248,447,259,428,273,436,275,443,276,449,276,455,274,390,231,400,229,410,229,419,233,409,235,399,235,457,236,466,234,475,235,481,239,474,241,465,240,410,302,423,294,435,290,442,292,449,291,455,296,461,305,454,313,447,316,440,317,432,316,421,312,415,302,434,299,441,300,448,300,456,304,448,303,441,304,433,303
clip_20250722_135731.avi,30,1,324,229,324,248,326,268,331,286,340,302,353,316,369,327,386,335,403,337,418,335,431,326,442,313,450,298,456,281,459,265,462,248,462,232,348,204,359,197,371,194,385,196,397,201,419,202,429,198,441,197,451,201,457,210,408,218,409,226,410,235,411,244,396,259,402,261,409,262,415,261,420,260,361,224,370,222,378,222,387,224,378,226,370,226,422,226,430,224,438,226,445,229,438,230,430,229,378,288,389,278,401,274,408,276,414,275,423,281,429,291,422,303,413,308,406,308,398,307,387,302,383,288,400,283,407,283,414,284,424,291,413,294,406,295,399,294
clip_20250722_135731.avi,60,1,328,231,329,252,330,272,335,292,345,309,359,323,375,334,394,342,412,345,428,342,441,334,451,321,459,306,466,290,470,273,473,256,473,238,359,204,370,196,384,193,397,195,410,201,435,206,445,201,456,201,466,205,471,214,423,222,424,232,425,242,427,252,409,267,416,269,423,270,429,269,434,268,373,225,382,220,391,221,400,227,390,229,381,228,436,230,444,225,453,226,459,232,453,234,444,233,392,296,403,287,415,283,422,285,428,284,435,290,440,300,434,310,427,314,419,314,412,313,401,308,397,297,414,292,421,293,427,293,435,300,427,300,420,300,413,300
clip_20250722_135731.avi,90,1,325,233,325,253,326,273,329,292,337,310,348,326,363,338,379,348,396,352,411,351,425,342,437,329,448,314,455,298,460,282,464,265,466,247,350,211,362,206,376,205,388,208,400,215,425,218,436,215,447,214,457,218,462,228,411,233,411,244,411,255,411,267,395,279,401,281,408,283,414,283,420,282,363,232,372,229,382,230,390,237,380,238,371,237,426,241,434,237,444,238,450,244,443,246,434,245,376,306,388,300,399,296,406,299,413,298,420,303,425,312,419,322,411,326,403,326,395,325,385,319,381,307,398,305,405,306,412,307,421,311,411,313,404,313,397,312
clip_20250722_135731.avi,120,1,329,232,329,252,330,272,333,292,341,309,353,325,368,338,385,347,402,351,418,350,433,341,445,328,455,312,462,295,467,278,471,260,473,241,353,207,364,200,378,198,392,201,404,208,429,211,440,207,452,206,463,210,469,221,416,227,416,238,416,249,417,260,400,272,406,275,414,277,421,276,427,275,366,230,376,228,385,229,393,233,384,234,375,234,431,236,441,234,450,236,457,239,449,242,440,240,380,301,392,294,404,290,412,293,418,292,426,297,432,307,424,317,416,321,408,321,400,320,389,314,385,302,403,299,411,300,417,301,427,306,416,308,409,308,402,307
clip_20250722_135731.avi,150,1,338,240,339,259,340,277,344,295,352,311,364,325,379,336,397,344,413,347,429,345,443,337,455,325,464,310,469,294,472,277,475,260,475,242,359,214,369,208,381,206,394,208,405,213,429,215,440,211,451,209,462,212,469,221,418,230,418,241,419,251,420,262,405,275,412,277,418,278,424,277,430,276,372,234,381,230,389,231,398,236,389,238,380,238,433,238,441,233,450,233,457,238,450,241,441,240,390,303,400,295,410,291,417,293,424,291,432,296,439,305,432,315,424,319,417,319,409,318,399,314,394,303,410,300,417,300,423,300,434,305,424,305,417,306,410,305
clip_20250722_135757.avi,30,1,337,218,337,240,339,261,345,281,356,298,371,313,390,324,410,332,430,335,446,332,460,322,471,308,479,291,485,273,488,255,491,236,490,217,364,188,375,180,389,176,404,177,417,183,444,184,455,179,468,177,479,182,485,193,432,203,434,213,435,223,437,233,419,251,427,252,435,253,441,252,447,251,379,209,389,203,399,203,409,210,399,212,388,212,447,211,457,204,467,205,474,211,467,214,457,213,400,283,413,273,427,267,434,270,440,268,449,274,457,285,449,297,440,302,432,303,424,302,412,297,406,283,426,278,433,279,440,279,452,285,439,286,432,287,425,286
clip_20250722_135757.avi,60,1,337,223,338,246,340,269,346,290,357,310,372,326,390,340,408,350,426,353,441,351,454,339,465,323,474,305,482,287,487,268,491,248,492,228,365,200,377,193,392,191,406,194,419,199,450,200,461,195,472,194,483,196,489,205,435,219,436,233,438,246,439,260,421,273,428,275,436,277,442,275,448,274,381,219,392,215,402,215,410,223,401,224,390,223,452,225,461,218,471,218,477,224,471,227,462,227,400,303,413,297,426,293,434,296,442,294,450,299,457,305,449,318,440,324,432,325,423,324,411,317,405,304,426,304,433,305,441,304,452,306,440,308,432,309,424,308
clip_20250722_135757.avi,90,1,325,227,324,247,325,267,329,286,338,303,352,317,369,328,388,336,406,339,422,337,435,329,444,317,452,302,458,286,463,270,466,254,466,237,355,200,366,193,380,190,394,192,406,199,431,204,441,200,452,200,460,204,465,214,419,219,420,229,421,238,423,248,405,263,411,264,418,266,424,265,429,264,369,220,378,215,388,216,396,223,387,224,377,223,431,228,439,223,448,225,453,231,447,232,438,231,387,292,400,284,412,279,418,282,422,281,428,287,432,296,426,303,420,306,414,306,408,305,398,301,392,292,411,290,416,291,421,291,428,295,421,292,416,292,410,291
clip_20250722_135757.avi,120,1,333,256,333,276,335,295,340,313,348,329,360,344,375,356,391,365,407,367,421,366,434,357,444,345,453,330,460,313,464,297,468,279,469,261,352,236,363,230,376,229,389,231,401,236,425,239,436,234,447,232,458,235,465,244,413,253,414,265,415,277,416,289,400,300,407,302,414,303,419,302,425,301,366,255,374,251,384,251,393,257,383,259,373,259,428,259,436,253,445,254,453,259,446,262,436,262,383,326,394,320,404,317,412,319,418,317,426,321,432,327,426,338,418,343,411,343,403,342,392,337,388,326,404,324,411,325,418,324,428,327,418,330,411,331,404,330
clip_20250722_135757.avi,150,1,353,232,354,253,356,275,363,295,374,313,390,327,410,337,430,344,450,346,466,342,477,331,487,317,494,302,499,286,503,270,505,253,505,236,383,206,395,199,410,196,425,198,438,205,462,207,473,202,485,202,496,205,502,215,452,224,453,235,455,246,457,257,437,271,445,273,453,275,459,274,465,272,399,228,409,226,419,226,427,230,418,232,409,232,465,232,475,230,484,232,490,235,483,237,474,236,419,300,432,293,445,290,452,293,459,291,467,296,475,302,467,309,459,311,452,311,444,311,432,308,423,300,444,299,452,300,458,300,471,302,459,300,452,300,445,300
clip_20250722_135907.avi,30,1,324,226,326,247,329,268,334,288,345,305,361,319,380,329,400,336,419,339,436,335,450,325,460,311,468,294,472,277,474,259,476,241,475,223,351,197,362,188,376,183,391,184,405,189,430,191,440,185,452,185,463,189,469,199,419,208,421,217,423,225,425,235,408,253,415,254,423,255,429,254,435,252,368,217,377,214,386,213,395,216,386,219,377,219,433,217,442,215,451,216,458,220,450,221,441,220,389,284,401,274,414,268,422,270,429,269,438,275,446,286,438,299,429,304,421,304,413,304,401,299,394,285,414,278,422,278,428,279,441,286,429,292,422,292,414,291
clip_20250722_135907.avi,60,1,333,230,333,247,334,263,337,280,344,294,355,306,369,316,385,322,401,324,415,323,428,316,437,306,445,294,449,280,453,266,456,251,456,236,354,206,363,199,375,196,386,198,397,204,418,206,428,202,438,202,447,206,452,215,408,220,408,227,409,235,410,243,396,257,401,258,407,259,412,259,417,258,366,222,374,219,382,219,389,224,381,226,373,225,420,227,428,223,436,224,442,229,435,231,427,230,380,282,390,273,400,269,406,271,411,270,418,275,424,286,417,294,410,297,404,297,397,296,388,292,384,282,400,277,405,278,411,278,419,285,410,285,405,285,399,284
clip_20250722_135907.avi,90,1,336,233,336,251,338,268,343,284,351,298,362,311,376,320,392,327,407,329,421,326,432,318,441,306,447,293,452,278,455,264,457,249,456,234,356,211,365,205,376,202,388,204,398,208,420,210,429,207,439,205,448,208,453,216,410,226,411,235,412,244,413,254,399,266,405,268,411,269,416,268,421,267,369,228,376,225,384,225,392,230,384,232,375,232,422,232,429,227,437,228,443,232,438,235,430,234,386,291,396,286,406,283,411,285,415,284,422,287,428,293,421,299,415,302,410,302,404,301,395,298,390,291,405,291,410,291,415,291,424,292,415,291,410,292,405,291
clip_20250722_135907.avi,120,1,325,225,326,244,328,263,333,282,341,298,353,312,369,323,387,331,405,334,421,332,433,323,443,310,451,295,456,279,460,262,463,244,463,227,348,198,358,191,370,188,383,190,394,196,421,197,431,192,441,191,451,194,457,203,408,215,409,224,410,234,412,245,396,259,403,261,410,262,415,261,421,260,361,219,370,214,379,214,388,220,379,223,369,223,422,221,431,216,440,216,447,222,440,225,431,224,380,289,391,279,402,275,409,277,415,276,423,281,429,291,423,302,415,306,408,307,400,306,390,301,385,289,402,284,409,285,415,285,424,290,414,293,408,293,401,293
clip_20250722_135907.avi,150,1,343,228,343,248,344,269,349,288,358,305,371,319,387,330,406,337,424,340,441,338,454,330,464,317,472,302,478,286,482,270,485,253,487,235,368,200,380,194,393,192,407,195,419,201,444,204,455,200,467,199,477,203,483,212,432,220,432,231,433,242,434,253,417,267,424,269,431,271,437,270,443,269,382,223,391,220,401,220,409,225,400,227,390,227,446,229,455,226,464,227,471,232,464,234,455,232,399,294,412,288,423,285,429,287,436,286,443,290,451,297,442,304,435,306,428,306,420,305,410,302,403,294,422,293,429,294,435,294,447,297,435,295,428,295,422,294
clip_20250722_135907.avi,180,1,351,231,352,251,353,271,357,290,366,308,379,322,397,333,416,339,436,342,453,340,466,332,476,319,484,303,489,287,493,272,497,255,498,238,378,205,391,198,405,196,419,198,432,205,456,208,468,204,480,203,490,208,495,218,444,224,445,234,447,245,448,256,430,269,437,271,444,272,451,272,456,271,393,226,403,225,412,225,421,229,411,231,402,230,458,232,468,231,477,232,483,236,476,238,467,236,411,296,425,290,436,287,443,289,449,288,456,292,462,300,455,306,448,308,441,308,434,307,423,304,416,296,435,295,442,296,449,296,458,299,448,297,442,297,435,296
clip_20250722_135907.avi,210,1,362,230,363,252,365,273,370,294,380,312,395,327,414,338,434,345,454,348,472,346,484,336,494,323,502,306,507,290,511,272,514,255,515,236,391,205,403,196,418,193,433,195,447,202,473,205,484,201,497,200,508,205,514,216,461,221,462,231,463,242,465,254,446,269,453,270,461,272,468,271,474,270,407,224,417,220,427,220,437,226,426,228,416,227,475,230,485,225,494,227,501,232,493,234,484,233,428,297,442,290,453,286,460,289,467,287,475,293,482,301,475,308,467,310,460,309,452,308,441,305,433,296,452,295,460,297,467,297,478,300,467,298,460,298,453,297
clip_20250722_135907.avi,240,1,347,231,348,251,350,272,354,291,363,308,376,323,393,334,413,340,431,342,449,340,462,333,473,320,480,305,486,289,489,272,493,255,494,237,372,206,384,199,398,196,412,199,425,205,449,207,460,203,473,202,484,207,490,217,437,222,437,233,438,243,439,255,423,269,430,271,437,272,443,271,449,270,387,226,396,224,406,224,415,228,405,230,396,230,452,231,461,228,470,229,478,233,470,235,461,234,406,297,418,290,430,286,437,289,443,287,451,292,458,300,451,307,443,310,436,309,428,308,418,305,411,297,429,295,436,296,443,296,454,299,443,297,436,297,429,296
clip_20250722_135907.avi,270,1,349,233,349,252,351,272,355,291,364,307,377,321,394,332,413,338,431,341,449,339,462,331,473,318,481,303,486,287,489,271,492,254,492,236,372,205,383,198,397,195,411,198,423,203,448,206,459,201,471,201,482,205,488,215,435,221,436,231,437,241,438,252,422,267,429,268,436,270,442,269,449,268,387,225,395,220,405,220,414,226,404,228,394,228,451,229,459,224,469,225,475,231,468,233,459,232,405,295,417,288,428,284,435,287,442,285,450,290,457,297,449,304,442,307,435,307,427,306,417,303,410,295,428,293,435,294,441,294,453,297,441,294,435,295,428,294
clip_20250722_135907.avi,300,1,348,232,348,251,350,271,354,290,363,306,376,320,393,330,411,337,430,340,447,338,461,330,471,317,480,302,484,285,487,269,490,252,491,234,370,204,381,197,394,195,407,197,419,202,445,204,456,199,469,199,480,203,486,213,432,220,433,230,434,240,435,251,420,266,427,267,433,268,439,268,445,267,384,224,393,219,402,219,411,226,401,227,392,227,448,228,456,222,466,223,473,229,466,231,456,230,402,294,415,287,426,284,433,286,439,284,447,289,455,296,447,303,439,306,432,306,425,305,414,301,407,294,425,293,433,293,439,293,451,295,439,294,433,294,426,293
clip_20250722_135907.avi,330,1,349,230,350,250,352,270,356,289,366,306,380,321,398,331,417,338,437,340,454,338,467,329,478,316,486,300,491,283,494,267,497,250,497,233,374,205,386,197,400,193,414,195,427,201,451,203,462,198,475,198,486,202,492,213,440,220,441,230,442,240,443,250,426,265,433,267,441,268,447,267,453,266,389,225,399,223,408,223,417,226,408,228,398,228,455,228,464,226,473,227,480,231,472,233,463,231,408,293,421,286,433,283,440,285,447,283,455,288,462,295,454,303,446,306,439,306,431,305,420,302,413,294,433,292,440,293,446,293,458,295,446,293,439,294,432,293
clip_20250722_135922.avi,30,1,336,242,337,262,339,281,344,300,354,316,367,329,383,339,401,347,419,350,434,347,447,339,457,326,464,311,470,295,473,279,476,261,476,244,360,214,370,206,383,203,396,205,408,210,432,213,443,208,454,206,465,210,471,220,422,228,423,237,424,247,426,256,410,272,417,273,424,274,430,274,435,272,374,233,383,228,392,228,400,234,391,236,382,236,436,236,444,231,453,232,460,237,453,239,444,238,393,301,404,292,416,287,422,290,429,288,437,294,444,304,437,315,428,320,421,320,413,319,403,314,398,301,415,297,422,297,428,297,439,303,428,306,421,307,414,306
clip_20250722_135922.avi,60,1,335,240,336,262,337,284,342,305,352,323,367,339,386,350,405,358,425,362,442,360,455,349,467,336,476,319,483,303,488,285,491,267,492,248,367,214,380,207,396,204,411,207,425,214,450,218,461,213,473,213,484,217,490,227,437,234,438,245,439,257,441,269,421,283,429,285,437,287,443,286,450,285,383,235,393,231,404,231,413,238,403,239,392,239,451,242,461,237,471,239,478,244,470,247,460,245,401,312,415,305,428,301,436,304,442,303,449,308,455,317,448,325,440,328,433,329,425,327,413,322,406,312,427,312,435,313,441,313,451,316,441,315,434,315,427,314
clip_20250722_135922.avi,90,1,348,246,347,269,348,293,353,315,362,335,375,354,391,370,409,380,427,385,444,382,459,370,471,354,481,336,490,318,496,299,501,280,503,260,373,222,385,215,399,213,413,216,427,223,457,228,469,224,481,223,492,226,499,237,441,246,441,260,442,274,442,288,423,301,431,304,439,306,446,305,453,303,387,247,396,242,407,243,417,252,406,254,395,252,458,256,467,249,478,250,485,256,478,261,467,259,401,332,414,327,428,324,436,327,443,325,452,329,459,336,451,350,441,357,433,357,424,356,411,350,406,334,427,333,435,335,442,335,454,337,442,341,434,343,426,342
clip_20250722_135922.avi,120,1,347,237,347,257,348,277,351,296,359,313,371,329,387,341,404,349,423,352,439,350,453,341,464,328,473,313,480,296,484,280,487,262,489,245,371,213,382,206,396,203,409,205,421,211,446,215,456,211,468,211,479,215,485,226,433,230,433,240,434,250,434,261,418,275,425,277,431,278,437,278,443,277,385,232,394,228,403,228,411,234,402,236,393,236,448,238,456,234,465,235,472,241,465,243,456,241,400,304,411,296,423,292,430,294,436,293,444,299,450,309,442,317,434,320,427,320,419,319,409,314,405,304,422,301,429,302,435,303,445,308,435,307,428,307,421,306
clip_20250722_135922.avi,150,1,360,237,362,257,365,278,371,297,383,314,400,326,421,334,441,339,460,340,476,337,487,326,496,314,503,298,507,283,509,266,510,250,508,234,388,209,400,200,415,196,430,198,444,203,468,205,478,200,490,199,500,203,506,212,458,222,460,231,463,240,465,250,446,266,454,268,462,269,468,268,474,266,405,228,415,226,425,225,434,228,425,231,415,231,471,229,480,227,489,229,495,232,488,234,479,233,427,294,442,288,455,284,462,286,468,285,476,288,484,294,476,300,468,303,461,304,454,303,442,301,432,294,455,293,462,293,468,293,480,294,468,293,461,294,455,293
clip_20250722_135935.avi,30,1,333,238,333,260,334,281,339,301,349,319,364,334,383,346,403,353,422,356,439,354,452,344,464,331,472,315,479,298,483,280,486,262,487,243,363,207,374,199,388,196,402,198,415,205,443,208,455,203,467,203,478,207,484,218,430,226,431,237,432,248,434,259,416,275,423,277,430,278,436,278,443,277,378,230,387,225,398,225,407,232,397,234,386,234,445,235,454,229,465,230,471,237,464,240,454,239,397,305,410,297,423,293,430,296,436,295,444,300,450,309,443,318,435,321,427,322,420,320,408,316,402,306,422,304,429,305,435,305,446,308,435,307,428,307,421,306
clip_20250722_135935.avi,60,1,337,239,338,260,340,280,344,299,353,316,366,331,383,343,401,350,419,354,435,351,449,342,460,329,470,314,476,296,479,279,482,261,483,242,362,213,374,205,387,203,401,205,413,212,439,214,450,209,461,208,472,211,479,221,426,230,427,240,428,251,429,262,413,276,419,278,427,279,433,278,439,277,376,234,385,231,395,231,404,236,394,238,384,238,441,238,450,234,459,235,466,239,459,242,450,241,394,305,406,297,418,293,425,295,432,293,440,298,446,307,439,318,432,323,424,323,416,323,405,318,399,306,417,302,425,302,432,302,441,307,432,309,424,310,417,309
clip_20250722_135935.avi,90,1,359,244,357,268,358,292,362,315,371,337,383,357,398,373,414,385,431,390,446,389,461,379,476,365,488,349,499,331,508,312,515,292,519,271,386,227,401,222,417,222,431,227,443,236,474,240,486,237,499,236,511,240,518,250,456,255,455,271,454,286,453,302,434,311,441,315,449,318,456,317,462,315,400,251,411,247,422,249,430,258,420,259,408,257,473,265,483,259,494,261,502,267,494,271,483,269,411,340,425,337,438,336,444,339,451,338,458,343,465,348,456,359,447,363,440,363,432,362,421,355,415,341,436,344,443,345,450,345,461,348,449,350,442,351,435,349
clip_20250722_135935.avi,120,1,350,244,350,265,351,286,354,306,362,325,374,342,389,356,406,366,424,371,441,369,455,360,467,347,478,331,486,314,491,297,496,279,499,260,377,223,391,218,405,218,418,223,429,230,455,234,466,230,478,229,489,233,495,242,441,249,440,261,440,274,440,287,423,297,429,300,437,302,443,302,449,300,390,247,400,246,410,247,418,252,408,253,399,252,456,257,466,255,476,257,482,260,475,263,465,261,402,323,415,318,426,316,434,319,441,318,448,322,454,329,447,338,439,342,431,342,423,340,412,335,407,324,425,325,433,327,440,327,449,328,439,328,432,329,425,327
clip_20250722_140121.avi,30,1,346,229,346,250,347,272,352,292,362,312,376,329,393,343,413,354,433,357,451,353,466,342,479,327,488,309,495,291,499,272,502,253,502,233,372,202,384,194,398,192,412,194,426,200,454,203,466,198,479,197,491,200,498,211,441,221,442,233,443,245,445,258,426,273,434,275,442,277,448,275,455,273,386,225,396,220,407,220,417,227,406,229,395,229,457,229,466,224,477,224,485,230,477,234,466,233,404,304,418,296,431,292,440,294,447,293,456,298,464,306,455,318,446,324,437,325,428,324,416,318,410,305,430,301,439,302,447,302,458,306,446,309,438,310,429,309
clip_20250722_140121.avi,60,1,344,245,344,266,346,287,350,307,360,326,372,343,387,356,404,365,421,369,436,366,450,356,461,342,471,325,479,308,484,291,488,272,489,254,368,223,380,217,394,215,407,219,418,225,446,226,457,222,468,220,479,223,486,232,431,243,432,256,433,269,433,283,416,295,423,297,430,298,437,297,443,295,381,244,391,240,401,241,409,248,399,250,389,249,447,251,456,245,466,245,473,250,466,254,457,254,397,323,409,317,420,314,427,316,435,314,442,318,448,325,441,336,434,341,426,342,417,341,407,336,402,324,419,323,427,324,434,323,443,325,434,327,426,328,419,327
clip_20250722_140121.avi,90,1,335,226,337,248,341,271,348,291,361,309,379,323,399,333,422,338,442,339,459,334,471,324,481,309,488,293,492,274,495,255,496,236,493,217,360,193,370,182,384,177,400,178,414,183,444,184,456,178,469,176,480,181,487,191,432,204,434,215,437,225,440,236,422,256,430,257,438,257,445,256,451,255,377,214,387,208,397,208,408,213,398,216,387,217,448,212,457,206,468,207,476,212,468,215,458,215,407,290,420,281,432,276,439,278,446,276,455,281,464,288,457,296,448,300,441,301,433,300,421,298,412,289,433,287,440,287,446,286,459,287,447,286,440,287,433,287
clip_20250722_140121.avi,120,1,339,239,339,256,340,275,344,292,352,308,364,321,379,332,397,339,413,341,428,339,441,331,450,319,457,305,462,289,465,274,467,258,467,242,361,213,371,208,383,206,394,208,405,212,428,215,437,211,448,210,458,213,464,221,417,230,418,239,419,249,420,258,406,271,412,273,418,274,423,273,428,272,374,233,381,229,390,230,397,235,389,237,380,236,431,237,438,232,447,233,453,238,447,240,438,240,390,298,400,290,410,286,416,289,422,287,429,292,435,301,429,309,422,312,415,312,408,311,399,308,395,298,409,295,416,295,422,296,431,300,422,300,416,301,409,300
clip_20250722_140146.avi,30,1,337,211,338,233,340,256,345,276,356,295,370,311,388,324,408,334,427,337,445,335,460,324,472,308,482,291,488,272,492,253,495,234,495,213,363,182,375,174,390,171,404,173,417,179,447,181,458,176,471,174,483,178,490,188,433,200,434,212,435,224,437,236,419,253,427,254,435,255,441,254,447,253,377,205,387,200,397,200,407,207,397,209,386,209,450,208,460,202,470,203,478,209,470,212,460,212,399,287,412,276,425,271,433,273,441,271,449,277,455,287,448,300,440,305,431,306,423,305,410,301,405,287,424,282,432,282,440,282,449,286,440,289,432,290,424,290
clip_20250722_140146.avi,60,1,348,223,348,241,350,260,354,278,363,294,376,308,391,319,407,326,423,329,437,327,448,318,457,305,465,291,471,275,475,259,477,243,477,226,371,199,381,193,393,191,406,193,416,199,440,200,449,195,460,194,469,197,475,205,429,215,430,225,431,234,432,244,416,258,423,260,429,261,435,260,440,259,384,218,392,214,401,215,408,220,400,221,391,221,441,221,449,217,457,218,464,222,457,225,449,224,399,285,411,279,422,276,427,278,433,276,440,281,447,286,439,295,432,299,426,300,420,299,410,295,404,285,421,284,427,285,432,285,443,286,432,287,426,288,421,288
clip_20250722_140146.avi,90,1,335,231,336,251,337,272,342,291,351,307,364,321,380,332,397,340,415,343,430,341,443,332,454,319,462,304,468,288,472,271,476,254,476,236,361,205,372,197,385,195,398,197,410,202,435,205,446,201,457,201,468,204,473,214,423,221,424,231,425,241,426,251,409,266,416,267,423,268,429,268,435,267,374,225,383,220,393,220,401,226,392,228,382,228,437,229,445,224,455,226,461,231,454,233,445,232,391,295,402,287,414,283,422,285,429,284,436,289,442,298,435,310,427,314,419,315,411,313,400,308,396,296,413,292,421,293,428,293,438,298,427,300,420,300,412,299
clip_20250722_140146.avi,120,1,360,233,361,255,363,277,368,298,378,316,394,331,413,343,434,350,453,352,470,349,482,339,493,325,501,309,507,292,512,275,515,257,516,239,390,206,403,197,419,195,435,197,449,205,475,208,486,203,498,203,509,207,515,217,462,226,464,238,466,249,468,261,447,276,455,278,463,279,470,279,476,277,406,228,417,226,427,226,437,231,426,233,416,233,476,234,486,232,496,234,502,237,495,240,485,239,427,305,442,298,455,295,462,297,469,296,476,300,482,308,475,315,468,318,460,319,452,318,440,314,433,305,454,304,461,305,468,305,478,307,468,305,461,306,454,305
clip_20250722_140156.avi,30,1,332,233,332,251,333,270,336,288,343,304,355,317,370,327,387,334,404,338,419,336,432,329,442,319,450,305,456,291,460,276,463,260,464,244,358,208,368,200,380,195,394,197,406,203,429,207,439,204,450,204,459,210,463,221,417,222,418,230,419,238,420,246,403,261,409,262,415,263,421,263,426,263,371,224,380,220,388,221,396,227,387,228,379,227,429,231,437,227,446,229,451,235,445,236,436,234,383,289,395,279,407,275,413,278,419,277,427,283,431,294,425,305,417,308,410,308,402,307,392,302,388,289,406,284,412,285,418,286,427,294,417,296,411,296,404,295
clip_20250722_140156.avi,60,1,343,231,344,252,347,274,352,294,361,312,374,328,390,341,406,351,422,354,437,351,450,340,461,326,470,309,477,292,482,275,486,256,487,238,366,210,378,204,391,203,404,206,416,212,443,213,454,209,465,207,476,210,483,218,430,230,430,242,431,255,432,267,415,279,422,281,429,283,436,282,442,280,379,231,388,227,398,228,407,234,397,236,387,235,445,236,454,230,464,231,471,235,464,240,455,239,398,310,409,302,420,298,427,300,435,299,442,304,447,312,442,324,434,330,425,330,417,329,407,323,403,310,419,307,427,308,434,307,443,312,434,316,426,317,418,316
clip_20250722_140156.avi,90,1,327,228,327,248,328,267,332,286,340,303,352,318,366,331,383,340,400,343,415,341,429,331,440,318,449,302,455,286,460,269,463,251,463,234,349,204,359,198,372,196,384,198,395,204,421,206,432,201,443,200,453,203,459,212,408,223,409,234,409,245,410,257,394,270,401,272,408,274,414,273,419,271,361,225,369,221,379,221,388,228,378,230,368,229,423,230,432,224,441,225,448,230,441,234,432,233,376,298,388,292,400,288,406,291,413,289,421,294,429,300,420,311,412,316,404,316,397,315,386,310,381,298,399,298,406,299,412,299,424,300,412,302,405,303,398,302
clip_20250722_140213.avi,30,1,343,229,343,250,345,271,349,292,359,310,373,325,391,336,410,344,429,347,445,345,458,335,469,322,478,307,485,290,489,273,492,255,494,237,372,202,384,193,399,190,414,193,428,201,452,204,463,200,475,199,485,203,491,213,440,222,441,233,442,243,443,254,424,269,431,271,438,273,445,273,451,271,387,225,397,222,406,223,415,228,405,230,395,229,453,232,462,229,471,230,478,235,470,238,461,236,402,297,417,293,430,290,436,293,442,292,450,296,457,302,448,310,440,312,434,312,427,311,415,307,407,298,429,299,435,300,441,300,453,302,441,302,435,302,428,301
clip_20250722_140213.avi,60,1,351,233,351,252,351,272,354,291,361,309,371,326,385,339,401,349,417,353,433,352,447,344,459,331,468,317,476,301,481,284,485,267,487,249,372,214,384,209,396,209,408,213,418,218,444,221,455,218,466,218,477,221,483,230,430,236,430,248,429,260,429,272,414,283,420,285,426,287,432,287,438,286,383,235,392,232,401,233,409,240,400,241,391,240,445,244,454,239,463,240,470,245,463,248,454,247,399,310,409,303,419,300,425,303,431,302,438,307,442,315,436,323,429,326,422,326,416,325,407,320,403,310,418,310,424,311,430,311,438,314,430,313,423,314,417,312
clip_20250722_140213.avi,90,1,340,250,340,267,341,283,344,300,351,314,362,327,375,337,390,345,405,348,419,347,430,340,439,329,446,317,451,303,455,289,458,274,458,259,361,228,370,221,381,219,392,221,402,226,425,228,434,225,443,225,452,230,456,239,413,242,414,250,415,257,415,265,401,278,407,280,413,281,418,281,422,280,373,244,380,240,388,240,395,246,388,247,379,247,425,249,433,245,440,246,446,252,440,253,432,252,385,303,395,295,405,292,411,294,416,293,424,298,429,307,423,318,415,322,409,322,402,321,393,316,389,303,405,300,410,301,416,302,425,307,415,311,410,311,404,310
clip_20250722_140213.avi,120,1,342,235,343,254,345,272,350,290,359,306,372,319,389,327,408,333,425,335,441,333,453,326,463,315,470,301,475,286,478,270,481,254,481,237,366,206,377,198,390,195,404,196,416,202,440,205,450,201,462,201,472,205,478,215,429,221,430,229,431,238,432,247,416,263,423,264,430,265,435,265,441,264,380,226,389,224,398,223,407,226,398,229,389,228,443,229,452,228,460,229,467,233,459,234,451,233,400,290,412,283,423,279,429,281,435,280,442,285,449,293,442,299,435,300,428,300,421,300,411,297,404,290,422,288,429,288,435,288,444,292,435,289,428,289,422,288
clip_20250722_140224.avi,30,1,337,210,338,232,339,253,343,274,353,292,366,309,382,322,401,332,421,335,438,333,452,322,464,308,474,291,481,274,486,255,490,237,492,217,365,182,378,175,393,173,407,176,420,182,446,186,457,181,470,180,481,184,487,194,433,203,433,214,434,225,435,237,417,252,424,254,432,255,438,254,444,253,378,207,388,203,398,204,407,209,397,211,387,211,449,212,458,208,468,210,475,214,467,217,458,216,396,284,409,275,422,270,430,273,437,271,445,277,451,287,444,300,435,305,427,306,418,305,407,299,401,285,421,281,429,281,436,282,446,287,436,289,428,290,420,289
clip_20250722_140224.avi,60,1,341,240,342,259,344,278,349,296,359,312,373,326,389,337,406,344,422,347,437,344,448,333,458,320,466,305,471,289,474,273,477,256,476,239,364,216,374,209,387,207,399,209,411,214,436,214,446,210,457,209,467,211,473,219,425,230,426,241,427,252,429,263,413,276,420,277,427,278,432,277,437,276,377,234,386,230,395,231,403,236,395,238,385,238,439,237,446,231,455,232,462,236,455,239,447,239,398,305,409,297,420,293,427,295,433,293,440,297,446,304,439,314,432,319,425,320,418,319,408,315,403,305,420,301,426,302,432,301,441,304,432,306,426,307,419,306
clip_20250722_140224.avi,90,1,338,241,340,259,342,277,348,294,358,309,373,320,390,327,408,332,425,333,439,330,449,322,457,310,462,296,466,281,468,266,469,251,467,236,363,214,373,206,385,202,399,203,411,208,431,210,440,205,450,204,459,207,464,215,424,224,426,232,428,240,431,248,415,263,422,263,428,264,433,263,438,262,378,230,386,227,394,226,402,230,394,232,386,232,435,231,442,227,450,228,455,232,449,234,442,233,400,291,412,281,423,276,428,277,433,276,440,281,444,290,440,298,434,303,428,303,422,303,411,300,405,290,422,285,428,285,433,285,440,289,433,290,428,291,422,291
clip_20250722_140224.avi,120,1,347,232,346,253,347,273,350,293,357,311,368,329,381,343,396,354,412,359,428,358,442,348,454,334,464,318,472,301,478,284,484,266,486,247,367,214,378,208,391,207,404,211,415,218,441,220,452,216,465,215,476,219,482,229,426,235,426,248,425,260,425,273,409,283,416,286,422,288,429,287,435,286,378,234,387,230,397,232,405,239,395,240,386,239,443,243,452,237,462,239,469,244,462,248,452,247,391,312,401,305,413,302,420,305,427,304,435,309,441,317,434,329,425,335,417,335,409,334,399,327,396,312,412,311,419,312,426,312,437,316,426,321,418,321,411,320
clip_20250722_140241.avi,30,1,345,221,344,240,343,259,346,278,354,294,366,308,382,318,399,326,416,331,431,331,445,324,455,313,464,300,470,285,474,270,478,254,479,239,375,195,386,188,398,186,411,188,423,196,447,201,456,198,467,199,476,204,479,214,435,216,435,225,436,233,436,243,419,256,425,258,431,260,437,261,442,260,388,215,397,212,406,212,413,219,404,220,395,218,446,226,454,222,462,224,468,230,461,231,453,229,398,281,411,277,423,274,428,278,433,277,440,282,445,290,437,296,430,298,424,297,418,295,408,290,402,282,421,283,427,285,432,286,441,289,431,287,426,287,420,285
clip_20250722_140241.avi,60,1,345,212,345,231,347,251,351,270,361,287,374,301,391,312,409,319,426,322,441,320,453,310,462,298,470,284,476,268,479,253,483,236,484,220,373,185,385,179,398,177,411,179,423,185,447,189,457,185,467,184,477,188,482,197,435,204,436,214,437,224,439,234,421,248,428,249,435,251,441,250,446,249,387,207,395,204,404,204,412,209,403,211,394,210,448,212,456,209,464,211,471,215,464,217,455,216,403,275,415,267,426,263,433,266,439,265,446,270,451,279,445,289,437,292,431,293,423,291,413,287,408,275,425,272,432,273,438,274,447,279,438,279,432,279,425,279
clip_20250722_140241.avi,90,1,327,259,328,275,329,291,333,306,339,320,350,332,364,341,379,346,394,348,408,346,419,340,428,330,435,318,439,305,441,291,443,277,444,263,347,238,355,231,365,228,376,230,386,235,407,237,416,233,425,232,434,236,439,243,397,250,397,257,398,265,399,273,386,286,392,287,397,287,402,287,407,287,358,254,365,250,373,250,380,255,372,256,365,256,409,256,416,252,423,253,429,258,423,259,416,258,373,310,382,304,391,300,397,302,401,301,408,305,414,312,408,318,401,321,396,321,390,320,381,318,377,310,391,308,396,309,401,309,411,312,401,311,396,311,391,311
clip_20250722_140241.avi,120,1,348,223,348,243,349,264,354,284,362,302,375,318,390,332,407,341,425,344,441,342,455,332,467,319,476,302,483,285,488,267,492,249,493,230,370,201,382,194,396,192,409,195,422,202,448,205,459,200,471,199,483,202,489,212,434,222,435,234,436,246,436,258,420,270,427,273,434,275,440,274,446,272,384,224,393,221,403,222,412,227,402,229,392,229,450,230,459,227,469,228,476,232,468,236,459,235,402,298,413,291,424,287,432,290,439,289,446,294,453,302,446,313,438,317,430,317,421,316,411,311,407,299,424,297,431,298,438,298,448,302,438,303,431,304,423,302
clip_20250722_134835.avi,30,1,328,229,330,246,332,263,336,281,346,296,360,308,378,316,397,320,417,321,434,317,446,308,456,295,462,281,465,264,466,248,466,233,465,216,346,201,355,193,367,188,379,188,391,192,417,191,427,186,439,184,450,188,457,197,406,207,407,216,409,224,411,233,396,248,403,249,411,250,417,248,423,246,360,218,368,215,376,214,385,216,377,218,369,219,422,214,431,212,439,213,446,215,439,217,431,216,381,275,393,268,405,263,412,265,418,263,428,266,437,272,429,278,420,281,413,282,406,282,394,280,386,275,405,272,412,272,419,271,433,272,419,271,412,273,405,273
clip_20250722_134835.avi,60,1,333,226,334,244,336,262,340,281,349,298,361,313,376,325,395,333,414,336,432,333,446,323,456,308,464,291,469,274,471,256,473,239,473,221,351,200,360,192,372,188,384,189,397,193,425,193,435,188,447,187,458,190,465,199,411,209,413,219,414,228,415,239,400,252,407,254,414,255,421,254,427,252,366,217,373,213,382,213,391,217,382,219,373,219,428,216,436,212,445,212,453,216,445,218,437,218,380,282,392,272,405,268,413,270,421,268,432,272,441,281,432,294,422,300,413,301,404,301,391,295,384,282,405,276,413,276,421,276,437,281,421,288,413,289,404,288
clip_20250722_134835.avi,90,1,328,229,330,246,333,264,338,281,346,297,359,311,375,322,394,328,413,329,430,325,444,314,455,301,463,284,467,267,467,249,468,231,467,213,342,203,350,194,362,188,374,188,387,191,412,189,423,182,436,180,448,183,456,192,401,206,402,215,404,225,405,235,392,250,399,251,406,252,413,250,420,248,357,218,364,214,372,212,382,215,373,218,365,219,419,212,427,207,436,207,444,210,437,213,428,213,376,280,387,270,399,265,407,266,415,264,426,267,437,275,428,287,417,293,409,294,400,294,388,291,380,280,399,273,407,272,415,271,433,275,416,283,408,284,399,284
clip_20250722_134835.avi,120,1,325,233,327,251,330,269,336,288,345,304,358,319,373,331,392,339,411,341,428,336,441,325,450,310,457,292,462,273,464,255,465,236,464,217,340,205,348,196,359,191,371,191,384,195,409,192,420,186,432,184,445,187,453,197,398,209,400,218,401,227,403,237,389,252,396,253,404,254,411,252,417,250,354,220,361,215,370,214,379,217,371,220,362,221,416,214,424,209,433,209,441,213,434,215,425,215,374,285,383,272,395,266,404,267,412,265,424,270,433,281,426,297,415,304,406,306,396,305,384,300,378,285,396,274,404,273,413,273,429,281,413,293,405,294,396,294
clip_20250722_134835.avi,150,1,327,235,330,253,334,271,340,289,351,304,365,316,383,324,403,328,422,329,439,324,451,314,460,300,466,284,468,267,469,250,469,233,467,216,345,208,354,199,366,195,379,195,392,198,417,195,428,189,439,186,451,189,458,197,408,213,410,222,412,232,415,241,400,256,408,257,415,257,422,255,427,252,361,226,369,223,378,221,387,222,379,225,370,226,424,218,433,215,441,215,448,217,441,219,433,219,387,285,399,276,410,270,416,271,423,269,433,272,442,278,435,288,426,292,419,294,411,294,400,292,392,284,410,279,417,279,424,278,438,278,425,281,417,282,411,283
clip_20250722_134924.avi,30,1,298,228,298,250,300,272,305,292,315,311,330,326,349,338,370,347,392,349,411,344,427,333,438,318,447,300,453,280,456,261,459,241,459,221,324,195,335,186,349,183,364,185,377,191,407,191,419,185,432,183,444,186,451,196,393,209,395,221,397,234,399,247,380,262,389,264,396,265,404,264,410,261,340,216,349,211,360,211,370,217,360,219,350,219,411,216,420,211,430,211,439,216,431,219,421,218,361,296,375,286,388,281,396,283,404,282,414,286,422,295,414,307,404,313,396,314,387,313,374,309,366,296,388,291,396,291,404,290,416,295,403,299,396,301,387,301
clip_20250722_134924.avi,60,1,307,239,313,264,320,287,329,309,347,326,370,336,396,342,422,344,441,342,454,334,461,318,467,301,471,283,474,265,476,247,473,229,467,213,347,199,358,187,374,181,391,180,408,185,433,185,441,178,450,175,459,176,464,183,427,206,433,215,439,225,446,235,424,256,432,257,441,257,446,255,451,251,368,216,378,209,389,207,400,213,390,216,379,218,436,210,443,203,453,202,460,208,454,211,445,211,405,292,420,280,435,273,443,274,448,271,455,275,459,285,456,297,450,304,443,306,435,306,420,303,411,291,435,282,443,281,448,281,455,285,449,290,443,292,435,293
clip_20250722_134924.avi,90,1,306,228,308,252,312,276,318,298,330,318,346,335,365,348,387,357,408,358,423,353,435,339,445,322,453,304,460,285,465,266,467,247,466,228,338,206,351,197,367,194,382,195,397,201,428,202,438,196,449,194,460,195,466,204,414,221,417,234,419,248,422,262,401,277,409,279,418,280,425,278,431,275,355,223,367,217,379,216,387,226,378,227,366,227,429,226,439,217,449,216,455,223,450,227,440,227,379,309,394,302,409,297,417,299,424,297,432,300,439,306,431,316,424,323,415,325,406,325,393,322,384,309,408,306,416,306,424,305,434,307,424,309,416,311,407,311
clip_20250722_134924.avi,120,1,308,232,311,255,315,277,322,298,335,317,352,334,371,346,393,354,414,356,431,351,444,337,454,321,462,303,467,284,470,265,472,246,471,226,334,206,347,198,363,195,378,197,393,202,419,202,431,196,444,193,457,195,466,204,409,221,411,234,413,247,416,261,398,276,406,277,414,278,421,277,427,274,353,228,363,224,373,224,384,228,374,232,363,232,425,227,435,222,445,222,454,226,446,230,436,230,379,307,392,298,405,294,413,296,421,294,430,297,438,304,431,316,423,321,414,322,405,322,392,318,384,307,405,303,413,303,421,302,433,305,422,307,414,308,405,308
clip_20250722_134924.avi,150,1,325,230,328,252,331,274,338,294,350,312,365,328,383,340,404,347,425,349,443,345,457,333,468,316,476,297,481,279,484,260,486,241,486,221,349,202,361,194,376,190,391,192,406,198,434,198,446,192,459,189,472,192,480,201,422,217,423,229,425,242,427,255,409,271,418,272,426,273,433,271,439,269,367,225,376,223,386,222,397,224,387,228,376,228,440,224,449,221,459,222,468,224,459,228,449,227,391,301,404,294,417,290,425,292,433,290,442,293,451,298,443,308,434,312,426,313,417,312,405,310,396,301,417,299,425,300,433,299,446,299,433,298,425,300,417,299
clip_20250722_134950.avi,30,1,297,222,299,246,303,269,309,291,320,311,335,329,354,341,376,350,397,352,415,348,431,336,443,319,452,300,458,279,461,259,463,237,464,216,320,192,332,182,348,178,363,180,378,186,405,187,418,180,432,178,446,181,453,192,394,210,396,222,398,235,400,247,382,265,390,266,398,267,405,266,412,264,336,220,346,216,357,215,368,220,357,224,346,224,412,219,421,214,432,215,441,219,433,223,422,223,363,300,376,289,389,284,397,286,405,284,416,289,424,299,417,314,407,320,398,322,388,321,375,316,369,300,389,295,397,295,406,295,418,299,406,304,397,305,389,305
clip_20250722_134950.avi,60,1,304,218,306,240,310,262,316,283,326,301,340,318,357,330,377,338,398,340,417,336,433,326,445,310,454,292,459,272,462,251,465,229,464,206,320,186,330,176,343,172,357,173,371,178,401,177,414,170,428,167,442,170,452,181,388,198,389,211,390,223,391,235,377,254,385,255,392,256,399,254,406,252,335,209,343,203,355,202,366,209,355,212,344,213,408,206,417,198,428,198,438,203,430,208,418,208,365,294,375,282,386,275,393,277,400,274,410,280,418,289,411,300,403,304,395,305,387,305,376,303,370,292,386,287,393,287,400,286,413,288,401,288,394,289,387,289
clip_20250722_134950.avi,90,1,303,230,305,251,310,272,315,293,324,312,336,329,351,342,369,352,388,355,407,352,424,341,437,325,447,306,454,285,457,264,460,241,460,218,316,204,326,196,340,194,353,196,366,201,395,200,408,194,422,190,437,192,448,201,382,220,383,234,383,249,384,264,370,277,378,279,385,281,393,279,400,276,330,227,339,222,350,222,361,228,350,232,339,232,403,226,412,219,424,219,434,223,425,229,414,229,358,311,368,304,378,299,386,302,393,299,403,303,413,310,404,320,395,324,387,325,378,324,369,321,363,311,378,309,386,310,393,308,408,310,394,310,386,312,378,311
clip_20250722_134950.avi,120,1,299,231,302,252,307,272,312,292,319,311,330,328,345,341,362,351,382,353,402,350,420,340,434,326,444,306,450,285,453,263,457,242,457,219,311,204,320,195,334,192,348,194,361,199,391,198,404,190,419,187,434,190,444,200,376,218,376,232,377,247,378,261,364,275,371,277,379,278,386,276,394,274,325,229,334,226,344,225,356,227,345,232,334,233,399,226,410,222,420,222,430,224,421,230,410,229,351,309,361,301,371,296,379,298,387,296,397,299,408,307,398,317,389,321,380,321,372,321,362,318,356,308,371,306,380,306,387,305,403,306,387,306,380,308,371,307
clip_20250722_135016.avi,30,1,319,212,320,235,322,257,327,278,337,297,351,313,370,325,390,334,411,338,430,336,444,326,456,313,466,296,472,277,476,258,480,238,480,218,348,182,360,173,375,169,391,171,405,177,433,181,445,177,459,177,470,182,477,193,420,200,421,210,422,221,424,232,404,249,412,250,420,252,427,251,434,250,364,204,374,200,385,200,395,205,384,207,374,207,435,209,445,205,455,207,463,212,455,214,444,212,385,282,399,271,412,265,420,267,426,266,435,273,440,285,433,296,425,300,417,301,409,299,397,295,391,281,411,276,419,277,425,277,435,284,425,285,418,286,410,285
clip_20250722_135016.avi,60,1,331,230,330,257,331,284,335,309,346,331,361,351,379,368,397,379,415,384,431,382,445,370,458,354,469,336,480,317,489,297,496,277,499,256,364,214,380,208,398,208,414,214,428,222,456,226,469,222,481,221,493,224,499,233,440,244,440,260,440,275,441,290,417,301,426,304,434,307,442,306,449,304,379,243,391,243,402,245,411,249,400,252,389,250,455,255,466,253,477,255,485,258,476,262,466,261,390,329,406,324,422,322,429,326,437,324,446,329,453,335,443,350,433,357,424,358,415,356,402,349,396,330,420,331,428,333,436,333,447,335,435,341,426,342,418,341
clip_20250722_135016.avi,90,1,324,217,322,239,321,263,324,285,332,305,343,325,357,341,375,352,394,358,412,357,428,347,442,332,453,316,462,298,470,280,476,262,479,242,352,196,366,190,382,189,396,194,409,202,438,208,450,204,462,205,473,209,479,219,422,222,421,236,421,249,421,263,400,274,407,277,415,280,422,280,429,278,366,218,377,214,388,216,397,225,386,226,375,224,436,232,447,227,458,229,464,236,457,239,446,237,375,303,389,296,403,294,411,297,419,296,426,302,431,312,423,323,414,328,405,328,396,326,385,319,380,304,401,303,409,305,417,305,426,311,416,313,407,313,399,312
clip_20250722_135016.avi,120,1,329,215,330,236,332,256,336,276,345,293,359,308,376,320,396,327,416,330,434,327,448,318,459,304,467,288,472,271,476,254,479,237,480,219,354,191,365,182,380,179,395,181,409,187,433,190,445,185,458,185,469,189,476,199,422,207,423,218,424,229,425,240,407,255,415,256,422,258,428,257,434,256,369,212,379,210,389,210,398,213,389,215,379,215,437,216,447,214,456,215,463,219,455,221,446,220,388,283,402,276,415,273,422,275,428,273,436,277,443,284,435,291,427,294,419,295,412,294,401,291,393,283,414,282,421,283,427,282,439,284,427,283,420,284,413,283
clip_20250722_135134.avi,30,1,314,224,316,244,319,264,324,283,333,299,346,312,363,322,381,328,399,330,416,327,428,318,438,305,446,289,450,273,453,256,455,238,454,221,337,195,347,187,360,183,373,184,386,190,412,192,422,187,434,186,444,189,450,199,400,207,402,217,403,227,405,237,389,253,396,254,403,255,409,254,414,252,352,213,360,208,370,208,379,214,369,216,360,216,415,215,423,209,432,210,439,215,432,217,423,217,372,283,384,273,395,268,402,270,408,268,416,273,423,282,416,292,408,297,401,298,394,297,383,294,377,283,395,277,402,278,408,277,418,282,408,284,402,285,395,284
clip_20250722_135134.avi,60,1,314,214,316,234,320,254,326,273,337,289,350,302,368,311,388,315,408,315,426,312,439,304,450,291,456,274,460,257,462,239,463,221,462,202,334,182,343,172,356,166,371,166,385,171,410,171,421,164,434,163,447,167,454,177,399,187,401,196,403,205,405,215,389,234,397,234,404,235,411,234,417,232,349,200,358,195,367,194,378,197,368,200,359,201,416,195,425,191,434,192,442,196,435,198,425,197,375,269,386,255,397,248,405,249,412,247,422,253,430,265,423,275,414,279,407,280,398,280,386,278,380,268,398,258,406,257,412,257,425,264,413,266,406,267,398,267
clip_20250722_135134.avi,90,1,311,220,311,242,314,263,319,283,329,301,342,317,360,328,379,336,398,339,415,337,429,328,440,314,449,297,455,280,460,262,463,243,464,224,335,195,348,187,362,185,377,187,390,194,416,195,428,190,440,189,452,193,459,203,403,215,404,226,405,238,406,251,389,265,396,266,404,268,410,267,416,266,350,220,360,219,369,219,379,221,369,224,359,224,419,224,429,222,439,223,447,225,439,228,429,228,371,296,383,287,395,283,402,285,409,283,416,288,423,297,416,305,408,309,401,309,393,309,382,305,376,295,394,293,402,294,408,293,418,296,408,295,401,296,394,295
clip_20250722_135134.avi,120,1,315,211,314,235,316,258,321,279,332,298,347,314,366,327,387,335,406,338,423,335,436,325,447,310,457,293,464,276,469,258,473,239,473,220,348,183,360,175,375,171,390,174,404,181,433,186,444,181,455,180,466,183,471,193,419,203,420,214,422,225,424,237,403,253,411,255,419,256,425,255,431,254,364,205,374,200,384,200,393,207,384,209,373,209,433,211,443,205,453,207,459,213,452,216,442,214,383,285,397,276,411,271,417,274,423,272,430,278,434,289,428,299,420,304,413,304,406,303,394,298,389,285,409,282,416,283,422,283,429,288,421,288,415,289,408,288
clip_20250722_135134.avi,150,1,315,209,315,230,315,250,318,270,326,288,337,304,353,315,372,323,391,326,409,326,424,319,435,307,444,292,449,276,454,260,459,243,461,225,342,184,353,175,368,173,382,176,394,184,420,188,431,184,443,184,454,190,459,201,406,204,406,214,407,224,407,234,389,248,396,250,403,252,410,252,416,251,356,206,365,204,375,205,384,209,374,210,364,210,421,214,431,213,440,215,446,219,438,220,429,218,370,277,382,269,394,264,401,267,408,266,414,272,419,283,413,290,405,293,398,292,390,291,380,287,375,277,393,274,400,276,407,276,415,281,406,279,399,279,392,278
clip_20250722_135201.avi,30,1,311,205,311,226,312,246,316,266,324,284,338,299,355,311,374,319,394,323,411,322,426,313,439,301,448,286,454,269,458,252,462,234,463,216,337,176,349,167,363,164,378,166,391,172,418,176,429,172,442,173,453,179,459,190,405,193,405,203,406,213,407,224,389,240,396,242,404,243,410,243,416,242,352,196,362,192,372,192,381,198,371,200,361,200,420,203,429,199,439,201,446,207,438,208,428,207,371,270,384,262,396,258,403,261,409,260,417,266,424,276,415,282,407,284,400,284,393,283,383,279,376,270,395,268,402,270,408,270,420,275,408,272,402,272,395,270
clip_20250722_135201.avi,60,1,309,208,310,229,311,249,315,269,324,287,337,303,354,316,373,325,392,329,409,326,424,317,437,303,446,287,451,270,455,252,458,233,459,215,334,181,345,171,359,168,374,170,387,177,413,180,424,175,437,174,449,180,455,191,400,198,400,207,401,217,402,227,385,244,392,245,400,247,406,246,412,245,349,203,358,202,367,202,377,205,367,207,357,207,415,208,425,206,434,208,441,211,433,213,424,212,369,276,380,266,392,260,399,262,405,261,413,267,420,280,412,290,404,294,397,294,389,293,378,289,374,276,391,270,398,271,404,271,415,278,404,279,398,280,390,279
clip_20250722_135201.avi,90,1,310,213,310,235,311,257,316,277,324,296,337,314,354,328,371,339,389,343,407,341,421,331,433,317,444,300,451,282,456,264,460,245,462,226,336,191,348,184,363,182,377,186,390,192,417,196,428,192,441,191,452,196,458,206,402,214,402,226,402,238,403,251,385,265,392,267,399,269,406,268,412,267,350,217,360,216,369,216,379,220,368,222,358,221,417,224,428,223,437,225,445,228,437,231,427,229,367,295,379,289,391,285,397,288,403,287,411,292,418,300,410,310,402,313,395,313,388,312,377,307,373,296,390,296,397,297,403,297,413,300,402,298,396,299,389,298
clip_20250722_135201.avi,120,1,314,209,313,230,313,251,316,272,324,291,335,309,350,324,368,335,385,340,403,339,419,330,433,316,444,300,452,282,457,264,462,245,465,226,339,182,351,176,365,175,379,178,391,185,420,190,432,187,444,186,455,191,461,202,404,207,403,218,403,229,403,241,386,255,393,258,400,260,406,260,412,259,352,206,361,201,371,202,380,210,370,212,360,210,420,216,430,211,440,213,447,219,439,222,429,220,365,286,377,278,389,274,397,277,403,276,411,283,418,294,409,304,400,308,393,307,384,305,374,299,370,286,388,283,396,285,402,286,413,293,401,292,394,292,386,291
clip_20250722_135320.avi,30,1,331,226,331,245,332,263,335,282,343,298,355,311,371,320,390,327,408,330,425,329,440,322,451,311,459,297,464,282,467,266,470,249,471,232,353,194,363,185,376,182,389,184,401,189,427,192,438,188,449,188,460,193,465,204,414,206,415,215,416,223,417,231,401,248,408,250,415,251,421,251,426,249,366,213,375,209,384,208,393,214,384,215,374,215,429,216,438,212,447,214,454,220,446,221,437,219,384,279,395,269,407,264,414,266,420,265,428,271,435,283,427,291,419,294,412,294,404,292,394,289,389,279,406,274,413,274,419,275,430,282,419,281,413,281,406,280
clip_20250722_135320.avi,60,1,337,217,339,240,341,263,347,285,359,304,375,320,395,333,416,341,437,344,456,340,471,328,482,312,491,293,497,273,500,253,503,233,502,213,363,186,375,177,391,173,406,175,421,182,450,183,463,177,476,175,489,179,496,190,437,203,438,214,440,225,442,236,423,255,432,256,440,257,447,256,454,255,379,213,389,210,400,210,411,213,400,216,389,216,455,213,465,211,475,212,484,215,475,218,465,217,403,290,417,280,431,274,440,276,447,275,457,280,467,290,457,303,448,308,439,309,430,308,417,304,409,290,431,285,440,285,447,285,462,290,447,293,439,294,430,293
clip_20250722_135320.avi,90,1,339,220,341,244,343,267,350,289,362,308,378,325,398,337,419,346,441,348,459,344,473,331,484,315,493,297,499,278,502,258,504,238,504,217,367,188,379,179,395,176,410,178,425,185,454,186,466,181,480,179,492,182,500,194,441,206,443,218,445,229,447,242,428,259,436,260,444,262,451,261,458,259,384,211,394,206,405,206,416,213,405,215,393,215,458,214,467,208,478,209,487,214,478,218,467,217,412,295,424,284,436,278,444,280,452,278,460,284,466,295,460,306,452,311,444,312,435,311,423,306,418,294,436,288,444,289,451,289,461,294,451,295,444,296,436,295
clip_20250722_135320.avi,120,1,332,236,333,261,335,286,342,310,355,330,372,347,392,361,414,371,435,375,454,371,469,357,482,341,493,321,500,301,504,281,507,259,507,238,364,204,378,195,394,192,411,195,427,202,456,205,469,199,482,197,495,201,503,212,442,225,443,238,445,251,447,265,426,281,435,283,444,285,451,284,459,282,382,229,393,225,404,225,415,231,403,233,392,233,460,233,470,228,481,229,489,234,481,238,470,237,404,316,419,306,433,301,442,304,450,302,459,308,467,318,458,330,449,336,440,337,431,336,417,330,410,316,432,311,442,312,449,312,461,317,449,320,441,321,432,320
clip_20250722_135320.avi,150,1,329,239,330,262,332,286,338,308,349,327,366,342,385,354,406,362,426,366,443,363,455,352,465,337,474,320,481,303,486,285,489,267,489,248,365,213,379,205,395,202,411,205,425,212,452,216,462,211,474,211,484,214,489,225,439,234,441,245,443,256,445,268,423,283,431,285,440,287,446,286,453,284,383,234,393,231,403,231,412,237,402,239,392,238,452,242,462,238,471,239,477,244,470,246,461,245,404,314,418,306,432,301,439,304,446,302,452,308,456,317,451,327,444,331,437,331,428,330,416,326,409,314,431,312,438,312,444,312,452,317,444,317,438,318,430,316
clip_20250722_135320.avi,180,1,339,230,341,250,344,269,350,288,362,303,378,314,398,320,418,324,437,325,453,322,463,313,471,300,477,285,480,270,482,255,483,239,481,224,367,198,378,190,391,186,406,186,419,192,444,194,453,189,464,188,474,192,479,201,434,210,436,219,439,228,442,238,423,253,431,255,439,256,445,255,450,253,383,218,392,215,401,214,410,217,401,219,392,220,447,218,456,216,464,217,470,220,463,222,455,221,407,281,420,275,432,271,439,273,444,271,452,275,459,282,452,288,445,291,438,291,432,290,420,288,411,281,432,279,438,280,444,279,455,281,444,280,438,280,432,280
clip_20250722_135342.avi,30,1,330,192,331,216,334,240,340,263,352,282,369,298,389,310,412,318,434,321,453,317,467,307,479,292,488,273,494,254,498,233,502,213,502,192,360,157,373,147,389,142,406,143,422,150,451,152,464,147,478,147,490,151,497,163,438,172,440,184,442,195,445,207,424,226,432,228,441,229,448,228,455,227,379,180,389,174,401,174,412,180,401,183,389,183,454,182,465,176,476,178,484,184,476,186,465,185,403,263,418,251,432,245,440,247,448,246,457,252,464,265,456,276,447,281,438,281,430,280,417,275,409,263,431,256,439,257,447,257,458,264,447,265,439,265,431,265
clip_20250722_135342.avi,60,1,327,229,328,249,331,269,336,287,345,302,358,316,373,327,389,334,404,337,417,335,429,326,438,314,446,299,452,283,457,267,460,250,461,233,350,208,362,201,375,200,388,203,400,208,422,210,432,206,443,205,452,207,458,215,411,225,412,237,413,248,414,261,398,271,405,273,411,274,417,273,422,272,364,226,373,223,382,224,389,229,381,231,372,231,425,231,432,227,441,227,448,231,441,234,433,234,382,296,393,290,403,287,410,290,416,289,422,292,427,299,422,309,415,313,408,313,401,312,392,307,387,296,403,295,409,296,415,296,424,299,415,300,409,301,402,300
clip_20250722_135342.avi,90,1,329,222,328,242,329,263,333,282,341,299,354,315,369,327,386,336,404,339,420,337,433,328,443,316,452,301,459,285,464,268,468,251,470,234,355,199,366,192,381,190,395,192,407,200,430,204,440,200,452,199,462,203,468,213,417,219,418,230,418,240,419,252,402,265,408,266,415,268,421,267,427,266,369,220,378,217,387,217,395,223,386,224,377,224,431,227,440,224,449,225,455,230,448,232,439,231,384,293,396,287,407,284,414,286,419,285,426,290,431,297,424,304,417,307,411,307,404,306,394,302,388,293,406,293,413,294,418,294,427,296,417,295,412,295,406,294
clip_20250722_135342.avi,120,1,351,224,352,245,355,267,361,287,371,304,386,319,406,329,426,335,447,338,464,335,477,325,487,312,495,295,499,278,503,262,506,245,506,228,381,195,393,186,409,182,424,184,439,191,466,194,476,190,488,190,499,194,504,205,454,212,456,222,458,232,460,243,440,259,447,261,455,262,462,262,467,260,398,217,409,214,418,214,428,218,418,220,408,220,467,222,477,220,486,222,493,225,485,227,476,225,421,288,435,281,447,277,454,279,460,278,467,283,474,293,466,299,459,301,452,301,444,300,433,297,426,288,446,286,453,287,459,288,470,292,459,289,453,289,445,288
clip_20250722_135424.avi,30,1,330,222,331,242,333,262,339,281,349,297,364,309,382,318,402,324,421,326,437,323,449,314,459,301,466,286,470,269,473,252,474,235,473,218,356,190,366,182,379,178,393,179,406,184,433,185,443,181,454,180,464,184,469,193,421,203,422,211,424,219,426,227,409,245,417,246,424,246,430,246,436,245,371,209,380,205,389,204,398,209,389,211,379,211,435,210,443,205,452,206,458,212,452,213,443,212,394,276,405,264,417,259,424,261,431,259,439,265,445,277,438,288,430,292,423,293,415,292,404,287,399,276,417,268,424,269,430,269,440,277,430,278,423,279,416,278
clip_20250722_135424.avi,60,1,334,240,334,258,335,276,339,293,348,308,360,322,375,332,391,340,406,343,419,340,430,332,439,320,447,306,452,292,456,277,459,262,459,247,358,219,368,213,380,211,392,213,403,219,425,221,434,218,443,217,452,219,457,227,414,235,415,244,416,253,417,263,402,275,408,276,414,278,419,277,424,276,371,236,379,233,387,234,394,239,386,240,378,240,426,241,433,237,441,238,447,243,441,245,433,244,385,299,396,293,407,290,412,292,418,291,425,295,431,302,424,312,417,317,410,317,404,316,394,311,389,299,406,298,412,298,417,298,427,302,417,305,411,305,405,304
clip_20250722_135424.avi,90,1,328,263,329,280,331,297,336,312,344,326,356,338,370,347,386,352,400,354,413,352,423,344,432,333,438,320,443,306,446,292,448,277,448,261,350,241,359,234,370,232,381,233,391,237,413,239,421,234,430,233,439,235,444,243,402,252,404,261,405,271,406,280,393,292,399,293,405,293,410,293,414,291,362,256,368,251,377,251,384,257,376,259,368,259,415,257,422,252,429,252,436,256,430,259,422,259,380,318,389,309,399,304,405,305,409,303,415,307,419,316,415,326,410,330,404,331,398,331,389,328,384,318,398,312,404,311,409,311,415,316,409,319,404,320,398,320
clip_20250722_135424.avi,120,1,349,229,350,250,352,271,358,291,368,308,383,323,402,333,423,339,442,341,459,338,471,329,481,315,488,299,493,283,497,267,500,251,499,234,378,202,390,193,405,190,420,193,433,200,459,203,469,198,481,197,492,202,498,212,447,220,449,230,451,240,453,251,433,266,441,268,449,269,455,268,461,267,394,223,404,221,414,221,423,225,413,227,403,227,461,228,471,226,479,228,486,231,479,233,470,232,416,295,430,287,442,283,448,286,455,284,462,289,468,298,461,304,454,307,447,307,440,306,429,303,421,295,441,293,448,294,454,294,464,297,454,294,447,295,441,294
clip_20250722_135440.avi,30,1,333,210,334,231,337,252,342,272,353,290,367,306,383,319,402,328,420,331,436,327,449,316,460,301,469,285,476,267,480,249,483,231,484,212,359,186,371,178,385,176,399,178,412,184,438,186,449,180,461,178,472,180,479,188,426,203,427,216,429,229,430,242,413,256,420,257,428,259,434,257,440,255,374,208,383,203,393,203,402,209,393,212,382,212,442,210,450,204,460,204,468,209,461,213,451,213,393,284,406,277,419,273,426,276,433,274,441,277,448,283,441,295,433,301,425,302,417,302,405,297,399,284,418,282,426,283,433,282,443,284,433,287,425,288,418,288
clip_20250722_135440.avi,60,1,324,204,324,224,325,244,329,263,338,279,350,294,365,306,382,313,398,316,413,315,426,307,436,294,445,280,452,264,457,247,461,230,463,213,351,179,362,173,375,172,388,175,399,181,423,184,433,180,444,179,453,182,459,191,410,199,410,209,411,218,412,229,396,242,402,244,408,245,414,245,419,244,363,201,372,199,381,200,388,204,380,206,371,205,424,207,433,205,441,206,447,210,440,212,432,211,378,270,389,261,400,257,406,259,412,258,419,264,423,274,417,284,410,288,403,289,396,288,387,283,383,270,399,267,405,268,411,268,419,273,411,274,404,274,398,274
clip_20250722_135440.avi,90,1,341,174,340,195,340,216,344,237,353,256,365,274,382,288,401,298,421,302,440,300,454,289,465,274,474,257,481,239,485,222,489,203,491,184,366,151,379,143,393,141,407,144,420,151,445,152,457,148,469,147,480,151,486,162,432,170,433,181,433,191,434,202,416,217,423,220,430,222,437,221,443,220,379,175,389,174,398,174,407,177,398,179,388,179,447,180,457,178,466,180,473,183,465,185,456,184,394,248,408,241,420,238,427,240,435,239,444,244,452,253,442,264,433,269,425,269,417,267,405,262,400,249,419,247,427,248,434,248,446,253,433,254,426,255,418,254
clip_20250722_135440.avi,120,1,368,197,366,216,365,237,366,256,371,275,382,292,397,305,414,314,434,319,453,320,469,312,483,301,493,286,500,271,505,255,511,239,514,222,395,174,407,168,422,167,435,172,447,179,473,185,484,182,496,183,507,188,512,200,458,199,457,209,457,220,456,231,438,244,445,246,451,249,457,249,463,249,408,196,417,193,427,195,435,202,425,202,415,201,472,210,482,206,491,208,498,214,490,216,480,214,416,269,429,265,441,263,448,266,455,265,462,271,468,280,458,285,450,286,443,285,436,283,426,278,420,270,439,271,447,273,453,274,464,279,452,274,445,274,438,272
clip_20250722_135526.avi,30,1,323,229,324,251,327,273,333,293,344,309,359,323,377,333,397,341,414,343,429,340,440,329,450,316,458,300,464,283,468,266,471,249,471,231,353,203,365,195,379,192,393,194,407,199,433,202,443,197,454,196,464,199,470,208,421,219,422,230,424,242,426,253,408,267,416,269,423,270,429,269,434,267,368,222,378,218,388,218,397,224,387,226,377,226,435,225,443,220,452,220,459,226,452,229,443,228,391,299,404,290,416,284,423,286,429,284,435,289,439,298,435,307,428,312,421,313,414,313,403,310,396,298,415,293,422,294,428,293,435,297,428,298,422,300,415,299
clip_20250722_135526.avi,60,1,326,266,327,284,329,302,334,318,342,333,354,346,369,356,384,363,398,365,411,363,420,354,429,342,436,329,442,315,446,300,449,285,449,269,349,248,359,243,371,241,382,244,393,249,414,250,423,247,432,245,441,247,446,255,404,264,405,275,406,286,407,296,393,306,398,307,405,309,410,308,414,306,361,267,368,265,376,265,384,269,375,271,367,271,416,271,423,268,431,268,437,271,431,274,423,274,378,331,388,324,398,320,404,322,409,321,414,324,418,331,413,339,408,344,402,345,396,344,387,341,383,331,397,328,403,328,408,328,414,330,408,332,403,334,397,333
clip_20250722_135526.avi,90,1,328,240,328,260,330,280,334,299,343,317,355,332,370,344,387,353,404,356,419,353,432,344,443,331,452,315,459,299,464,282,468,265,469,247,353,219,365,214,378,213,390,216,401,222,427,224,437,220,447,218,457,220,464,228,413,240,413,252,414,263,415,275,398,287,405,290,412,291,418,290,424,289,366,242,375,240,384,240,392,244,383,246,374,246,428,247,437,244,446,245,452,248,446,251,437,250,383,315,394,309,405,305,411,308,417,307,424,311,429,317,423,326,416,330,409,331,402,329,392,325,387,315,404,315,411,316,417,315,425,317,416,317,410,318,403,317
clip_20250722_135526.avi,120,1,332,233,334,253,338,274,344,292,354,309,370,322,389,331,409,337,429,338,446,335,458,325,468,312,476,296,480,279,482,261,484,244,483,226,356,203,367,194,382,189,397,191,410,196,435,196,446,190,459,189,471,193,478,203,425,214,427,224,429,234,431,245,414,261,422,263,430,263,436,262,441,261,373,223,382,219,392,218,402,222,392,224,382,225,440,221,450,218,459,219,467,222,459,225,450,224,399,292,412,283,423,279,430,280,436,279,444,283,452,291,445,298,437,301,430,302,423,302,412,299,404,292,423,288,430,289,436,288,448,291,437,289,430,290,423,289
clip_20250722_135548.avi,30,1,323,226,325,249,329,271,336,293,350,310,367,324,387,335,409,343,429,345,446,341,459,329,469,314,478,296,483,277,486,258,488,237,487,217,351,192,363,182,378,177,394,177,409,183,437,185,449,179,462,177,475,181,482,191,426,204,429,215,431,226,434,238,415,257,423,258,432,259,439,258,445,256,369,212,379,207,390,206,401,212,390,215,379,215,442,211,451,205,462,206,470,211,462,214,452,214,396,291,410,281,423,275,431,277,439,275,449,281,457,290,449,303,439,309,431,310,422,309,409,304,402,291,423,286,431,287,438,286,452,290,438,292,431,294,423,293
clip_20250722_135548.avi,60,1,333,238,333,257,334,277,339,295,347,312,357,328,371,341,386,350,403,354,417,352,431,343,442,330,451,315,458,298,462,282,466,264,467,247,353,218,364,213,376,212,388,215,399,221,423,223,434,219,445,217,456,220,463,228,411,238,411,249,411,261,412,273,397,284,403,287,410,288,416,288,421,286,365,239,373,236,382,236,390,242,381,244,372,243,426,245,434,239,443,240,450,245,444,248,434,248,380,311,391,305,401,302,407,304,414,303,421,307,428,314,421,323,413,328,406,329,399,328,389,323,385,311,401,310,407,311,414,311,423,313,413,315,406,316,400,315
clip_20250722_135548.avi,90,1,337,242,337,261,339,279,343,297,352,313,363,326,378,337,394,345,411,349,426,347,439,338,449,326,458,311,464,295,467,279,471,262,471,244,359,215,369,208,381,205,393,207,404,212,429,215,439,210,450,209,460,212,465,221,417,229,418,239,419,248,420,257,405,272,411,273,418,274,423,274,429,273,372,234,380,230,389,230,397,235,388,237,379,237,432,237,439,232,448,233,455,238,448,241,439,240,389,303,399,292,409,287,417,289,423,288,431,293,437,305,430,317,422,322,415,323,407,322,397,317,394,302,409,296,416,297,422,297,432,304,422,308,416,309,408,308
clip_20250722_135610.avi,30,1,335,224,335,246,337,268,342,289,352,308,366,324,385,337,407,346,427,349,446,346,460,336,472,321,481,304,486,286,490,267,493,247,494,227,362,193,373,183,388,180,403,182,416,188,445,191,457,185,469,184,481,189,488,201,432,209,433,220,435,231,436,243,418,261,426,262,433,263,440,263,446,261,377,216,387,210,398,211,407,217,397,219,386,219,448,219,457,213,468,215,475,221,468,223,457,222,400,296,412,284,425,278,432,280,439,279,447,285,454,298,447,309,438,315,430,315,422,315,411,310,405,296,424,288,432,289,438,289,448,296,438,298,431,299,423,299
clip_20250722_135610.avi,60,1,323,222,323,243,325,264,330,284,340,302,352,319,367,333,385,342,402,345,417,343,431,333,442,319,452,302,459,284,464,266,467,248,468,229,345,200,357,193,371,191,385,194,397,200,423,202,434,198,447,196,458,198,466,208,410,219,411,232,412,244,413,257,397,271,404,273,411,274,417,273,423,271,360,222,369,218,379,219,388,225,378,227,368,226,426,227,435,221,445,222,452,226,445,230,436,230,379,299,392,296,403,293,409,296,415,294,422,297,430,300,422,309,414,314,408,314,401,313,391,309,383,300,402,301,409,302,415,301,426,301,414,303,408,304,402,303
clip_20250722_135610.avi,90,1,329,261,330,277,332,293,335,309,343,323,355,334,369,342,385,348,400,351,413,349,424,341,433,330,439,317,443,303,445,289,447,274,446,260,349,237,357,230,367,227,378,228,389,232,410,234,418,230,428,229,436,232,441,240,400,248,401,255,403,263,404,270,391,283,397,284,403,285,408,284,412,283,361,253,368,249,375,249,382,253,375,255,368,255,413,254,419,250,426,251,432,255,426,256,419,256,379,309,387,300,397,296,402,297,407,296,413,301,419,311,413,319,406,323,401,324,395,323,386,319,383,309,396,304,402,304,406,304,414,310,406,312,401,313,396,312
clip_20250722_135610.avi,120,1,355,239,357,262,360,284,367,305,379,323,395,339,415,350,435,358,455,360,472,356,485,344,496,330,505,312,511,294,514,275,517,256,516,237,382,209,395,200,410,197,426,200,439,207,468,207,480,201,492,199,504,201,512,211,456,227,457,240,459,252,462,265,443,281,451,283,459,284,466,282,472,280,400,235,410,232,420,232,431,235,420,239,409,239,472,235,482,232,492,233,500,236,492,240,482,239,425,313,438,305,451,301,459,303,466,301,475,305,482,312,475,321,467,326,458,327,450,326,438,322,430,313,450,311,458,311,466,310,478,312,466,311,458,312,450,312
clip_20250722_135632.avi,30,1,335,214,336,239,338,264,344,287,357,307,375,324,395,337,415,347,435,351,452,348,465,336,476,321,486,302,494,283,500,264,504,244,504,224,370,184,384,176,400,173,417,175,432,183,464,189,476,184,488,184,498,187,504,197,449,208,450,221,452,234,454,248,432,264,441,266,449,268,456,267,462,265,388,209,399,205,410,205,421,213,409,215,398,214,463,217,473,211,484,213,491,219,483,222,473,220,411,296,425,288,440,284,448,287,455,285,462,291,468,301,461,312,453,317,445,318,436,316,423,310,416,297,438,293,447,295,454,295,463,300,453,302,446,302,438,301
clip_20250722_135632.avi,60,1,330,253,332,274,335,294,341,313,351,329,365,344,380,356,396,365,410,367,422,364,433,353,442,338,450,322,457,305,462,288,465,270,465,252,350,233,361,227,374,226,387,228,399,233,425,233,435,228,446,225,456,226,463,233,413,249,414,262,415,274,417,287,402,298,408,300,415,301,421,300,426,298,365,252,373,248,383,248,391,254,382,257,372,257,427,254,435,247,445,247,452,251,446,256,436,256,386,326,397,320,408,317,414,319,421,317,428,320,434,325,428,337,421,343,413,345,406,344,395,339,391,326,407,324,414,325,421,324,430,326,420,330,413,332,407,332
clip_20250722_135632.avi,90,1,322,240,324,259,327,279,332,297,342,313,355,327,371,337,389,343,406,345,421,343,434,333,443,321,451,305,456,289,459,273,462,255,462,238,346,214,357,207,369,204,383,205,395,210,419,212,429,207,441,206,451,209,457,219,408,227,409,237,410,247,412,257,397,271,403,273,410,274,416,273,421,272,361,234,369,232,378,231,386,234,378,237,369,237,422,235,431,232,439,233,446,236,439,239,431,238,382,302,393,292,403,288,410,290,415,289,422,293,427,302,422,311,415,315,408,316,401,315,392,312,387,301,403,297,409,298,415,298,422,301,414,302,408,303,402,302
clip_20250722_135632.avi,120,1,331,227,332,247,335,268,340,287,350,305,365,320,383,330,404,337,424,340,441,337,455,328,465,315,473,299,478,282,481,265,484,247,484,230,358,201,370,192,384,188,400,190,413,197,439,198,450,193,463,193,474,197,480,208,427,216,429,226,431,236,432,246,414,263,422,264,429,265,436,265,442,263,374,222,384,220,394,219,403,222,394,225,383,225,442,224,452,222,461,224,468,227,461,230,451,228,397,292,410,284,422,280,429,282,435,281,443,286,451,294,443,302,435,305,428,305,421,304,409,301,402,292,422,290,428,291,434,291,446,293,434,292,428,292,422,292
clip_20250722_135652.avi,30,1,326,222,327,244,329,267,335,289,347,307,364,322,383,332,405,338,425,340,441,337,455,327,465,313,474,296,479,278,483,260,486,241,485,221,357,187,370,179,385,176,400,178,414,184,439,187,450,181,463,180,474,184,480,195,428,205,430,215,432,225,434,235,414,253,422,254,430,255,436,255,442,253,372,212,382,210,392,210,401,213,391,215,382,215,442,215,452,213,461,214,468,218,460,220,451,218,396,287,409,275,422,269,430,271,436,270,445,276,450,288,444,299,436,304,428,305,420,304,408,300,402,287,422,280,429,281,436,281,445,287,436,288,429,289,421,289
clip_20250722_135652.avi,60,1,327,252,328,272,332,292,338,310,348,327,361,343,376,355,393,364,408,366,422,362,433,351,443,337,451,321,458,305,462,288,465,271,465,253,348,235,360,230,373,229,385,232,396,237,421,236,432,232,442,229,453,230,460,236,409,253,410,266,411,279,413,292,398,303,405,304,412,306,417,304,423,302,362,255,370,252,380,252,388,257,379,260,370,259,425,257,433,251,442,251,449,254,443,259,434,259,385,329,395,324,405,320,412,322,418,320,425,323,431,328,425,337,419,342,412,343,404,342,395,339,389,330,405,329,412,329,418,328,427,328,418,329,411,331,405,331
clip_20250722_135652.avi,90,1,333,263,333,281,334,298,338,315,346,330,356,345,369,356,383,364,397,367,410,364,422,356,432,344,439,330,446,316,450,301,453,286,454,270,351,246,361,241,373,240,384,242,394,247,416,249,426,245,436,243,446,246,452,254,405,262,405,273,406,284,406,296,392,306,398,308,404,309,409,308,414,306,363,262,370,258,379,259,386,265,378,267,369,266,418,267,425,262,434,262,441,267,434,270,426,270,377,329,387,325,397,323,402,325,408,324,414,327,421,330,414,339,407,343,401,343,394,342,385,338,381,329,396,330,402,331,407,330,417,331,407,333,401,334,395,333
clip_20250722_135652.avi,120,1,342,258,342,276,344,295,348,312,355,328,365,342,378,354,393,362,407,364,419,363,430,356,440,345,448,331,455,316,460,301,464,286,466,269,362,243,373,239,385,238,396,241,407,246,430,248,439,244,449,243,459,245,465,253,417,261,417,272,417,283,418,295,404,305,410,306,415,308,420,307,425,306,374,260,382,257,391,257,398,264,389,266,381,265,431,266,438,261,446,261,453,266,447,270,438,269,392,330,401,325,410,322,414,324,419,322,424,326,428,332,423,339,418,342,413,343,407,342,399,339,395,331,409,330,414,330,418,330,425,332,418,331,413,332,408,331
clip_20250722_135652.avi,150,1,348,234,348,255,351,276,355,296,365,313,379,327,396,338,416,345,435,347,451,344,464,335,474,322,482,306,488,290,492,274,495,257,495,240,376,208,388,201,403,199,417,202,430,208,455,211,466,207,477,206,487,209,493,219,443,227,444,238,446,248,447,259,428,273,436,275,443,276,449,276,455,274,390,231,400,229,410,229,419,233,409,235,399,235,457,236,466,234,475,235,481,239,474,241,465,240,410,302,423,294,435,290,442,292,449,291,455,296,461,305,454,313,447,316,440,317,432,316,421,312,415,302,434,299,441,300,448,300,456,304,448,303,441,304,433,303
clip_20250722_135731.avi,30,1,324,229,324,248,326,268,331,286,340,302,353,316,369,327,386,335,403,337,418,335,431,326,442,313,450,298,456,281,459,265,462,248,462,232,348,204,359,197,371,194,385,196,397,201,419,202,429,198,441,197,451,201,457,210,408,218,409,226,410,235,411,244,396,259,402,261,409,262,415,261,420,260,361,224,370,222,378,222,387,224,378,226,370,226,422,226,430,224,438,226,445,229,438,230,430,229,378,288,389,278,401,274,408,276,414,275,423,281,429,291,422,303,413,308,406,308,398,307,387,302,383,288,400,283,407,283,414,284,424,291,413,294,406,295,399,294
clip_20250722_135731.avi,60,1,328,231,329,252,330,272,335,292,345,309,359,323,375,334,394,342,412,345,428,342,441,334,451,321,459,306,466,290,470,273,473,256,473,238,359,204,370,196,384,193,397,195,410,201,435,206,445,201,456,201,466,205,471,214,423,222,424,232,425,242,427,252,409,267,416,269,423,270,429,269,434,268,373,225,382,220,391,221,400,227,390,229,381,228,436,230,444,225,453,226,459,232,453,234,444,233,392,296,403,287,415,283,422,285,428,284,435,290,440,300,434,310,427,314,419,314,412,313,401,308,397,297,414,292,421,293,427,293,435,300,427,300,420,300,413,300
clip_20250722_135731.avi,90,1,325,233,325,253,326,273,329,292,337,310,348,326,363,338,379,348,396,352,411,351,425,342,437,329,448,314,455,298,460,282,464,265,466,247,350,211,362,206,376,205,388,208,400,215,425,218,436,215,447,214,457,218,462,228,411,233,411,244,411,255,411,267,395,279,401,281,408,283,414,283,420,282,363,232,372,229,382,230,390,237,380,238,371,237,426,241,434,237,444,238,450,244,443,246,434,245,376,306,388,300,399,296,406,299,413,298,420,303,425,312,419,322,411,326,403,326,395,325,385,319,381,307,398,305,405,306,412,307,421,311,411,313,404,313,397,312
clip_20250722_135731.avi,120,1,329,232,329,252,330,272,333,292,341,309,353,325,368,338,385,347,402,351,418,350,433,341,445,328,455,312,462,295,467,278,471,260,473,241,353,207,364,200,378,198,392,201,404,208,429,211,440,207,452,206,463,210,469,221,416,227,416,238,416,249,417,260,400,272,406,275,414,277,421,276,427,275,366,230,376,228,385,229,393,233,384,234,375,234,431,236,441,234,450,236,457,239,449,242,440,240,380,301,392,294,404,290,412,293,418,292,426,297,432,307,424,317,416,321,408,321,400,320,389,314,385,302,403,299,411,300,417,301,427,306,416,308,409,308,402,307
clip_20250722_135731.avi,150,1,338,240,339,259,340,277,344,295,352,311,364,325,379,336,397,344,413,347,429,345,443,337,455,325,464,310,469,294,472,277,475,260,475,242,359,214,369,208,381,206,394,208,405,213,429,215,440,211,451,209,462,212,469,221,418,230,418,241,419,251,420,262,405,275,412,277,418,278,424,277,430,276,372,234,381,230,389,231,398,236,389,238,380,238,433,238,441,233,450,233,457,238,450,241,441,240,390,303,400,295,410,291,417,293,424,291,432,296,439,305,432,315,424,319,417,319,409,318,399,314,394,303,410,300,417,300,423,300,434,305,424,305,417,306,410,305
clip_20250722_135757.avi,30,1,337,218,337,240,339,261,345,281,356,298,371,313,390,324,410,332,430,335,446,332,460,322,471,308,479,291,485,273,488,255,491,236,490,217,364,188,375,180,389,176,404,177,417,183,444,184,455,179,468,177,479,182,485,193,432,203,434,213,435,223,437,233,419,251,427,252,435,253,441,252,447,251,379,209,389,203,399,203,409,210,399,212,388,212,447,211,457,204,467,205,474,211,467,214,457,213,400,283,413,273,427,267,434,270,440,268,449,274,457,285,449,297,440,302,432,303,424,302,412,297,406,283,426,278,433,279,440,279,452,285,439,286,432,287,425,286
clip_20250722_135757.avi,60,1,337,223,338,246,340,269,346,290,357,310,372,326,390,340,408,350,426,353,441,351,454,339,465,323,474,305,482,287,487,268,491,248,492,228,365,200,377,193,392,191,406,194,419,199,450,200,461,195,472,194,483,196,489,205,435,219,436,233,438,246,439,260,421,273,428,275,436,277,442,275,448,274,381,219,392,215,402,215,410,223,401,224,390,223,452,225,461,218,471,218,477,224,471,227,462,227,400,303,413,297,426,293,434,296,442,294,450,299,457,305,449,318,440,324,432,325,423,324,411,317,405,304,426,304,433,305,441,304,452,306,440,308,432,309,424,308
clip_20250722_135757.avi,90,1,325,227,324,247,325,267,329,286,338,303,352,317,369,328,388,336,406,339,422,337,435,329,444,317,452,302,458,286,463,270,466,254,466,237,355,200,366,193,380,190,394,192,406,199,431,204,441,200,452,200,460,204,465,214,419,219,420,229,421,238,423,248,405,263,411,264,418,266,424,265,429,264,369,220,378,215,388,216,396,223,387,224,377,223,431,228,439,223,448,225,453,231,447,232,438,231,387,292,400,284,412,279,418,282,422,281,428,287,432,296,426,303,420,306,414,306,408,305,398,301,392,292,411,290,416,291,421,291,428,295,421,292,416,292,410,291
clip_20250722_135757.avi,120,1,333,256,333,276,335,295,340,313,348,329,360,344,375,356,391,365,407,367,421,366,434,357,444,345,453,330,460,313,464,297,468,279,469,261,352,236,363,230,376,229,389,231,401,236,425,239,436,234,447,232,458,235,465,244,413,253,414,265,415,277,416,289,400,300,407,302,414,303,419,302,425,301,366,255,374,251,384,251,393,257,383,259,373,259,428,259,436,253,445,254,453,259,446,262,436,262,383,326,394,320,404,317,412,319,418,317,426,321,432,327,426,338,418,343,411,343,403,342,392,337,388,326,404,324,411,325,418,324,428,327,418,330,411,331,404,330
clip_20250722_135757.avi,150,1,353,232,354,253,356,275,363,295,374,313,390,327,410,337,430,344,450,346,466,342,477,331,487,317,494,302,499,286,503,270,505,253,505,236,383,206,395,199,410,196,425,198,438,205,462,207,473,202,485,202,496,205,502,215,452,224,453,235,455,246,457,257,437,271,445,273,453,275,459,274,465,272,399,228,409,226,419,226,427,230,418,232,409,232,465,232,475,230,484,232,490,235,483,237,474,236,419,300,432,293,445,290,452,293,459,291,467,296,475,302,467,309,459,311,452,311,444,311,432,308,423,300,444,299,452,300,458,300,471,302,459,300,452,300,445,300
clip_20250722_135907.avi,30,1,324,226,326,247,329,268,334,288,345,305,361,319,380,329,400,336,419,339,436,335,450,325,460,311,468,294,472,277,474,259,476,241,475,223,351,197,362,188,376,183,391,184,405,189,430,191,440,185,452,185,463,189,469,199,419,208,421,217,423,225,425,235,408,253,415,254,423,255,429,254,435,252,368,217,377,214,386,213,395,216,386,219,377,219,433,217,442,215,451,216,458,220,450,221,441,220,389,284,401,274,414,268,422,270,429,269,438,275,446,286,438,299,429,304,421,304,413,304,401,299,394,285,414,278,422,278,428,279,441,286,429,292,422,292,414,291
clip_20250722_135907.avi,60,1,333,230,333,247,334,263,337,280,344,294,355,306,369,316,385,322,401,324,415,323,428,316,437,306,445,294,449,280,453,266,456,251,456,236,354,206,363,199,375,196,386,198,397,204,418,206,428,202,438,202,447,206,452,215,408,220,408,227,409,235,410,243,396,257,401,258,407,259,412,259,417,258,366,222,374,219,382,219,389,224,381,226,373,225,420,227,428,223,436,224,442,229,435,231,427,230,380,282,390,273,400,269,406,271,411,270,418,275,424,286,417,294,410,297,404,297,397,296,388,292,384,282,400,277,405,278,411,278,419,285,410,285,405,285,399,284
clip_20250722_135907.avi,90,1,336,233,336,251,338,268,343,284,351,298,362,311,376,320,392,327,407,329,421,326,432,318,441,306,447,293,452,278,455,264,457,249,456,234,356,211,365,205,376,202,388,204,398,208,420,210,429,207,439,205,448,208,453,216,410,226,411,235,412,244,413,254,399,266,405,268,411,269,416,268,421,267,369,228,376,225,384,225,392,230,384,232,375,232,422,232,429,227,437,228,443,232,438,235,430,234,386,291,396,286,406,283,411,285,415,284,422,287,428,293,421,299,415,302,410,302,404,301,395,298,390,291,405,291,410,291,415,291,424,292,415,291,410,292,405,291
clip_20250722_135907.avi,120,1,325,225,326,244,328,263,333,282,341,298,353,312,369,323,387,331,405,334,421,332,433,323,443,310,451,295,456,279,460,262,463,244,463,227,348,198,358,191,370,188,383,190,394,196,421,197,431,192,441,191,451,194,457,203,408,215,409,224,410,234,412,245,396,259,403,261,410,262,415,261,421,260,361,219,370,214,379,214,388,220,379,223,369,223,422,221,431,216,440,216,447,222,440,225,431,224,380,289,391,279,402,275,409,277,415,276,423,281,429,291,423,302,415,306,408,307,400,306,390,301,385,289,402,284,409,285,415,285,424,290,414,293,408,293,401,293
clip_20250722_135907.avi,150,1,343,228,343,248,344,269,349,288,358,305,371,319,387,330,406,337,424,340,441,338,454,330,464,317,472,302,478,286,482,270,485,253,487,235,368,200,380,194,393,192,407,195,419,201,444,204,455,200,467,199,477,203,483,212,432,220,432,231,433,242,434,253,417,267,424,269,431,271,437,270,443,269,382,223,391,220,401,220,409,225,400,227,390,227,446,229,455,226,464,227,471,232,464,234,455,232,399,294,412,288,423,285,429,287,436,286,443,290,451,297,442,304,435,306,428,306,420,305,410,302,403,294,422,293,429,294,435,294,447,297,435,295,428,295,422,294
clip_20250722_135907.avi,180,1,351,231,352,251,353,271,357,290,366,308,379,322,397,333,416,339,436,342,453,340,466,332,476,319,484,303,489,287,493,272,497,255,498,238,378,205,391,198,405,196,419,198,432,205,456,208,468,204,480,203,490,208,495,218,444,224,445,234,447,245,448,256,430,269,437,271,444,272,451,272,456,271,393,226,403,225,412,225,421,229,411,231,402,230,458,232,468,231,477,232,483,236,476,238,467,236,411,296,425,290,436,287,443,289,449,288,456,292,462,300,455,306,448,308,441,308,434,307,423,304,416,296,435,295,442,296,449,296,458,299,448,297,442,297,435,296
clip_20250722_135907.avi,210,1,362,230,363,252,365,273,370,294,380,312,395,327,414,338,434,345,454,348,472,346,484,336,494,323,502,306,507,290,511,272,514,255,515,236,391,205,403,196,418,193,433,195,447,202,473,205,484,201,497,200,508,205,514,216,461,221,462,231,463,242,465,254,446,269,453,270,461,272,468,271,474,270,407,224,417,220,427,220,437,226,426,228,416,227,475,230,485,225,494,227,501,232,493,234,484,233,428,297,442,290,453,286,460,289,467,287,475,293,482,301,475,308,467,310,460,309,452,308,441,305,433,296,452,295,460,297,467,297,478,300,467,298,460,298,453,297
clip_20250722_135907.avi,240,1,347,231,348,251,350,272,354,291,363,308,376,323,393,334,413,340,431,342,449,340,462,333,473,320,480,305,486,289,489,272,493,255,494,237,372,206,384,199,398,196,412,199,425,205,449,207,460,203,473,202,484,207,490,217,437,222,437,233,438,243,439,255,423,269,430,271,437,272,443,271,449,270,387,226,396,224,406,224,415,228,405,230,396,230,452,231,461,228,470,229,478,233,470,235,461,234,406,297,418,290,430,286,437,289,443,287,451,292,458,300,451,307,443,310,436,309,428,308,418,305,411,297,429,295,436,296,443,296,454,299,443,297,436,297,429,296
clip_20250722_135907.avi,270,1,349,233,349,252,351,272,355,291,364,307,377,321,394,332,413,338,431,341,449,339,462,331,473,318,481,303,486,287,489,271,492,254,492,236,372,205,383,198,397,195,411,198,423,203,448,206,459,201,471,201,482,205,488,215,435,221,436,231,437,241,438,252,422,267,429,268,436,270,442,269,449,268,387,225,395,220,405,220,414,226,404,228,394,228,451,229,459,224,469,225,475,231,468,233,459,232,405,295,417,288,428,284,435,287,442,285,450,290,457,297,449,304,442,307,435,307,427,306,417,303,410,295,428,293,435,294,441,294,453,297,441,294,435,295,428,294
clip_20250722_135907.avi,300,1,348,232,348,251,350,271,354,290,363,306,376,320,393,330,411,337,430,340,447,338,461,330,471,317,480,302,484,285,487,269,490,252,491,234,370,204,381,197,394,195,407,197,419,202,445,204,456,199,469,199,480,203,486,213,432,220,433,230,434,240,435,251,420,266,427,267,433,268,439,268,445,267,384,224,393,219,402,219,411,226,401,227,392,227,448,228,456,222,466,223,473,229,466,231,456,230,402,294,415,287,426,284,433,286,439,284,447,289,455,296,447,303,439,306,432,306,425,305,414,301,407,294,425,293,433,293,439,293,451,295,439,294,433,294,426,293
clip_20250722_135907.avi,330,1,349,230,350,250,352,270,356,289,366,306,380,321,398,331,417,338,437,340,454,338,467,329,478,316,486,300,491,283,494,267,497,250,497,233,374,205,386,197,400,193,414,195,427,201,451,203,462,198,475,198,486,202,492,213,440,220,441,230,442,240,443,250,426,265,433,267,441,268,447,267,453,266,389,225,399,223,408,223,417,226,408,228,398,228,455,228,464,226,473,227,480,231,472,233,463,231,408,293,421,286,433,283,440,285,447,283,455,288,462,295,454,303,446,306,439,306,431,305,420,302,413,294,433,292,440,293,446,293,458,295,446,293,439,294,432,293
clip_20250722_135922.avi,30,1,336,242,337,262,339,281,344,300,354,316,367,329,383,339,401,347,419,350,434,347,447,339,457,326,464,311,470,295,473,279,476,261,476,244,360,214,370,206,383,203,396,205,408,210,432,213,443,208,454,206,465,210,471,220,422,228,423,237,424,247,426,256,410,272,417,273,424,274,430,274,435,272,374,233,383,228,392,228,400,234,391,236,382,236,436,236,444,231,453,232,460,237,453,239,444,238,393,301,404,292,416,287,422,290,429,288,437,294,444,304,437,315,428,320,421,320,413,319,403,314,398,301,415,297,422,297,428,297,439,303,428,306,421,307,414,306
clip_20250722_135922.avi,60,1,335,240,336,262,337,284,342,305,352,323,367,339,386,350,405,358,425,362,442,360,455,349,467,336,476,319,483,303,488,285,491,267,492,248,367,214,380,207,396,204,411,207,425,214,450,218,461,213,473,213,484,217,490,227,437,234,438,245,439,257,441,269,421,283,429,285,437,287,443,286,450,285,383,235,393,231,404,231,413,238,403,239,392,239,451,242,461,237,471,239,478,244,470,247,460,245,401,312,415,305,428,301,436,304,442,303,449,308,455,317,448,325,440,328,433,329,425,327,413,322,406,312,427,312,435,313,441,313,451,316,441,315,434,315,427,314
clip_20250722_135922.avi,90,1,348,246,347,269,348,293,353,315,362,335,375,354,391,370,409,380,427,385,444,382,459,370,471,354,481,336,490,318,496,299,501,280,503,260,373,222,385,215,399,213,413,216,427,223,457,228,469,224,481,223,492,226,499,237,441,246,441,260,442,274,442,288,423,301,431,304,439,306,446,305,453,303,387,247,396,242,407,243,417,252,406,254,395,252,458,256,467,249,478,250,485,256,478,261,467,259,401,332,414,327,428,324,436,327,443,325,452,329,459,336,451,350,441,357,433,357,424,356,411,350,406,334,427,333,435,335,442,335,454,337,442,341,434,343,426,342
clip_20250722_135922.avi,120,1,347,237,347,257,348,277,351,296,359,313,371,329,387,341,404,349,423,352,439,350,453,341,464,328,473,313,480,296,484,280,487,262,489,245,371,213,382,206,396,203,409,205,421,211,446,215,456,211,468,211,479,215,485,226,433,230,433,240,434,250,434,261,418,275,425,277,431,278,437,278,443,277,385,232,394,228,403,228,411,234,402,236,393,236,448,238,456,234,465,235,472,241,465,243,456,241,400,304,411,296,423,292,430,294,436,293,444,299,450,309,442,317,434,320,427,320,419,319,409,314,405,304,422,301,429,302,435,303,445,308,435,307,428,307,421,306
clip_20250722_135922.avi,150,1,360,237,362,257,365,278,371,297,383,314,400,326,421,334,441,339,460,340,476,337,487,326,496,314,503,298,507,283,509,266,510,250,508,234,388,209,400,200,415,196,430,198,444,203,468,205,478,200,490,199,500,203,506,212,458,222,460,231,463,240,465,250,446,266,454,268,462,269,468,268,474,266,405,228,415,226,425,225,434,228,425,231,415,231,471,229,480,227,489,229,495,232,488,234,479,233,427,294,442,288,455,284,462,286,468,285,476,288,484,294,476,300,468,303,461,304,454,303,442,301,432,294,455,293,462,293,468,293,480,294,468,293,461,294,455,293
clip_20250722_135935.avi,30,1,333,238,333,260,334,281,339,301,349,319,364,334,383,346,403,353,422,356,439,354,452,344,464,331,472,315,479,298,483,280,486,262,487,243,363,207,374,199,388,196,402,198,415,205,443,208,455,203,467,203,478,207,484,218,430,226,431,237,432,248,434,259,416,275,423,277,430,278,436,278,443,277,378,230,387,225,398,225,407,232,397,234,386,234,445,235,454,229,465,230,471,237,464,240,454,239,397,305,410,297,423,293,430,296,436,295,444,300,450,309,443,318,435,321,427,322,420,320,408,316,402,306,422,304,429,305,435,305,446,308,435,307,428,307,421,306
clip_20250722_135935.avi,60,1,337,239,338,260,340,280,344,299,353,316,366,331,383,343,401,350,419,354,435,351,449,342,460,329,470,314,476,296,479,279,482,261,483,242,362,213,374,205,387,203,401,205,413,212,439,214,450,209,461,208,472,211,479,221,426,230,427,240,428,251,429,262,413,276,419,278,427,279,433,278,439,277,376,234,385,231,395,231,404,236,394,238,384,238,441,238,450,234,459,235,466,239,459,242,450,241,394,305,406,297,418,293,425,295,432,293,440,298,446,307,439,318,432,323,424,323,416,323,405,318,399,306,417,302,425,302,432,302,441,307,432,309,424,310,417,309
clip_20250722_135935.avi,90,1,359,244,357,268,358,292,362,315,371,337,383,357,398,373,414,385,431,390,446,389,461,379,476,365,488,349,499,331,508,312,515,292,519,271,386,227,401,222,417,222,431,227,443,236,474,240,486,237,499,236,511,240,518,250,456,255,455,271,454,286,453,302,434,311,441,315,449,318,456,317,462,315,400,251,411,247,422,249,430,258,420,259,408,257,473,265,483,259,494,261,502,267,494,271,483,269,411,340,425,337,438,336,444,339,451,338,458,343,465,348,456,359,447,363,440,363,432,362,421,355,415,341,436,344,443,345,450,345,461,348,449,350,442,351,435,349
clip_20250722_135935.avi,120,1,350,244,350,265,351,286,354,306,362,325,374,342,389,356,406,366,424,371,441,369,455,360,467,347,478,331,486,314,491,297,496,279,499,260,377,223,391,218,405,218,418,223,429,230,455,234,466,230,478,229,489,233,495,242,441,249,440,261,440,274,440,287,423,297,429,300,437,302,443,302,449,300,390,247,400,246,410,247,418,252,408,253,399,252,456,257,466,255,476,257,482,260,475,263,465,261,402,323,415,318,426,316,434,319,441,318,448,322,454,329,447,338,439,342,431,342,423,340,412,335,407,324,425,325,433,327,440,327,449,328,439,328,432,329,425,327
clip_20250722_140121.avi,30,1,346,229,346,250,347,272,352,292,362,312,376,329,393,343,413,354,433,357,451,353,466,342,479,327,488,309,495,291,499,272,502,253,502,233,372,202,384,194,398,192,412,194,426,200,454,203,466,198,479,197,491,200,498,211,441,221,442,233,443,245,445,258,426,273,434,275,442,277,448,275,455,273,386,225,396,220,407,220,417,227,406,229,395,229,457,229,466,224,477,224,485,230,477,234,466,233,404,304,418,296,431,292,440,294,447,293,456,298,464,306,455,318,446,324,437,325,428,324,416,318,410,305,430,301,439,302,447,302,458,306,446,309,438,310,429,309
clip_20250722_140121.avi,60,1,344,245,344,266,346,287,350,307,360,326,372,343,387,356,404,365,421,369,436,366,450,356,461,342,471,325,479,308,484,291,488,272,489,254,368,223,380,217,394,215,407,219,418,225,446,226,457,222,468,220,479,223,486,232,431,243,432,256,433,269,433,283,416,295,423,297,430,298,437,297,443,295,381,244,391,240,401,241,409,248,399,250,389,249,447,251,456,245,466,245,473,250,466,254,457,254,397,323,409,317,420,314,427,316,435,314,442,318,448,325,441,336,434,341,426,342,417,341,407,336,402,324,419,323,427,324,434,323,443,325,434,327,426,328,419,327
clip_20250722_140121.avi,90,1,335,226,337,248,341,271,348,291,361,309,379,323,399,333,422,338,442,339,459,334,471,324,481,309,488,293,492,274,495,255,496,236,493,217,360,193,370,182,384,177,400,178,414,183,444,184,456,178,469,176,480,181,487,191,432,204,434,215,437,225,440,236,422,256,430,257,438,257,445,256,451,255,377,214,387,208,397,208,408,213,398,216,387,217,448,212,457,206,468,207,476,212,468,215,458,215,407,290,420,281,432,276,439,278,446,276,455,281,464,288,457,296,448,300,441,301,433,300,421,298,412,289,433,287,440,287,446,286,459,287,447,286,440,287,433,287
clip_20250722_140121.avi,120,1,339,239,339,256,340,275,344,292,352,308,364,321,379,332,397,339,413,341,428,339,441,331,450,319,457,305,462,289,465,274,467,258,467,242,361,213,371,208,383,206,394,208,405,212,428,215,437,211,448,210,458,213,464,221,417,230,418,239,419,249,420,258,406,271,412,273,418,274,423,273,428,272,374,233,381,229,390,230,397,235,389,237,380,236,431,237,438,232,447,233,453,238,447,240,438,240,390,298,400,290,410,286,416,289,422,287,429,292,435,301,429,309,422,312,415,312,408,311,399,308,395,298,409,295,416,295,422,296,431,300,422,300,416,301,409,300
clip_20250722_140146.avi,30,1,337,211,338,233,340,256,345,276,356,295,370,311,388,324,408,334,427,337,445,335,460,324,472,308,482,291,488,272,492,253,495,234,495,213,363,182,375,174,390,171,404,173,417,179,447,181,458,176,471,174,483,178,490,188,433,200,434,212,435,224,437,236,419,253,427,254,435,255,441,254,447,253,377,205,387,200,397,200,407,207,397,209,386,209,450,208,460,202,470,203,478,209,470,212,460,212,399,287,412,276,425,271,433,273,441,271,449,277,455,287,448,300,440,305,431,306,423,305,410,301,405,287,424,282,432,282,440,282,449,286,440,289,432,290,424,290
clip_20250722_140146.avi,60,1,348,223,348,241,350,260,354,278,363,294,376,308,391,319,407,326,423,329,437,327,448,318,457,305,465,291,471,275,475,259,477,243,477,226,371,199,381,193,393,191,406,193,416,199,440,200,449,195,460,194,469,197,475,205,429,215,430,225,431,234,432,244,416,258,423,260,429,261,435,260,440,259,384,218,392,214,401,215,408,220,400,221,391,221,441,221,449,217,457,218,464,222,457,225,449,224,399,285,411,279,422,276,427,278,433,276,440,281,447,286,439,295,432,299,426,300,420,299,410,295,404,285,421,284,427,285,432,285,443,286,432,287,426,288,421,288
clip_20250722_140146.avi,90,1,335,231,336,251,337,272,342,291,351,307,364,321,380,332,397,340,415,343,430,341,443,332,454,319,462,304,468,288,472,271,476,254,476,236,361,205,372,197,385,195,398,197,410,202,435,205,446,201,457,201,468,204,473,214,423,221,424,231,425,241,426,251,409,266,416,267,423,268,429,268,435,267,374,225,383,220,393,220,401,226,392,228,382,228,437,229,445,224,455,226,461,231,454,233,445,232,391,295,402,287,414,283,422,285,429,284,436,289,442,298,435,310,427,314,419,315,411,313,400,308,396,296,413,292,421,293,428,293,438,298,427,300,420,300,412,299
clip_20250722_140146.avi,120,1,360,233,361,255,363,277,368,298,378,316,394,331,413,343,434,350,453,352,470,349,482,339,493,325,501,309,507,292,512,275,515,257,516,239,390,206,403,197,419,195,435,197,449,205,475,208,486,203,498,203,509,207,515,217,462,226,464,238,466,249,468,261,447,276,455,278,463,279,470,279,476,277,406,228,417,226,427,226,437,231,426,233,416,233,476,234,486,232,496,234,502,237,495,240,485,239,427,305,442,298,455,295,462,297,469,296,476,300,482,308,475,315,468,318,460,319,452,318,440,314,433,305,454,304,461,305,468,305,478,307,468,305,461,306,454,305
clip_20250722_140156.avi,30,1,332,233,332,251,333,270,336,288,343,304,355,317,370,327,387,334,404,338,419,336,432,329,442,319,450,305,456,291,460,276,463,260,464,244,358,208,368,200,380,195,394,197,406,203,429,207,439,204,450,204,459,210,463,221,417,222,418,230,419,238,420,246,403,261,409,262,415,263,421,263,426,263,371,224,380,220,388,221,396,227,387,228,379,227,429,231,437,227,446,229,451,235,445,236,436,234,383,289,395,279,407,275,413,278,419,277,427,283,431,294,425,305,417,308,410,308,402,307,392,302,388,289,406,284,412,285,418,286,427,294,417,296,411,296,404,295
clip_20250722_140156.avi,60,1,343,231,344,252,347,274,352,294,361,312,374,328,390,341,406,351,422,354,437,351,450,340,461,326,470,309,477,292,482,275,486,256,487,238,366,210,378,204,391,203,404,206,416,212,443,213,454,209,465,207,476,210,483,218,430,230,430,242,431,255,432,267,415,279,422,281,429,283,436,282,442,280,379,231,388,227,398,228,407,234,397,236,387,235,445,236,454,230,464,231,471,235,464,240,455,239,398,310,409,302,420,298,427,300,435,299,442,304,447,312,442,324,434,330,425,330,417,329,407,323,403,310,419,307,427,308,434,307,443,312,434,316,426,317,418,316
clip_20250722_140156.avi,90,1,327,228,327,248,328,267,332,286,340,303,352,318,366,331,383,340,400,343,415,341,429,331,440,318,449,302,455,286,460,269,463,251,463,234,349,204,359,198,372,196,384,198,395,204,421,206,432,201,443,200,453,203,459,212,408,223,409,234,409,245,410,257,394,270,401,272,408,274,414,273,419,271,361,225,369,221,379,221,388,228,378,230,368,229,423,230,432,224,441,225,448,230,441,234,432,233,376,298,388,292,400,288,406,291,413,289,421,294,429,300,420,311,412,316,404,316,397,315,386,310,381,298,399,298,406,299,412,299,424,300,412,302,405,303,398,302
clip_20250722_140213.avi,30,1,343,229,343,250,345,271,349,292,359,310,373,325,391,336,410,344,429,347,445,345,458,335,469,322,478,307,485,290,489,273,492,255,494,237,372,202,384,193,399,190,414,193,428,201,452,204,463,200,475,199,485,203,491,213,440,222,441,233,442,243,443,254,424,269,431,271,438,273,445,273,451,271,387,225,397,222,406,223,415,228,405,230,395,229,453,232,462,229,471,230,478,235,470,238,461,236,402,297,417,293,430,290,436,293,442,292,450,296,457,302,448,310,440,312,434,312,427,311,415,307,407,298,429,299,435,300,441,300,453,302,441,302,435,302,428,301
clip_20250722_140213.avi,60,1,351,233,351,252,351,272,354,291,361,309,371,326,385,339,401,349,417,353,433,352,447,344,459,331,468,317,476,301,481,284,485,267,487,249,372,214,384,209,396,209,408,213,418,218,444,221,455,218,466,218,477,221,483,230,430,236,430,248,429,260,429,272,414,283,420,285,426,287,432,287,438,286,383,235,392,232,401,233,409,240,400,241,391,240,445,244,454,239,463,240,470,245,463,248,454,247,399,310,409,303,419,300,425,303,431,302,438,307,442,315,436,323,429,326,422,326,416,325,407,320,403,310,418,310,424,311,430,311,438,314,430,313,423,314,417,312
clip_20250722_140213.avi,90,1,340,250,340,267,341,283,344,300,351,314,362,327,375,337,390,345,405,348,419,347,430,340,439,329,446,317,451,303,455,289,458,274,458,259,361,228,370,221,381,219,392,221,402,226,425,228,434,225,443,225,452,230,456,239,413,242,414,250,415,257,415,265,401,278,407,280,413,281,418,281,422,280,373,244,380,240,388,240,395,246,388,247,379,247,425,249,433,245,440,246,446,252,440,253,432,252,385,303,395,295,405,292,411,294,416,293,424,298,429,307,423,318,415,322,409,322,402,321,393,316,389,303,405,300,410,301,416,302,425,307,415,311,410,311,404,310
clip_20250722_140213.avi,120,1,342,235,343,254,345,272,350,290,359,306,372,319,389,327,408,333,425,335,441,333,453,326,463,315,470,301,475,286,478,270,481,254,481,237,366,206,377,198,390,195,404,196,416,202,440,205,450,201,462,201,472,205,478,215,429,221,430,229,431,238,432,247,416,263,423,264,430,265,435,265,441,264,380,226,389,224,398,223,407,226,398,229,389,228,443,229,452,228,460,229,467,233,459,234,451,233,400,290,412,283,423,279,429,281,435,280,442,285,449,293,442,299,435,300,428,300,421,300,411,297,404,290,422,288,429,288,435,288,444,292,435,289,428,289,422,288
clip_20250722_140224.avi,30,1,337,210,338,232,339,253,343,274,353,292,366,309,382,322,401,332,421,335,438,333,452,322,464,308,474,291,481,274,486,255,490,237,492,217,365,182,378,175,393,173,407,176,420,182,446,186,457,181,470,180,481,184,487,194,433,203,433,214,434,225,435,237,417,252,424,254,432,255,438,254,444,253,378,207,388,203,398,204,407,209,397,211,387,211,449,212,458,208,468,210,475,214,467,217,458,216,396,284,409,275,422,270,430,273,437,271,445,277,451,287,444,300,435,305,427,306,418,305,407,299,401,285,421,281,429,281,436,282,446,287,436,289,428,290,420,289
clip_20250722_140224.avi,60,1,341,240,342,259,344,278,349,296,359,312,373,326,389,337,406,344,422,347,437,344,448,333,458,320,466,305,471,289,474,273,477,256,476,239,364,216,374,209,387,207,399,209,411,214,436,214,446,210,457,209,467,211,473,219,425,230,426,241,427,252,429,263,413,276,420,277,427,278,432,277,437,276,377,234,386,230,395,231,403,236,395,238,385,238,439,237,446,231,455,232,462,236,455,239,447,239,398,305,409,297,420,293,427,295,433,293,440,297,446,304,439,314,432,319,425,320,418,319,408,315,403,305,420,301,426,302,432,301,441,304,432,306,426,307,419,306
clip_20250722_140224.avi,90,1,338,241,340,259,342,277,348,294,358,309,373,320,390,327,408,332,425,333,439,330,449,322,457,310,462,296,466,281,468,266,469,251,467,236,363,214,373,206,385,202,399,203,411,208,431,210,440,205,450,204,459,207,464,215,424,224,426,232,428,240,431,248,415,263,422,263,428,264,433,263,438,262,378,230,386,227,394,226,402,230,394,232,386,232,435,231,442,227,450,228,455,232,449,234,442,233,400,291,412,281,423,276,428,277,433,276,440,281,444,290,440,298,434,303,428,303,422,303,411,300,405,290,422,285,428,285,433,285,440,289,433,290,428,291,422,291
clip_20250722_140224.avi,120,1,347,232,346,253,347,273,350,293,357,311,368,329,381,343,396,354,412,359,428,358,442,348,454,334,464,318,472,301,478,284,484,266,486,247,367,214,378,208,391,207,404,211,415,218,441,220,452,216,465,215,476,219,482,229,426,235,426,248,425,260,425,273,409,283,416,286,422,288,429,287,435,286,378,234,387,230,397,232,405,239,395,240,386,239,443,243,452,237,462,239,469,244,462,248,452,247,391,312,401,305,413,302,420,305,427,304,435,309,441,317,434,329,425,335,417,335,409,334,399,327,396,312,412,311,419,312,426,312,437,316,426,321,418,321,411,320
clip_20250722_140241.avi,30,1,345,221,344,240,343,259,346,278,354,294,366,308,382,318,399,326,416,331,431,331,445,324,455,313,464,300,470,285,474,270,478,254,479,239,375,195,386,188,398,186,411,188,423,196,447,201,456,198,467,199,476,204,479,214,435,216,435,225,436,233,436,243,419,256,425,258,431,260,437,261,442,260,388,215,397,212,406,212,413,219,404,220,395,218,446,226,454,222,462,224,468,230,461,231,453,229,398,281,411,277,423,274,428,278,433,277,440,282,445,290,437,296,430,298,424,297,418,295,408,290,402,282,421,283,427,285,432,286,441,289,431,287,426,287,420,285
clip_20250722_140241.avi,60,1,345,212,345,231,347,251,351,270,361,287,374,301,391,312,409,319,426,322,441,320,453,310,462,298,470,284,476,268,479,253,483,236,484,220,373,185,385,179,398,177,411,179,423,185,447,189,457,185,467,184,477,188,482,197,435,204,436,214,437,224,439,234,421,248,428,249,435,251,441,250,446,249,387,207,395,204,404,204,412,209,403,211,394,210,448,212,456,209,464,211,471,215,464,217,455,216,403,275,415,267,426,263,433,266,439,265,446,270,451,279,445,289,437,292,431,293,423,291,413,287,408,275,425,272,432,273,438,274,447,279,438,279,432,279,425,279
clip_20250722_140241.avi,90,1,327,259,328,275,329,291,333,306,339,320,350,332,364,341,379,346,394,348,408,346,419,340,428,330,435,318,439,305,441,291,443,277,444,263,347,238,355,231,365,228,376,230,386,235,407,237,416,233,425,232,434,236,439,243,397,250,397,257,398,265,399,273,386,286,392,287,397,287,402,287,407,287,358,254,365,250,373,250,380,255,372,256,365,256,409,256,416,252,423,253,429,258,423,259,416,258,373,310,382,304,391,300,397,302,401,301,408,305,414,312,408,318,401,321,396,321,390,320,381,318,377,310,391,308,396,309,401,309,411,312,401,311,396,311,391,311
clip_20250722_140241.avi,120,1,348,223,348,243,349,264,354,284,362,302,375,318,390,332,407,341,425,344,441,342,455,332,467,319,476,302,483,285,488,267,492,249,493,230,370,201,382,194,396,192,409,195,422,202,448,205,459,200,471,199,483,202,489,212,434,222,435,234,436,246,436,258,420,270,427,273,434,275,440,274,446,272,384,224,393,221,403,222,412,227,402,229,392,229,450,230,459,227,469,228,476,232,468,236,459,235,402,298,413,291,424,287,432,290,439,289,446,294,453,302,446,313,438,317,430,317,421,316,411,311,407,299,424,297,431,298,438,298,448,302,438,303,431,304,423,302
