video,frame,label,pt_0,pt_1,pt_2,pt_3,pt_4,pt_5,pt_6,pt_7,pt_8,pt_9,pt_10,pt_11,pt_12,pt_13,pt_14,pt_15,pt_16,pt_17,pt_18,pt_19,pt_20,pt_21,pt_22,pt_23,pt_24,pt_25,pt_26,pt_27,pt_28,pt_29,pt_30,pt_31,pt_32,pt_33,pt_34,pt_35,pt_36,pt_37,pt_38,pt_39,pt_40,pt_41,pt_42,pt_43,pt_44,pt_45,pt_46,pt_47,pt_48,pt_49,pt_50,pt_51,pt_52,pt_53,pt_54,pt_55,pt_56,pt_57,pt_58,pt_59,pt_60,pt_61,pt_62,pt_63,pt_64,pt_65,pt_66,pt_67,pt_68,pt_69,pt_70,pt_71,pt_72,pt_73,pt_74,pt_75,pt_76,pt_77,pt_78,pt_79,pt_80,pt_81,pt_82,pt_83,pt_84,pt_85,pt_86,pt_87,pt_88,pt_89,pt_90,pt_91,pt_92,pt_93,pt_94,pt_95,pt_96,pt_97,pt_98,pt_99,pt_100,pt_101,pt_102,pt_103,pt_104,pt_105,pt_106,pt_107,pt_108,pt_109,pt_110,pt_111,pt_112,pt_113,pt_114,pt_115,pt_116,pt_117,pt_118,pt_119,pt_120,pt_121,pt_122,pt_123,pt_124,pt_125,pt_126,pt_127,pt_128,pt_129,pt_130,pt_131,pt_132,pt_133,pt_134,pt_135
clip_20250722_124710.avi,30,0,152,227,155,249,160,270,165,291,172,310,182,327,196,342,213,353,232,356,251,352,269,340,283,325,293,306,300,286,303,265,306,243,308,220,159,208,167,196,182,191,196,192,210,196,239,192,254,186,269,184,285,189,294,199,226,214,226,227,226,241,226,254,214,269,221,271,227,273,234,270,241,268,175,221,184,214,195,213,206,221,195,224,184,225,249,218,257,209,269,208,278,213,270,218,259,219,203,304,210,294,219,289,228,292,237,289,248,292,257,300,249,312,239,318,229,320,220,319,211,314,208,303,220,299,228,299,237,297,252,301,238,306,229,308,220,307
clip_20250722_124710.avi,60,0,132,222,134,243,139,264,144,284,151,303,161,321,174,336,189,348,208,351,228,348,248,336,264,322,277,304,284,284,288,262,292,239,293,215,135,198,142,186,155,181,169,182,182,186,209,182,225,176,242,174,259,178,271,189,196,205,196,218,194,231,194,245,184,261,190,263,197,265,205,262,214,260,150,213,158,208,169,207,180,213,169,216,158,217,224,209,233,202,244,202,254,206,246,211,234,211,175,295,182,287,191,282,199,284,208,281,221,285,234,292,223,305,211,312,201,313,192,312,183,307,180,295,191,291,200,292,209,290,229,293,210,299,200,301,192,300
clip_20250722_124710.avi,90,0,125,234,129,255,135,276,142,296,151,315,162,332,175,347,190,358,208,360,226,356,245,342,260,326,272,306,279,285,283,263,285,240,285,216,128,207,132,194,144,186,157,184,169,187,201,182,217,175,234,171,251,175,264,186,188,213,189,229,189,244,189,259,180,275,186,277,193,279,201,275,209,272,143,225,151,218,161,217,173,223,162,226,151,228,216,216,224,208,236,207,245,211,238,217,226,218,173,308,178,300,187,295,195,297,203,294,216,296,228,303,219,316,208,323,199,325,190,324,181,319,178,308,188,305,196,305,205,303,222,303,206,310,197,312,189,311
clip_20250722_124710.avi,120,0,179,221,179,243,182,264,184,286,190,306,199,324,211,340,225,354,243,359,264,358,283,346,299,331,312,313,321,294,326,273,332,251,336,228,186,205,195,195,209,193,223,197,236,203,267,203,282,198,297,195,313,200,322,211,250,222,249,237,247,252,245,268,231,277,238,280,245,283,253,281,261,279,200,221,209,215,221,217,231,225,220,227,208,226,273,227,283,219,295,219,304,225,296,230,284,230,217,304,226,300,236,298,244,301,253,299,265,302,277,307,265,320,253,325,243,325,235,323,225,317,222,305,236,306,244,308,253,307,271,308,253,312,244,312,236,311
clip_20250722_124710.avi,150,0,156,231,157,252,162,272,168,292,176,310,187,327,199,342,213,355,229,359,247,356,265,343,281,328,293,310,301,290,305,268,309,245,309,221,157,210,162,198,175,194,188,194,200,199,231,195,246,186,263,183,280,187,291,198,217,220,217,235,216,250,215,266,205,278,211,281,218,283,226,280,235,278,172,226,179,220,190,219,201,226,190,229,179,230,243,223,252,215,263,214,273,218,265,224,253,225,196,307,203,304,211,301,218,304,226,301,238,303,251,305,240,316,229,321,221,323,213,322,205,317,200,308,212,309,219,310,227,308,246,306,228,309,220,310,212,309
clip_20250722_124710.avi,180,0,146,225,150,246,155,266,160,286,170,303,183,318,200,331,218,341,237,342,255,337,269,323,281,307,289,288,294,269,297,250,298,230,298,209,160,205,170,196,184,191,199,191,213,195,241,190,254,184,267,181,281,184,289,193,230,211,231,224,232,238,234,251,220,265,227,266,235,268,241,265,247,262,179,220,188,215,198,214,208,218,198,221,188,223,249,214,258,208,268,207,276,209,269,215,259,215,206,293,216,287,226,283,235,286,243,282,252,284,262,288,254,299,246,305,237,307,228,307,217,303,212,293,227,292,235,293,243,291,257,289,244,293,236,295,227,294
clip_20250722_124740.avi,30,0,329,285,330,304,333,323,338,342,347,359,360,374,376,385,395,392,414,394,432,389,445,378,456,364,463,348,468,332,470,315,471,298,470,280,346,259,356,251,369,247,383,248,396,253,423,253,434,248,446,246,457,250,464,260,411,270,413,281,414,292,416,304,400,317,407,319,415,320,421,318,427,316,362,275,371,270,380,270,389,276,380,278,370,278,427,276,436,270,445,270,452,275,445,278,436,278,380,342,394,337,407,334,414,336,421,334,431,336,439,340,431,349,422,354,414,355,406,355,394,351,385,343,406,343,414,344,421,343,435,341,421,343,414,344,406,344
clip_20250722_124740.avi,60,0,340,273,340,293,342,313,346,334,355,352,368,367,385,380,403,388,422,391,440,387,454,376,465,361,474,345,479,327,482,309,484,292,484,274,359,247,370,239,384,236,397,238,410,244,437,245,449,240,461,240,472,244,479,254,425,262,426,273,427,284,428,296,409,307,418,310,426,312,433,310,440,308,375,266,384,263,393,264,402,268,393,269,384,269,441,270,451,267,459,267,466,271,459,273,451,272,386,332,400,324,415,322,424,324,433,322,445,325,454,333,444,349,433,357,423,358,413,357,398,350,390,333,415,329,424,330,433,329,449,333,433,346,423,347,413,346
clip_20250722_124740.avi,90,0,326,282,327,300,328,319,333,338,341,355,353,369,369,380,389,386,408,388,425,384,440,375,450,362,457,347,462,331,464,314,465,298,465,282,346,254,356,246,368,243,381,245,393,250,421,251,431,246,443,246,453,250,459,259,408,267,409,277,410,287,412,298,395,310,402,312,410,314,417,312,423,310,361,271,369,268,378,268,387,273,378,274,369,274,424,274,432,270,440,270,447,275,441,276,432,276,373,334,386,327,400,324,409,326,417,325,428,328,437,335,428,349,417,354,408,355,398,354,385,349,377,335,400,331,409,332,417,331,433,336,417,344,408,345,399,344
clip_20250722_124740.avi,120,0,318,295,319,313,321,332,325,350,332,367,343,382,358,394,375,401,392,404,409,402,424,393,436,380,444,365,450,348,453,331,455,314,456,296,334,271,345,265,357,263,369,265,380,271,409,273,419,268,431,267,442,271,449,279,395,290,396,302,396,314,397,326,381,336,388,338,396,340,402,338,408,336,348,293,356,293,364,293,374,295,364,297,355,297,412,297,421,296,429,297,437,298,429,301,421,300,363,357,376,354,387,352,394,354,401,352,410,355,419,358,410,368,401,372,393,373,385,372,374,368,368,359,386,360,394,361,401,360,414,359,401,361,394,362,386,361
clip_20250722_124811.avi,30,0,359,291,359,308,360,325,362,343,368,359,378,373,392,384,409,391,427,395,444,394,459,387,471,376,479,362,484,347,487,331,490,314,491,298,378,266,387,259,399,257,411,259,422,264,448,267,458,264,470,264,480,269,485,279,435,281,435,290,435,299,435,309,420,322,426,324,433,325,439,325,445,324,390,283,399,280,407,281,415,286,406,287,398,286,450,289,458,286,467,287,473,292,466,293,458,292,403,346,414,342,425,339,431,342,438,341,446,345,455,351,445,357,436,359,429,359,422,357,413,354,407,347,424,348,431,349,437,349,451,351,437,349,430,349,423,348
clip_20250722_124811.avi,60,0,356,288,356,307,357,325,360,344,366,361,376,376,390,388,407,397,424,401,441,401,456,393,468,381,476,365,482,349,486,333,489,316,491,299,377,263,387,256,400,254,412,256,424,262,449,267,459,263,471,263,481,268,486,278,436,280,436,290,436,299,436,310,420,322,427,324,433,326,439,326,445,325,390,282,399,280,407,281,415,285,406,286,398,285,450,290,460,288,468,290,474,294,467,295,458,293,402,349,413,340,424,337,431,340,438,339,446,345,452,356,445,366,436,370,428,369,421,368,410,362,406,349,423,344,431,346,437,346,448,355,437,358,430,357,422,356
clip_20250722_124811.avi,90,0,351,294,351,312,353,330,356,347,364,363,375,376,391,385,408,391,425,393,441,392,456,385,466,374,473,360,477,345,480,330,483,315,484,299,373,263,383,256,396,253,409,255,420,261,445,265,455,261,466,261,475,267,480,277,433,277,434,286,434,294,435,304,419,317,425,319,432,320,438,320,444,319,387,280,395,276,404,277,412,282,403,283,394,283,446,286,455,283,463,284,469,290,462,291,454,289,398,344,410,333,423,330,431,332,438,331,447,337,453,348,446,358,436,361,428,361,420,360,408,355,402,344,422,337,430,338,437,338,449,347,437,351,429,351,421,350
clip_20250722_124811.avi,120,0,351,292,351,311,352,330,356,348,363,364,375,377,389,388,405,396,422,399,438,398,451,390,461,378,469,363,474,348,478,333,482,317,483,301,373,264,384,258,396,256,408,258,420,265,445,269,454,265,465,266,474,270,480,279,432,282,433,292,433,302,434,312,418,322,424,325,431,327,437,326,442,325,387,283,395,279,403,280,411,285,402,286,394,286,446,290,454,287,462,288,468,294,462,295,453,293,400,349,411,341,422,338,429,341,435,340,442,345,448,355,441,365,432,368,426,368,418,367,408,361,404,349,421,345,428,346,434,347,444,355,433,356,427,356,420,354
clip_20250722_124811.avi,150,0,351,298,351,316,353,334,356,352,363,369,374,383,388,394,404,401,421,404,437,403,451,395,461,383,469,368,475,352,478,336,481,320,482,303,371,272,381,264,393,261,405,263,416,268,441,271,451,267,462,267,472,272,477,281,429,286,430,296,430,305,431,315,415,328,422,329,429,331,435,331,440,329,384,290,392,288,400,288,408,292,400,293,391,293,444,295,452,293,460,294,467,298,459,299,452,298,396,354,407,346,419,342,427,344,433,343,442,348,449,358,441,368,432,372,424,373,416,371,405,366,400,354,418,350,426,351,433,352,444,358,432,361,425,362,417,361
clip_20250722_124811.avi,180,0,344,300,344,318,346,335,350,353,357,368,369,380,385,389,402,395,419,397,435,394,447,386,456,374,462,361,467,347,469,333,471,318,471,303,364,272,374,265,386,262,398,264,409,269,434,272,444,269,454,269,463,273,467,281,423,287,424,296,425,306,426,316,410,328,417,329,424,331,429,330,435,329,378,289,386,286,394,286,401,291,393,292,385,292,436,294,444,291,451,292,457,296,451,298,443,297,392,351,405,346,416,344,422,346,428,345,436,348,443,354,435,360,427,363,421,363,414,362,403,359,396,352,415,352,422,353,428,353,439,354,427,353,421,353,415,352
clip_20250722_124825.avi,30,0,309,295,308,311,308,327,310,344,315,359,323,374,335,385,351,393,368,396,386,394,403,388,415,377,425,364,431,349,434,333,436,316,438,299,319,268,327,261,338,258,349,259,359,264,386,264,396,260,408,259,419,264,426,273,371,280,371,289,371,299,371,308,358,322,364,323,370,325,376,324,382,323,329,286,336,280,345,281,353,287,344,288,336,288,389,288,396,282,405,283,413,288,406,291,397,290,342,347,352,340,362,337,369,339,376,338,385,341,396,348,385,354,375,356,368,357,361,356,351,353,346,347,362,345,369,346,375,346,391,348,375,347,368,347,362,347
clip_20250722_124825.avi,60,0,302,286,302,303,303,319,307,337,312,353,321,369,333,381,349,390,367,394,385,391,402,384,416,374,427,359,434,342,437,323,439,304,440,284,309,256,316,247,327,242,339,243,351,246,379,245,391,240,405,239,417,243,425,253,364,263,364,272,364,282,363,292,351,307,357,308,364,310,372,308,379,306,321,273,328,268,337,268,347,272,337,275,328,275,384,271,392,266,402,266,411,271,403,273,393,273,336,338,344,327,356,322,364,324,372,322,385,327,397,337,386,350,373,356,364,357,355,356,344,351,340,338,356,330,364,331,372,330,393,337,373,345,364,346,356,345
clip_20250722_124825.avi,90,0,306,285,306,303,308,321,312,339,317,356,325,371,337,384,352,393,370,397,388,395,406,387,420,376,431,361,437,344,441,326,443,307,445,287,315,259,323,251,334,248,346,249,357,253,384,252,396,248,408,246,420,250,429,259,369,268,369,279,369,289,368,299,357,314,363,316,369,317,377,316,383,314,327,277,334,273,343,273,352,276,343,278,334,279,390,276,398,272,407,273,415,276,407,278,398,278,344,348,353,338,362,333,369,335,375,333,385,338,394,347,385,357,375,361,368,362,361,361,352,358,349,347,362,343,369,343,375,342,389,347,375,348,368,348,362,348
clip_20250722_124825.avi,120,0,303,291,303,307,305,324,309,340,314,356,321,371,333,384,348,394,366,397,384,394,402,388,416,377,426,362,433,345,437,327,439,308,439,289,310,264,317,256,327,252,338,252,348,255,377,254,389,249,403,247,415,252,424,261,362,271,361,281,361,291,360,301,350,315,355,317,362,318,369,316,376,314,322,280,328,275,337,275,346,279,337,281,328,282,383,277,391,272,400,272,408,277,400,279,391,279,336,345,343,334,354,330,361,331,369,330,381,334,393,343,382,355,370,360,361,361,353,361,343,356,339,345,354,337,362,338,369,337,388,343,369,349,361,350,353,349
clip_20250722_124825.avi,150,0,303,282,301,298,302,314,304,331,307,347,314,361,326,373,340,380,357,383,375,383,394,379,409,371,420,358,427,342,431,325,434,307,435,290,310,257,317,249,328,245,339,246,349,250,376,251,388,247,401,246,413,251,421,261,361,266,360,275,358,284,357,294,346,308,352,310,358,311,365,310,372,309,321,273,327,269,335,269,344,274,335,275,327,275,380,275,389,270,397,271,405,276,397,277,388,276,331,335,340,328,350,324,357,326,364,324,375,329,388,336,375,342,364,344,356,345,349,344,340,342,335,335,350,333,357,333,364,333,383,335,364,334,357,334,350,334
clip_20250722_124846.avi,30,0,292,307,291,326,292,345,295,365,300,384,308,401,320,417,335,429,353,434,372,433,391,425,407,412,418,395,427,377,431,357,435,336,436,315,300,282,309,274,321,271,333,273,344,279,374,281,387,275,400,274,413,279,422,288,357,296,356,308,355,320,354,332,341,344,347,346,354,348,361,347,369,346,313,301,320,296,330,297,339,303,329,304,319,304,378,305,386,300,396,300,405,305,396,308,386,307,324,374,333,365,344,361,353,363,361,362,374,367,386,377,373,392,360,398,351,398,342,397,331,390,328,374,344,369,352,370,360,370,381,377,360,386,352,386,343,384
clip_20250722_124846.avi,60,0,293,315,292,335,293,354,296,374,301,393,310,411,322,426,338,438,358,442,377,440,396,431,410,417,421,400,428,380,432,361,436,340,438,319,305,287,313,278,326,275,339,277,351,283,379,284,392,279,405,278,418,283,426,293,364,301,363,313,363,325,362,338,348,351,354,354,361,356,369,355,376,353,317,306,325,301,334,302,344,307,334,309,324,309,383,309,392,304,402,305,411,311,402,313,392,312,332,383,342,377,353,375,359,378,366,376,376,381,387,388,375,397,364,400,357,400,350,398,341,394,337,384,352,384,359,385,365,386,381,388,364,387,358,388,351,386
clip_20250722_124846.avi,90,0,293,318,292,337,293,356,295,376,301,394,309,411,321,426,336,438,353,443,372,443,390,435,405,422,416,406,425,387,431,367,436,347,438,326,304,289,313,280,326,278,338,280,349,286,378,289,390,284,404,283,417,288,425,298,362,304,361,316,360,328,359,341,345,352,351,355,358,358,366,357,373,355,316,308,324,303,333,304,342,310,332,311,322,311,382,313,391,308,401,309,409,314,401,317,390,316,325,381,335,372,347,369,355,372,364,371,376,377,388,387,375,401,362,406,353,407,344,405,333,397,330,382,346,377,355,379,363,379,382,387,363,393,354,393,345,392
clip_20250722_124846.avi,120,0,294,294,292,311,294,329,296,347,301,365,308,381,319,395,334,406,352,410,370,409,388,402,404,390,415,375,423,357,428,337,431,317,433,297,300,269,307,260,318,255,330,256,341,260,370,259,382,254,395,253,408,258,416,268,354,277,353,287,352,297,351,307,339,321,345,323,351,325,359,323,367,322,312,284,319,279,327,279,337,284,328,286,319,286,374,284,382,278,392,279,400,284,392,286,383,285,323,352,331,341,342,337,350,339,358,338,371,343,383,354,371,367,358,372,349,372,340,371,330,366,327,352,342,346,350,346,358,346,378,354,358,360,349,361,341,360
clip_20250722_124846.avi,150,0,296,299,294,318,295,338,298,358,304,377,312,395,323,412,338,426,355,432,374,430,393,422,409,409,422,392,432,373,437,352,442,330,444,308,304,273,312,265,323,262,334,263,346,268,378,269,391,264,405,263,418,268,427,278,361,287,359,299,358,310,356,322,344,335,350,338,357,340,365,338,373,337,316,292,323,287,333,288,342,294,332,295,323,295,382,295,391,290,402,291,410,296,402,298,391,297,327,367,335,356,347,353,355,355,364,354,378,359,390,371,378,387,363,393,354,393,344,392,333,384,331,368,346,360,355,361,364,361,385,372,364,381,355,381,345,380
clip_20250722_124846.avi,180,0,297,299,296,317,296,335,298,354,303,372,311,388,324,402,340,411,358,416,377,415,395,409,410,398,421,383,428,366,433,348,436,329,438,310,310,271,319,262,331,258,344,260,356,265,385,267,397,263,410,264,421,269,429,280,369,285,368,295,367,306,367,316,352,330,358,332,365,334,372,334,379,333,322,290,330,286,339,286,349,292,339,293,329,293,387,295,396,291,405,292,413,297,405,299,395,298,331,360,342,350,354,347,362,349,369,348,380,354,390,366,379,378,367,382,359,381,350,380,339,374,335,360,353,356,361,357,369,358,385,365,368,369,360,369,352,368
clip_20250722_124908.avi,30,0,325,302,325,322,328,341,332,360,339,378,351,393,366,406,383,414,401,418,417,416,431,406,442,392,450,377,456,360,459,343,462,326,463,308,347,276,358,268,371,265,385,267,397,273,421,277,432,273,443,273,453,277,459,287,409,292,410,302,411,312,412,323,395,335,401,337,409,339,415,338,420,337,362,295,370,293,379,294,387,297,378,298,370,298,424,301,432,299,440,300,447,304,440,305,432,304,374,363,386,354,399,351,406,354,414,353,423,358,429,368,421,381,412,387,403,387,395,386,383,379,378,364,398,358,406,359,413,360,425,368,412,375,404,376,396,374
clip_20250722_124908.avi,60,0,325,308,326,327,328,346,332,365,339,382,350,397,364,409,381,417,397,421,413,419,427,411,438,398,447,383,453,367,457,350,461,332,462,314,347,280,358,274,371,272,383,275,395,280,421,284,431,280,442,280,452,283,458,292,408,298,408,309,409,320,409,331,393,343,400,345,406,347,412,347,418,345,361,300,370,296,379,297,387,303,378,304,369,303,422,307,431,303,439,303,446,309,439,311,430,309,373,370,384,362,396,359,403,362,410,361,419,366,425,375,417,387,409,392,401,392,393,391,382,385,377,371,395,367,403,368,409,368,421,375,409,379,402,380,394,378
clip_20250722_124908.avi,90,0,324,311,325,329,327,348,333,366,341,382,353,397,369,408,387,416,405,419,421,416,434,405,445,391,452,375,457,358,459,341,461,323,461,305,344,283,353,275,365,272,377,274,389,278,416,279,426,274,437,273,448,276,454,285,403,295,405,306,406,317,407,328,392,341,399,342,406,344,412,342,418,340,358,301,366,297,374,297,383,301,374,303,366,303,419,302,428,298,436,298,443,302,436,304,428,303,377,369,387,361,398,357,405,359,412,357,420,360,428,369,421,380,413,386,405,387,397,386,387,382,381,369,398,364,405,364,412,364,423,369,412,374,405,375,397,374
clip_20250722_124908.avi,120,0,320,304,321,322,322,339,325,357,332,373,342,387,357,397,374,403,393,406,410,404,425,397,437,386,445,372,450,357,452,341,454,325,455,308,339,276,349,269,361,266,373,268,384,274,412,276,421,272,432,271,443,275,449,285,398,290,398,300,399,309,399,319,384,332,391,334,398,336,404,335,410,334,352,293,360,289,369,290,377,295,368,297,360,296,414,298,422,294,431,294,437,300,431,302,422,300,367,358,378,352,389,349,396,351,403,350,411,354,420,361,410,368,402,370,395,371,387,370,377,367,371,359,389,358,396,358,402,358,415,360,402,360,395,360,388,360
clip_20250722_124927.avi,30,0,321,298,320,318,321,338,325,358,332,376,344,392,359,404,376,413,395,417,412,415,426,406,436,393,444,378,451,363,456,347,459,330,460,313,346,273,358,266,372,264,385,268,397,276,423,280,433,277,444,277,454,282,459,292,409,294,409,305,410,316,410,327,392,338,399,341,406,344,412,343,418,341,360,292,370,289,379,290,387,296,377,297,368,296,423,302,432,299,441,301,447,306,440,307,431,306,370,363,384,358,397,356,403,359,410,358,418,362,425,370,416,377,408,380,400,380,393,378,381,374,374,364,395,365,403,366,409,366,421,369,408,369,402,370,394,368
clip_20250722_124927.avi,60,0,325,296,324,317,326,338,329,359,337,378,349,394,365,408,382,418,401,422,418,420,432,409,442,395,451,379,458,362,463,345,467,328,468,310,351,272,363,264,377,263,391,266,403,273,430,278,441,274,452,274,461,279,466,289,417,292,417,303,418,314,419,326,399,337,407,340,414,343,421,342,427,341,366,291,376,288,385,289,393,295,384,296,374,295,430,301,440,297,448,299,454,304,447,306,439,304,375,364,389,358,404,356,411,359,418,359,426,364,432,373,423,383,414,388,406,387,398,386,386,379,379,366,402,364,410,366,417,367,427,373,415,375,408,375,400,373
clip_20250722_124927.avi,90,0,327,297,326,319,327,341,331,362,339,381,350,397,365,411,382,422,399,426,415,425,429,416,440,402,449,386,457,369,464,351,468,333,470,314,355,272,368,266,382,265,395,268,407,276,434,281,444,278,455,278,465,282,470,291,420,296,420,307,421,318,421,330,401,341,409,344,416,347,423,347,429,345,369,292,378,289,388,290,395,297,386,298,377,297,434,304,443,300,452,302,457,308,450,310,442,308,379,370,392,364,405,361,412,364,419,364,426,370,431,380,423,391,414,396,407,396,399,393,387,386,384,371,403,370,411,372,417,373,426,379,416,381,409,382,401,380
clip_20250722_124927.avi,120,0,325,295,324,316,325,338,328,359,335,378,347,395,362,409,378,419,395,424,412,423,426,414,438,401,447,386,455,369,461,352,466,335,468,316,353,273,365,266,380,265,393,270,405,277,433,282,443,279,454,279,463,284,468,294,418,297,418,308,418,320,418,332,398,342,405,345,413,348,419,348,425,347,367,293,377,290,387,291,394,298,385,299,375,298,431,306,440,301,450,303,456,309,449,311,439,309,375,370,387,362,401,359,408,362,416,362,424,368,428,380,420,392,411,397,402,397,394,395,383,387,379,370,399,366,407,368,414,369,423,379,413,384,405,384,397,382
clip_20250722_124927.avi,150,0,322,295,322,317,323,339,326,359,334,379,345,396,361,410,378,420,397,425,414,423,428,413,439,399,448,382,456,366,462,349,466,331,468,313,350,271,363,264,377,263,390,266,402,274,430,279,440,275,452,275,462,280,466,290,416,293,416,305,416,317,416,329,396,338,404,342,412,345,418,344,424,343,364,291,374,288,383,289,391,296,382,296,372,295,429,302,439,298,448,300,454,306,447,307,438,305,372,366,385,358,399,356,407,359,415,359,424,364,429,375,421,389,411,395,402,395,393,393,381,385,376,367,398,363,406,365,414,366,424,375,412,382,404,383,396,381
clip_20250722_124927.avi,180,0,327,292,326,313,327,334,330,354,337,372,348,389,362,402,379,411,397,415,415,414,430,406,443,394,453,379,460,362,465,345,469,327,471,309,348,268,361,261,374,259,387,263,399,270,426,275,438,271,450,271,461,277,468,287,412,289,411,300,411,311,411,323,394,334,400,337,407,340,414,339,420,338,362,288,372,284,381,285,390,292,380,293,370,292,428,298,438,294,447,295,454,302,446,303,437,301,372,361,384,354,397,351,405,354,412,353,421,359,429,368,419,378,410,382,401,382,393,380,381,374,376,361,396,359,404,360,411,361,424,368,410,370,403,370,395,368
clip_20250722_124927.avi,210,0,323,262,319,275,318,290,321,305,326,320,331,335,338,349,347,358,362,359,381,355,402,349,421,339,438,325,449,308,451,287,449,265,447,245,322,238,320,231,324,225,330,223,336,224,354,218,364,210,377,205,391,207,403,215,343,236,340,245,335,253,331,262,330,277,335,279,341,279,349,275,358,271,326,252,328,245,333,243,340,244,334,246,329,249,367,236,372,230,380,229,389,231,381,233,374,234,332,305,332,295,338,290,345,290,351,286,367,288,384,292,371,302,357,308,350,310,343,312,336,310,335,304,339,298,346,296,353,294,380,293,355,300,348,302,341,303
clip_20250722_125014.avi,30,0,304,278,304,300,306,322,309,344,316,365,326,384,341,400,358,414,378,420,398,418,417,406,432,391,445,373,454,354,460,333,464,311,467,288,315,253,326,243,341,240,356,243,369,250,403,252,417,246,433,245,447,251,455,262,385,271,384,285,384,300,383,315,366,326,374,329,382,332,390,330,399,328,332,273,341,268,352,270,362,277,351,278,340,277,407,279,417,273,428,274,437,280,428,283,417,282,343,353,356,348,370,346,380,348,390,347,404,351,417,358,403,377,389,385,378,386,367,384,354,374,348,355,369,354,380,355,390,355,411,359,389,370,379,371,368,369
clip_20250722_125014.avi,60,0,311,284,311,304,312,325,316,345,322,364,332,382,345,397,362,408,381,413,398,411,416,401,430,388,441,372,449,353,454,334,458,314,460,293,324,259,335,252,347,250,360,253,372,259,402,261,415,256,428,255,441,260,449,270,386,277,385,291,385,304,384,318,368,327,375,330,383,333,391,332,399,330,337,279,345,275,355,276,365,283,354,284,344,283,406,286,415,280,425,281,434,286,426,289,415,288,348,354,359,346,372,343,382,346,391,345,403,349,414,357,403,373,391,380,380,381,370,379,357,371,353,355,372,351,381,352,391,352,409,358,390,367,380,368,371,366
clip_20250722_125014.avi,90,0,319,286,318,306,320,325,322,346,328,365,338,382,352,397,369,410,387,415,407,413,425,403,439,389,451,372,459,354,464,334,467,313,469,292,330,260,340,251,352,248,365,250,377,255,409,256,421,251,435,250,447,255,455,265,392,273,392,286,391,298,390,311,376,322,382,324,390,327,398,325,406,324,345,278,353,274,362,274,372,280,361,282,352,281,413,282,422,277,431,277,440,282,432,285,422,284,355,351,366,342,379,339,389,342,398,340,411,345,422,355,410,372,397,379,387,380,376,378,364,370,359,352,378,347,388,348,398,349,418,356,397,366,387,366,377,365
clip_20250722_125014.avi,120,0,314,289,314,310,317,330,321,351,327,369,337,386,351,400,368,410,387,414,405,412,422,402,436,389,447,372,454,354,459,334,463,314,465,292,326,263,335,255,348,252,361,254,374,260,405,261,417,255,431,254,444,258,454,268,389,278,389,291,389,304,389,317,374,331,381,333,389,335,396,334,403,332,339,282,348,277,358,277,368,284,358,286,347,286,409,286,418,279,429,280,438,285,429,288,419,288,358,361,369,356,380,352,387,355,394,353,404,357,415,364,404,374,394,378,386,379,378,377,368,373,362,362,379,362,387,363,394,362,409,364,393,364,386,365,379,364
clip_20250722_125014.avi,150,0,338,297,336,315,334,334,335,352,340,369,350,383,363,393,379,402,395,407,411,409,426,402,438,392,447,381,454,368,459,355,463,341,465,327,366,274,378,270,390,270,402,274,413,282,437,290,446,289,456,291,463,296,466,305,423,302,423,311,422,321,422,331,403,339,409,342,415,346,421,346,427,346,377,295,387,295,395,297,401,302,392,301,384,299,434,312,443,312,450,315,455,320,448,320,441,317,380,356,393,354,405,354,412,358,418,358,424,363,429,370,420,376,412,377,406,376,399,373,389,367,383,358,403,362,410,364,416,366,426,370,414,367,408,366,402,363
clip_20250722_125035.avi,30,0,302,300,299,319,299,339,300,359,304,377,311,395,322,411,337,423,355,429,376,429,397,423,414,411,428,396,437,377,443,358,448,338,451,317,310,275,319,266,331,264,343,266,354,273,383,276,397,272,412,272,425,278,434,289,366,293,364,304,362,315,360,327,346,340,352,343,359,346,367,345,375,343,320,297,329,296,338,297,347,299,337,301,327,301,387,304,398,303,408,305,416,308,407,310,397,308,329,369,339,362,350,359,358,361,366,360,378,366,391,374,377,385,364,388,355,388,347,386,337,381,334,370,349,368,357,369,365,369,386,374,365,376,357,376,349,375
clip_20250722_125035.avi,60,0,307,304,305,323,306,343,308,364,313,383,321,402,333,419,349,432,368,438,390,437,410,428,426,414,439,397,447,378,452,357,456,336,457,314,315,279,324,270,336,267,349,269,361,275,393,277,406,272,420,271,433,277,442,287,375,294,374,305,372,317,371,329,357,342,364,345,371,347,379,346,387,344,328,298,336,293,346,294,356,300,345,302,335,301,396,303,405,297,416,298,425,304,416,306,405,305,338,372,348,363,361,360,370,362,379,361,392,366,405,377,391,393,377,400,368,400,357,399,346,390,342,373,360,369,370,370,378,370,400,377,378,385,369,386,359,384
clip_20250722_125035.avi,90,0,316,309,315,330,317,350,320,372,326,393,336,413,350,429,369,442,391,447,415,444,436,433,454,418,468,400,476,379,479,357,482,334,483,312,326,278,334,267,347,261,361,262,375,267,409,267,423,261,439,260,454,267,464,279,391,287,390,298,389,308,388,319,373,337,381,339,389,341,399,339,408,337,340,299,349,296,358,295,370,298,358,300,349,301,416,298,426,295,437,296,447,300,436,301,426,300,351,373,363,361,378,356,389,357,399,356,416,361,432,373,417,392,400,400,388,401,377,400,362,393,356,374,378,365,389,366,399,365,427,373,400,387,389,388,377,387
clip_20250722_125035.avi,120,0,320,310,319,329,320,349,322,370,327,389,335,407,349,423,366,434,385,440,406,438,426,430,442,417,454,400,463,381,468,361,471,340,473,319,330,281,339,271,351,267,364,268,377,273,409,275,422,270,437,270,451,276,460,287,391,291,390,302,389,312,387,323,373,339,380,341,387,343,395,342,404,341,343,299,351,294,361,294,371,299,360,301,351,301,413,302,423,297,433,298,442,304,432,305,422,304,353,373,363,361,376,356,386,358,395,357,409,364,422,377,409,393,394,399,384,399,374,397,362,390,358,374,376,365,386,366,394,366,416,377,394,386,385,386,375,384
clip_20250722_125035.avi,150,0,334,318,333,335,333,352,334,369,338,386,345,402,356,416,370,425,386,430,403,430,420,424,433,412,442,397,449,380,453,364,457,346,459,328,346,298,354,292,364,290,375,292,385,297,409,300,420,296,431,296,442,301,448,310,395,312,394,322,393,331,392,341,380,353,385,355,391,357,397,357,403,356,356,315,363,312,370,312,378,317,370,318,362,318,412,321,419,317,427,318,435,323,427,325,419,324,363,380,372,375,382,373,388,375,394,374,403,379,413,387,402,396,393,399,386,398,379,397,370,392,367,381,381,381,388,382,394,382,408,387,393,388,387,388,380,386
clip_20250722_125035.avi,180,0,321,300,318,319,318,338,319,358,322,378,329,395,342,410,357,421,377,426,398,425,419,420,437,409,451,394,460,377,466,358,469,339,472,319,330,273,339,265,352,261,364,264,376,270,407,273,420,269,435,269,449,275,458,287,388,289,386,301,384,312,382,324,367,336,373,339,381,342,390,341,399,339,341,293,349,289,359,290,368,296,358,296,348,296,410,300,420,295,430,297,439,303,429,304,419,303,348,365,360,358,373,355,381,357,389,356,402,361,416,370,401,380,387,384,378,384,369,382,358,376,353,366,372,364,380,365,388,366,410,370,388,372,379,372,371,371
clip_20250722_125124.avi,30,0,291,290,291,311,293,331,296,351,303,370,312,388,325,403,343,414,363,419,382,417,400,407,415,393,425,377,433,359,438,340,441,320,444,299,305,261,315,253,328,249,342,252,354,258,387,259,399,255,413,254,426,259,434,270,369,276,369,288,369,300,369,312,353,326,360,328,367,331,374,329,381,328,319,283,328,280,338,280,348,284,337,286,328,286,389,286,399,283,409,285,417,289,409,290,399,289,333,360,345,350,357,346,365,349,373,348,383,353,393,363,382,376,372,381,363,381,354,380,343,374,338,360,357,356,365,357,373,357,387,362,372,366,364,366,355,365
clip_20250722_125124.avi,60,0,289,275,289,295,290,315,293,336,301,355,312,373,326,387,344,398,364,403,383,400,400,390,414,375,425,358,433,340,438,321,441,301,443,281,305,246,316,238,330,235,343,238,355,244,387,246,399,241,413,240,426,245,434,254,371,265,371,278,371,290,370,304,355,316,362,319,369,321,376,319,383,318,319,268,328,263,339,263,349,270,338,272,327,272,390,273,400,267,411,268,419,273,411,276,400,276,331,344,345,337,359,335,368,337,377,336,389,339,400,346,388,363,376,370,366,371,356,369,343,362,336,345,358,343,367,344,376,343,395,347,376,356,366,357,357,356
clip_20250722_125124.avi,90,0,288,277,288,297,290,318,295,339,305,357,318,373,334,386,352,395,370,398,387,394,402,384,413,369,423,352,430,335,433,316,436,297,436,278,310,249,321,241,334,238,348,239,361,245,388,247,399,242,411,241,423,245,430,255,375,263,376,275,377,286,378,298,361,311,368,313,376,315,383,314,389,312,324,267,333,262,343,263,352,269,342,270,332,270,391,271,400,265,409,265,417,271,410,273,400,273,338,340,351,331,366,327,374,330,382,328,393,333,401,343,392,358,381,364,372,365,362,364,349,357,343,340,365,335,374,336,382,336,396,343,381,352,373,353,364,352
clip_20250722_125124.avi,120,0,297,273,296,293,296,314,299,334,305,353,315,371,328,386,345,398,363,403,381,401,398,393,414,380,426,364,434,346,439,327,442,307,444,287,313,248,323,240,336,237,349,240,361,246,391,249,403,244,416,244,428,250,435,260,374,265,374,276,373,287,372,299,357,313,363,315,370,318,378,316,385,315,326,267,334,262,344,263,353,270,343,271,333,271,393,274,402,268,412,270,420,276,412,278,402,277,336,345,348,337,361,333,368,335,376,334,386,340,395,349,384,361,374,366,365,367,357,365,346,359,341,346,360,343,368,343,375,344,390,349,374,352,366,353,359,351
clip_20250722_125124.avi,150,0,294,283,292,301,292,320,294,340,299,358,308,374,321,387,337,396,356,401,376,400,394,393,408,382,419,368,427,352,431,334,435,317,438,299,308,260,318,252,332,250,345,253,357,260,385,264,397,260,410,260,422,266,429,277,369,278,368,289,367,301,366,313,350,324,357,326,364,329,371,328,379,327,321,279,329,275,338,276,347,283,337,284,328,283,387,288,396,283,406,285,414,290,405,292,396,291,329,349,342,344,354,342,362,344,369,343,380,347,391,354,379,362,368,365,360,365,351,363,340,359,334,350,354,350,362,351,369,352,386,354,368,354,361,354,353,353
clip_20250722_125144.avi,30,0,290,290,290,309,291,328,295,348,302,366,313,381,328,393,347,400,368,403,388,402,406,395,421,384,431,368,437,349,440,330,442,311,443,291,304,258,314,248,327,242,342,242,356,247,384,247,396,242,410,242,423,248,431,259,369,264,370,272,370,281,370,290,355,308,362,310,370,311,377,310,384,308,319,274,327,269,337,268,347,272,337,274,328,275,389,273,399,269,409,270,417,275,408,275,399,274,336,344,347,330,360,324,368,326,376,325,388,331,399,344,388,356,376,361,368,361,358,361,346,356,341,343,360,334,368,334,376,334,393,343,376,348,368,349,359,348
clip_20250722_125144.avi,60,0,294,294,294,316,296,338,300,360,308,380,320,398,335,413,353,424,372,428,390,425,407,414,420,399,431,381,439,362,444,342,448,321,450,300,313,269,324,261,338,259,352,262,366,269,396,271,409,266,422,264,435,269,443,279,380,287,381,301,381,315,381,330,364,342,371,344,379,347,387,346,394,343,327,289,335,284,346,285,356,292,345,294,334,293,399,295,408,289,419,290,428,295,420,298,409,298,342,373,355,366,368,363,377,366,384,364,394,369,404,376,393,389,383,395,374,395,365,394,353,388,347,374,368,372,376,373,384,373,398,376,383,380,375,381,366,380
clip_20250722_125144.avi,90,0,294,281,293,305,294,328,298,351,306,372,316,392,332,408,350,421,371,426,392,425,411,414,426,397,438,378,447,357,452,336,457,313,459,290,311,254,323,246,338,243,353,247,368,254,401,257,414,252,430,251,443,256,452,268,384,275,383,290,383,304,383,319,364,332,372,335,381,338,389,337,397,335,327,276,337,271,348,272,358,280,347,281,335,281,404,284,414,278,426,279,435,285,426,288,414,287,342,364,355,358,369,355,377,358,385,357,396,362,406,371,394,385,382,390,374,390,365,388,352,381,347,365,368,364,377,365,384,366,400,371,383,374,375,375,366,373
clip_20250722_125144.avi,120,0,296,288,295,308,296,328,299,348,305,367,313,386,325,402,342,413,361,418,381,417,399,408,412,394,422,376,430,356,434,336,438,316,440,296,310,263,319,255,332,252,344,255,356,260,385,262,397,258,410,257,422,262,430,272,370,278,369,289,368,300,368,312,352,325,359,328,367,330,374,329,381,328,322,281,330,276,340,277,349,284,339,285,329,285,388,286,397,281,407,282,415,287,407,290,397,289,333,357,343,348,356,344,364,347,372,346,384,351,394,362,383,377,371,383,362,383,353,381,341,374,337,358,355,353,364,354,372,354,389,363,371,371,363,371,354,370
clip_20250722_125144.avi,150,0,299,284,297,305,298,325,300,345,306,365,315,383,328,398,345,408,364,413,383,412,401,405,416,392,426,375,434,357,439,337,444,317,446,296,312,260,322,252,335,249,349,252,361,258,390,260,402,256,416,256,428,261,436,272,374,276,373,288,373,299,372,311,357,324,363,326,370,329,378,328,385,327,325,281,334,279,342,280,352,283,342,284,333,284,393,286,403,285,412,287,420,290,412,291,402,290,338,356,348,345,360,341,368,343,375,343,385,349,393,362,384,374,373,378,365,378,356,376,346,370,343,356,359,349,367,350,374,351,388,361,374,364,366,364,358,363
clip_20250722_125206.avi,30,0,313,294,311,311,311,329,313,346,317,363,325,379,337,393,351,404,368,409,385,408,401,401,414,389,424,375,431,359,435,342,439,326,441,308,327,274,336,266,348,263,360,265,370,271,395,273,406,270,418,270,428,276,433,286,381,287,381,296,380,305,379,315,364,326,370,329,377,331,383,330,390,329,339,289,346,285,354,286,362,291,353,292,345,291,397,295,405,291,413,293,420,298,413,299,404,298,344,352,354,344,366,341,374,344,382,343,393,348,401,359,391,371,380,376,371,376,362,374,352,367,348,353,366,348,374,350,382,350,397,358,381,365,372,365,364,363
clip_20250722_125206.avi,60,0,325,284,324,302,325,320,327,338,332,355,340,371,352,384,368,392,386,395,404,395,421,388,434,376,443,361,450,345,453,328,457,310,458,293,339,258,348,250,360,247,372,249,384,254,410,257,420,254,433,254,443,259,450,270,396,270,396,279,395,288,395,298,380,311,386,313,393,315,399,314,406,313,351,275,358,271,367,271,375,276,366,277,358,277,413,279,421,276,429,278,436,283,429,283,420,282,361,340,372,331,383,328,390,330,396,329,405,335,413,345,404,353,395,355,388,355,380,353,370,349,366,340,382,336,390,336,396,337,409,344,395,344,389,344,382,343
clip_20250722_125206.avi,90,0,336,269,335,288,336,308,339,328,345,347,354,365,367,380,385,390,404,394,424,392,442,383,455,368,464,351,472,332,476,313,479,293,481,272,348,241,357,233,369,230,381,232,393,237,424,239,436,234,449,233,461,237,469,247,408,255,408,266,408,277,407,288,392,301,399,303,406,306,414,304,422,303,360,260,368,255,378,256,387,262,377,263,368,263,428,263,437,258,447,258,455,264,447,266,437,266,372,332,383,321,396,317,405,319,414,318,427,324,438,335,426,351,413,357,403,358,393,356,380,349,376,332,395,325,405,326,414,326,433,335,413,345,403,345,394,344
clip_20250722_125206.avi,120,0,308,273,307,293,307,313,309,333,315,353,323,371,336,386,352,397,371,402,390,402,406,393,420,379,430,362,438,343,444,324,448,305,451,285,323,250,333,242,347,240,360,242,372,249,399,252,411,248,424,248,436,254,443,264,384,267,383,279,383,290,382,302,366,315,373,317,380,320,387,319,394,318,336,269,344,265,353,266,363,272,352,273,343,273,402,276,411,272,420,274,428,279,420,281,410,280,346,345,357,337,370,334,377,337,384,336,394,342,403,352,392,363,382,367,374,367,366,366,355,359,350,345,369,342,377,344,384,344,398,351,383,355,375,355,367,354
clip_20250722_125206.avi,150,0,303,293,304,310,306,327,309,344,316,359,327,372,342,382,360,387,379,389,396,387,411,379,421,367,429,353,433,337,434,321,436,304,435,288,317,267,325,258,337,254,350,255,361,259,386,259,396,254,408,253,419,257,427,266,375,274,375,283,376,292,377,301,364,316,371,317,377,318,383,317,389,315,330,282,338,278,346,278,355,282,347,284,338,284,391,282,399,277,407,277,415,282,408,284,399,283,349,342,360,336,371,332,377,334,384,332,393,335,403,341,393,349,384,352,377,352,370,352,360,349,353,342,371,341,378,341,384,340,399,341,384,341,377,342,370,342
clip_20250722_125242.avi,30,0,323,292,322,313,323,335,327,357,334,377,346,395,361,409,379,419,398,424,417,421,432,411,445,396,455,379,462,362,467,343,471,325,472,306,346,266,357,258,371,255,386,258,398,265,428,269,440,265,452,266,462,272,468,283,413,285,413,296,414,308,415,319,395,332,402,335,410,338,417,337,424,335,361,286,371,282,380,283,389,289,379,290,369,289,429,295,439,291,448,292,455,299,447,299,438,298,369,359,383,352,398,350,407,353,416,352,426,357,434,367,424,381,413,387,403,387,393,385,380,378,373,361,397,358,406,360,415,360,429,367,414,375,405,375,395,374
clip_20250722_125242.avi,60,0,310,278,310,302,312,326,317,350,326,372,340,392,358,407,380,417,403,421,425,418,442,405,455,388,466,369,474,349,478,328,481,308,481,287,336,246,350,236,366,232,383,235,398,242,432,247,445,242,458,242,470,248,477,259,416,265,417,278,418,291,420,305,396,319,406,322,415,325,424,324,431,322,355,267,367,263,378,264,388,270,377,271,366,271,434,275,445,271,455,273,463,279,455,280,445,278,367,350,384,342,401,339,412,342,422,341,435,346,444,356,433,371,420,378,408,379,397,377,380,369,372,351,400,348,411,350,422,350,438,356,420,364,409,365,398,363
clip_20250722_125242.avi,90,0,303,276,303,302,306,327,312,352,323,375,338,394,357,410,379,420,402,423,422,420,437,407,449,389,459,369,467,348,473,327,475,304,475,281,330,247,343,237,360,232,377,234,393,241,425,244,438,239,452,239,464,244,471,256,411,264,412,277,414,290,416,303,394,322,403,325,412,326,420,325,426,323,348,268,360,262,371,262,382,269,371,271,359,271,428,273,439,267,450,269,458,275,449,277,438,276,370,361,386,353,402,349,410,352,416,350,426,355,433,364,424,373,415,378,407,378,399,378,385,374,376,361,401,360,409,361,416,361,427,363,415,362,408,363,400,362
clip_20250722_125242.avi,120,0,294,277,294,303,297,328,301,352,310,375,324,394,342,409,362,419,384,423,404,420,419,408,430,391,439,372,447,353,454,333,458,312,458,291,325,247,339,238,354,236,371,239,385,246,416,252,428,248,440,249,451,254,457,265,401,269,401,281,402,293,404,306,382,321,390,324,399,326,405,326,411,325,341,269,352,265,363,265,372,272,362,274,351,273,416,279,427,274,437,276,443,283,436,284,426,282,360,357,375,348,389,343,396,346,402,345,410,353,415,365,407,375,399,379,391,379,384,378,371,371,366,357,388,353,395,355,401,356,410,363,400,364,393,365,386,363
clip_20250722_125242.avi,150,0,302,285,303,310,305,334,310,358,319,380,333,399,350,414,370,425,391,429,411,427,428,415,441,398,452,379,460,360,466,340,470,319,471,297,329,256,343,248,359,245,375,248,389,256,422,261,434,256,449,256,461,261,468,272,407,279,407,293,408,306,409,321,387,334,396,337,405,340,413,339,421,337,347,280,358,278,369,278,379,284,368,285,357,284,424,289,436,286,446,288,454,293,445,294,435,293,359,364,375,357,392,353,402,356,411,355,422,360,429,370,419,385,409,391,398,392,388,390,372,383,364,365,391,363,401,364,410,365,424,370,409,376,400,377,389,375
clip_20250722_125242.avi,180,0,311,290,311,315,313,340,317,364,325,386,339,407,357,424,376,436,396,441,414,438,431,424,445,407,457,388,466,368,472,347,476,326,477,304,335,266,348,257,365,254,381,258,396,266,429,270,441,265,455,264,467,269,474,280,412,289,413,304,414,319,415,334,392,345,401,349,410,352,418,351,425,348,353,288,364,284,375,285,385,292,374,294,362,293,431,298,442,292,453,293,460,299,452,302,441,301,362,373,378,366,395,364,405,367,416,366,427,371,436,379,425,398,412,406,401,407,389,405,374,396,366,374,394,372,405,374,415,374,430,380,413,392,402,393,391,391
clip_20250722_125242.avi,210,0,315,279,315,304,317,330,321,354,330,377,343,398,360,415,380,427,402,432,422,429,438,415,451,396,462,376,471,356,477,335,481,313,482,291,340,252,354,243,370,240,387,243,401,251,435,254,448,250,461,249,473,254,480,265,418,273,419,287,420,301,421,316,398,330,407,334,416,337,424,335,431,333,358,274,370,270,381,271,391,278,380,279,368,278,435,282,447,277,457,279,465,285,457,287,446,286,371,365,387,358,403,356,411,359,420,358,431,363,439,371,428,386,417,393,408,393,398,392,384,384,376,366,402,366,411,368,419,368,433,371,418,378,409,378,400,377
clip_20250722_125242.avi,240,0,318,274,317,297,318,320,321,343,328,365,339,385,355,401,373,413,392,419,411,417,428,406,443,390,454,371,463,352,469,332,474,312,476,291,342,248,355,241,370,240,385,244,397,251,428,256,441,253,454,253,466,258,472,268,412,274,412,287,412,300,412,314,392,326,400,329,408,332,415,331,422,330,356,273,367,273,378,274,387,278,376,279,366,278,430,284,441,283,451,285,458,289,450,291,440,289,368,357,382,348,396,344,404,346,411,346,420,353,426,365,417,380,407,386,398,387,389,385,377,377,373,358,394,352,402,353,410,354,420,364,408,372,400,372,392,371
clip_20250722_125242.avi,270,0,295,293,296,312,299,332,305,352,315,370,329,385,349,396,373,401,397,400,418,395,436,385,448,370,457,353,460,333,461,313,460,294,458,275,310,255,318,244,331,236,347,233,362,236,394,235,407,230,421,228,434,233,443,244,380,252,381,262,382,271,384,281,368,301,376,302,386,303,394,300,401,297,325,268,333,260,343,259,355,264,345,266,334,267,401,260,410,253,420,253,430,259,421,260,411,260,347,335,361,322,376,315,387,316,396,313,411,317,425,327,414,340,400,345,390,347,379,348,363,345,352,335,377,324,387,323,397,322,419,328,398,336,389,338,378,338
clip_20250722_125423.avi,30,0,310,289,311,313,313,337,319,359,330,380,346,398,366,411,388,420,409,423,427,420,442,407,453,390,462,371,469,351,474,331,476,311,476,290,339,258,351,248,368,245,383,247,398,253,430,255,442,250,455,249,466,253,472,264,415,274,417,288,419,301,422,315,399,330,408,332,417,334,424,332,431,330,357,278,367,273,378,273,388,280,378,282,367,282,432,283,443,277,453,277,460,284,453,286,443,285,373,361,389,353,405,349,414,352,424,350,434,354,443,362,433,377,422,384,412,385,402,384,387,378,378,362,405,358,414,359,423,358,437,363,422,370,413,371,403,370
clip_20250722_125423.avi,60,0,334,261,333,283,332,305,335,327,343,347,356,363,374,376,394,384,414,389,433,388,448,380,459,367,468,352,476,335,482,318,486,300,488,282,365,231,377,223,392,221,406,224,419,231,448,236,459,233,471,234,481,241,486,251,433,253,433,263,434,274,434,285,413,299,421,301,428,304,435,304,441,303,378,252,388,248,398,249,407,257,397,257,387,256,447,264,457,260,467,261,473,268,465,269,456,267,386,328,400,319,416,316,424,318,433,318,443,325,449,336,440,348,429,353,420,353,410,351,397,344,390,329,414,325,423,326,431,327,445,336,430,341,421,340,413,339
clip_20250722_125423.avi,90,0,334,262,334,285,335,308,338,330,347,349,361,366,380,378,402,387,423,390,442,389,456,379,466,364,474,347,481,330,487,312,490,292,490,273,365,232,378,224,393,222,408,225,422,232,447,236,459,232,471,232,482,237,488,247,436,251,437,262,438,273,439,285,420,300,427,303,435,305,441,304,446,303,381,253,391,249,401,250,410,256,400,257,390,256,450,261,460,257,469,259,475,265,468,266,459,264,399,335,415,328,428,324,433,327,439,326,446,331,451,340,443,347,436,351,430,351,423,350,412,346,405,336,426,335,432,336,438,336,446,339,437,337,431,338,425,337
clip_20250722_125423.avi,120,0,326,240,329,265,333,289,342,311,357,328,379,338,404,344,429,347,452,348,470,345,481,334,488,319,493,302,496,285,499,267,499,249,494,232,364,191,376,180,391,174,409,173,424,180,458,182,469,180,480,183,487,191,490,200,447,204,451,210,455,216,459,223,434,245,444,247,454,248,460,248,466,247,385,211,395,206,406,205,417,211,406,212,396,212,458,215,467,212,476,214,483,220,476,220,467,218,410,283,427,267,445,260,454,262,462,261,473,270,477,288,471,299,461,304,452,304,442,303,426,297,415,283,444,270,453,271,461,272,472,286,461,292,452,292,443,292
clip_20250722_125423.avi,150,0,388,251,391,274,396,296,404,317,418,335,436,350,459,359,484,364,507,365,526,359,539,347,547,330,553,311,558,291,560,271,560,251,557,231,415,209,427,198,442,192,459,191,474,196,504,194,516,188,530,186,542,190,549,200,493,214,497,225,501,236,505,248,483,266,493,268,503,268,511,266,517,263,435,228,445,223,456,221,467,225,457,227,447,229,511,222,521,217,530,218,538,222,531,224,522,224,461,303,477,288,492,282,503,283,513,281,524,286,533,298,525,314,514,321,503,323,492,323,476,318,466,302,493,291,503,291,513,291,528,299,513,308,503,309,492,310
clip_20250722_125423.avi,180,0,358,221,354,243,352,265,353,287,360,307,374,324,392,336,411,344,430,349,448,349,464,343,477,332,487,319,495,304,502,288,508,271,512,254,391,194,406,189,421,190,435,194,447,202,476,210,487,208,499,211,508,217,512,227,459,225,458,237,457,249,456,262,434,273,441,276,449,280,455,280,462,280,402,219,413,217,424,219,431,227,421,227,411,225,473,238,483,235,493,237,499,245,491,246,482,243,409,296,425,294,438,293,444,297,450,297,458,303,464,311,454,316,445,316,439,315,432,313,420,307,414,298,436,301,443,303,449,305,459,310,447,306,441,305,434,303
clip_20250722_125423.avi,210,0,339,257,339,275,340,294,343,312,350,329,361,344,377,355,394,363,414,366,434,365,452,357,466,345,476,330,482,313,485,295,486,278,487,259,350,228,358,219,371,215,384,215,396,220,424,220,437,215,452,214,465,218,473,228,410,237,410,247,410,257,410,268,396,284,403,285,410,287,418,285,425,284,363,247,372,242,381,242,390,246,381,249,372,249,430,246,440,242,450,242,458,247,450,249,440,249,379,313,391,306,402,302,410,304,418,302,430,306,443,313,430,320,418,323,410,324,402,323,391,320,384,314,402,312,410,313,418,312,438,313,418,312,410,313,402,312
clip_20250722_125440.avi,30,0,316,265,315,287,316,310,320,333,330,352,345,368,363,381,383,390,403,395,420,392,434,381,446,367,455,351,462,334,466,316,469,298,470,280,348,234,361,227,376,224,391,228,403,235,431,240,442,236,454,237,464,242,469,253,417,257,418,267,419,277,421,288,398,302,407,305,415,307,422,307,428,306,363,258,374,257,383,259,392,262,382,263,372,262,430,268,440,268,449,270,456,273,448,274,439,273,370,331,386,322,403,318,412,321,421,321,431,327,437,340,428,356,417,362,407,362,397,360,382,352,375,333,401,328,411,329,419,330,432,340,418,348,408,348,399,347
clip_20250722_125440.avi,60,0,316,282,316,302,318,323,323,344,332,362,347,377,365,389,385,397,405,401,423,398,438,388,449,373,458,357,464,339,468,321,470,304,470,285,341,249,352,240,367,236,382,239,396,245,424,247,435,242,448,242,459,247,465,257,411,264,412,275,414,285,416,296,395,312,404,314,412,316,420,315,426,313,357,269,367,266,377,266,387,270,377,272,366,272,426,273,437,270,446,271,453,276,445,277,436,276,372,341,386,332,401,328,410,330,419,329,429,334,436,344,428,357,417,363,408,364,399,363,385,357,377,342,401,337,410,338,418,338,431,344,418,349,409,350,400,349
clip_20250722_125440.avi,90,0,321,271,321,293,321,316,325,338,334,357,348,374,366,386,385,396,405,400,423,398,438,389,449,375,459,359,466,341,471,324,474,305,475,287,351,243,364,235,379,232,394,236,408,243,435,248,447,244,459,245,469,251,474,262,422,264,422,274,423,285,424,296,402,309,410,312,419,315,427,315,434,313,366,264,377,261,387,261,396,267,386,268,376,267,435,274,446,271,455,273,462,279,454,279,445,277,375,337,390,329,406,327,415,330,423,329,434,336,440,347,431,360,420,365,410,365,400,363,386,355,380,339,405,335,414,337,422,338,435,347,421,352,412,352,403,350
clip_20250722_125440.avi,120,0,324,274,324,296,325,318,329,340,337,359,351,376,369,388,389,396,410,400,428,398,441,388,452,374,461,357,467,340,472,323,475,305,476,286,354,246,367,238,382,236,397,240,410,247,437,251,448,247,459,248,470,252,475,263,424,268,425,279,427,290,428,302,406,314,414,318,423,321,430,320,436,318,369,268,379,266,389,267,398,271,388,272,378,271,437,277,447,275,456,276,463,281,455,282,446,281,379,341,395,334,410,332,419,335,428,334,437,339,443,349,434,361,424,366,415,366,405,365,391,358,384,342,409,340,418,342,426,343,438,349,425,353,416,353,407,352
clip_20250722_125440.avi,150,0,321,272,321,296,323,320,328,342,338,362,353,379,371,391,390,400,408,404,424,401,437,390,448,376,458,359,465,341,471,323,475,304,475,284,351,248,363,239,379,237,394,240,408,248,435,252,446,248,458,248,469,252,474,262,421,269,423,281,424,293,426,305,404,318,412,321,421,323,428,323,434,321,366,270,377,269,386,270,396,273,385,275,375,274,435,279,446,277,455,279,462,282,454,284,444,283,381,350,395,342,410,338,418,341,425,340,434,345,439,355,432,369,423,375,414,376,405,375,392,367,386,351,409,347,417,348,424,349,434,355,423,361,416,362,407,361
clip_20250722_125440.avi,180,0,320,267,319,289,320,310,324,332,332,350,346,367,364,379,384,388,404,392,422,389,436,379,447,364,456,349,462,332,467,316,470,298,470,280,347,240,360,233,376,232,390,236,403,243,431,247,443,243,455,243,465,248,471,258,418,263,418,275,420,287,421,300,399,311,407,314,416,318,423,316,429,314,363,261,373,259,383,260,392,266,382,267,372,266,432,272,442,269,451,270,457,275,450,277,441,275,376,335,392,332,406,330,413,333,420,332,428,337,436,342,426,351,418,355,410,356,402,354,389,348,381,337,405,340,412,341,419,341,431,342,419,342,411,342,404,340
clip_20250722_125505.avi,30,0,319,266,318,287,318,309,322,330,331,349,344,365,362,379,382,387,402,391,420,389,435,378,445,364,454,348,460,331,464,314,467,296,467,279,347,237,359,230,374,228,388,232,400,238,429,243,440,239,451,239,461,244,466,253,415,258,416,269,417,280,418,292,396,305,405,308,413,311,420,310,427,308,362,258,371,255,381,256,390,262,380,263,370,262,429,268,439,264,448,265,454,271,447,272,438,271,370,331,385,324,401,322,409,325,418,325,428,330,435,338,426,351,415,357,406,357,396,355,382,348,374,333,400,331,409,332,417,333,431,338,416,343,407,344,398,342
clip_20250722_125505.avi,60,0,314,268,313,290,314,312,318,332,327,351,340,366,358,378,378,385,398,389,416,387,430,378,441,365,449,349,455,333,460,316,463,300,464,282,345,241,358,233,373,230,388,233,401,241,427,246,437,242,449,243,459,249,464,260,413,261,414,272,415,282,417,293,395,307,403,310,411,312,418,312,424,310,360,260,370,256,380,257,389,264,379,264,369,263,427,271,437,266,446,268,451,275,444,276,435,274,374,335,389,329,403,326,409,328,415,328,423,334,428,343,420,350,412,353,405,353,398,352,386,347,378,336,401,335,408,336,414,337,424,342,413,341,406,341,400,340
clip_20250722_125505.avi,90,0,319,266,318,287,319,309,322,330,330,349,342,366,359,379,378,387,399,391,417,389,432,380,443,366,451,350,458,333,463,317,467,299,468,281,348,236,361,228,375,227,389,231,401,238,427,243,438,240,450,240,460,244,465,255,414,257,415,269,416,280,417,291,395,304,403,307,411,310,419,310,425,308,362,257,372,253,381,254,390,261,380,261,370,260,428,267,439,264,447,265,453,272,446,272,437,270,370,332,385,324,400,322,408,325,416,325,425,330,431,340,422,352,412,357,403,357,394,355,381,348,375,333,398,330,407,332,415,333,425,340,413,342,404,343,396,341
clip_20250722_125505.avi,120,0,315,268,314,290,315,312,319,333,326,352,338,368,355,381,375,390,395,394,413,393,428,384,441,370,450,355,457,338,461,320,465,302,467,283,343,239,356,233,370,232,384,236,397,243,424,248,435,245,448,245,458,249,464,259,410,263,410,275,410,286,411,299,392,313,399,316,406,318,413,318,419,317,358,262,368,259,378,260,386,267,376,268,366,267,425,274,436,269,445,271,452,277,444,280,434,278,371,344,384,338,396,336,403,339,409,338,416,343,422,352,414,358,406,361,399,361,392,359,381,354,375,345,395,345,402,347,408,347,417,352,407,347,401,347,394,346
clip_20250722_125505.avi,150,0,315,268,315,290,316,312,320,333,328,352,341,368,358,381,376,389,395,394,412,393,426,384,438,371,447,355,455,338,460,320,465,302,466,283,344,242,357,234,372,233,387,236,400,244,426,249,437,245,449,245,460,250,466,260,413,263,414,275,415,286,416,298,394,310,402,313,410,316,417,316,423,314,359,262,369,258,379,259,388,267,378,267,367,266,427,273,437,268,447,270,453,276,446,278,436,276,370,339,384,331,398,328,406,331,413,330,422,337,427,348,419,359,410,363,401,363,392,361,380,355,375,340,397,336,405,338,412,339,422,347,411,350,403,350,395,348
clip_20250722_125505.avi,180,0,330,260,328,285,328,309,330,333,338,354,350,375,366,391,384,404,403,410,422,409,438,399,453,385,465,368,475,350,483,332,490,312,494,291,362,241,378,235,394,236,409,242,421,251,451,257,463,254,476,255,487,260,493,271,433,272,432,287,431,301,431,316,408,325,415,330,424,334,431,333,438,332,376,267,387,266,397,268,406,274,395,275,385,272,449,284,461,282,470,284,477,289,469,291,459,289,380,352,395,348,410,347,418,350,426,350,435,356,441,364,430,376,420,380,411,380,402,377,390,370,385,354,408,356,416,358,424,359,436,364,422,365,414,365,406,363
clip_20250722_125621.avi,30,0,322,299,323,321,325,343,330,364,339,383,353,400,369,414,387,424,404,427,420,424,432,412,442,396,451,379,458,362,463,344,467,326,468,306,345,280,357,274,372,273,386,276,399,282,425,284,436,279,448,278,459,281,465,290,412,299,413,314,414,328,415,342,395,351,404,354,412,356,419,355,425,352,360,300,370,297,379,298,388,303,378,305,369,304,427,307,437,302,446,303,453,307,446,310,437,309,374,375,388,370,402,369,409,371,417,370,427,373,433,378,425,392,416,399,407,399,399,398,386,390,379,376,401,375,409,377,417,376,429,379,416,388,408,388,400,387
clip_20250722_125621.avi,60,0,306,308,304,330,303,352,306,373,315,392,327,408,340,422,356,432,371,436,384,433,394,424,404,412,414,399,423,386,430,371,435,356,438,339,336,296,348,290,362,289,376,294,387,303,413,309,423,307,433,306,440,309,444,317,398,324,398,337,397,350,397,363,377,370,384,373,391,376,399,375,405,372,348,316,358,315,368,317,375,323,366,324,356,322,410,329,419,328,426,330,432,333,425,335,418,333,356,391,369,389,382,389,389,391,395,390,401,393,404,399,398,408,391,412,384,412,377,410,365,404,360,392,381,395,387,397,393,397,401,398,393,401,387,401,380,400
clip_20250722_125621.avi,90,0,318,287,317,309,318,330,322,350,329,369,342,385,358,397,377,405,396,409,413,407,427,397,438,384,446,368,452,352,457,335,461,318,462,300,343,263,355,255,369,252,384,255,397,262,423,267,434,263,446,263,456,267,462,277,410,282,411,294,412,306,413,318,393,331,401,334,408,336,415,335,421,334,358,282,368,279,378,279,386,286,376,287,366,286,424,291,434,287,442,289,448,294,442,297,432,295,374,360,387,353,400,350,406,353,413,352,420,358,425,366,418,373,410,376,403,376,395,375,384,370,378,360,398,360,405,362,412,362,421,365,411,363,404,363,397,362
clip_20250722_125640.avi,30,0,343,282,342,302,342,322,347,342,356,360,369,376,385,389,403,398,422,401,439,398,452,386,462,371,470,356,476,339,480,323,481,307,480,290,367,257,378,250,391,247,404,250,416,256,441,258,452,255,463,254,472,259,478,267,430,273,430,283,432,293,433,303,412,313,420,316,429,319,437,318,443,316,382,274,391,271,399,272,407,277,399,277,390,277,444,280,453,277,461,279,467,283,460,284,452,283,388,339,402,330,418,327,427,330,436,329,446,334,453,345,445,360,434,368,424,368,414,366,399,357,392,340,417,335,426,337,435,337,448,345,434,355,424,356,415,354
clip_20250722_125640.avi,60,0,350,279,350,300,350,321,355,342,364,361,378,377,394,390,413,398,432,402,449,398,462,388,471,373,479,357,486,341,491,325,493,308,493,290,378,255,390,248,404,245,418,248,430,254,455,258,465,254,476,254,486,258,491,268,443,272,444,283,446,293,447,303,426,315,434,318,442,321,449,320,456,318,393,273,402,270,411,270,420,276,411,276,401,275,456,280,466,277,474,279,480,284,473,285,465,283,400,341,415,333,431,331,439,333,448,333,458,338,464,349,455,363,445,370,435,371,426,369,411,360,405,343,430,338,439,340,447,340,459,348,445,358,437,359,427,357
clip_20250722_125640.avi,90,0,335,290,335,309,336,329,340,349,350,366,364,381,381,392,400,399,419,402,435,399,447,388,457,375,464,360,469,344,473,328,474,312,474,296,363,263,375,256,388,254,401,256,414,262,438,265,447,261,457,261,467,265,471,274,427,280,428,289,430,299,432,309,411,321,419,323,427,326,434,325,440,323,379,281,387,278,396,278,404,283,396,284,387,283,439,287,448,284,456,285,462,290,456,291,448,290,387,346,401,337,416,334,424,337,433,336,442,341,447,352,440,366,430,373,421,373,411,372,397,364,391,347,415,342,424,344,432,344,443,352,431,361,422,361,413,360
clip_20250722_125640.avi,120,0,336,290,336,310,336,331,341,351,351,369,364,384,381,396,400,404,418,408,435,405,447,394,457,380,464,363,470,346,474,330,476,313,475,296,363,264,374,257,388,255,401,257,413,263,438,266,448,261,458,261,468,265,473,274,427,280,429,290,431,300,432,311,412,322,420,325,428,327,435,326,441,325,379,282,388,279,396,279,404,284,396,285,387,284,440,288,449,284,457,285,462,290,456,291,448,290,388,348,401,339,416,336,425,339,433,338,443,343,448,355,441,370,430,377,421,378,411,376,397,367,392,350,415,344,424,345,432,346,444,355,431,366,422,366,413,365
clip_20250722_125640.avi,150,0,332,294,333,314,334,335,339,354,348,371,361,385,378,396,396,403,414,406,429,404,441,395,450,381,456,366,462,350,466,335,469,318,469,301,360,269,371,263,384,261,397,264,409,270,433,273,443,269,453,269,463,273,468,282,421,286,423,297,424,307,425,318,407,330,414,332,421,334,427,333,433,332,374,288,382,284,391,285,399,290,390,291,381,291,434,294,443,290,451,291,457,297,451,298,442,297,389,358,400,348,412,345,420,347,427,346,434,351,438,362,433,373,425,378,417,378,409,377,398,371,393,357,411,351,419,353,426,353,434,361,426,365,418,366,410,365
clip_20250722_125640.avi,180,0,312,293,314,315,318,336,324,356,336,373,352,386,371,396,392,401,412,402,427,398,438,387,445,372,451,355,455,338,459,321,460,304,458,286,340,266,352,258,366,254,381,255,395,261,417,261,427,256,438,254,449,257,454,266,409,279,411,289,414,300,417,311,398,326,406,328,414,329,420,328,426,325,357,285,367,283,376,282,385,285,376,287,366,288,422,285,430,282,438,283,445,285,439,288,430,288,384,355,397,349,409,345,415,347,420,345,428,349,434,354,428,364,421,368,414,369,408,369,396,365,389,355,408,354,415,355,420,354,430,354,420,355,414,357,408,356
clip_20250722_125654.avi,30,0,325,289,324,310,325,330,327,351,335,369,348,385,366,396,385,404,404,408,422,406,437,398,448,385,456,369,461,352,466,335,469,318,470,300,351,262,363,254,376,252,390,255,402,261,429,264,440,261,452,261,462,266,467,276,417,281,417,291,418,301,419,312,400,327,408,330,415,332,421,331,427,330,365,282,375,278,385,278,393,285,384,286,374,285,430,290,440,285,449,287,455,293,449,295,439,293,378,355,393,349,406,347,412,350,420,349,428,354,436,362,427,368,418,371,410,371,402,369,390,364,383,356,405,357,412,358,419,358,432,361,418,359,411,359,404,358
clip_20250722_125654.avi,60,0,324,290,324,310,325,331,328,351,336,370,349,386,367,397,386,404,406,408,425,406,439,398,449,384,456,368,462,352,466,335,469,317,470,299,350,262,362,253,376,251,390,253,403,260,428,264,439,260,452,260,462,265,467,276,416,279,417,288,418,298,419,309,400,324,407,326,415,327,421,327,427,327,364,283,374,282,383,282,392,285,382,287,373,286,430,290,440,289,448,291,455,294,447,296,439,294,379,353,393,344,406,341,413,344,420,343,429,349,435,359,426,367,418,369,410,369,402,367,390,363,384,353,405,350,412,351,419,352,430,358,418,356,411,357,403,355
clip_20250722_125654.avi,90,0,325,293,325,314,326,335,330,356,339,374,352,390,369,403,388,412,407,415,425,414,439,403,449,389,458,372,464,355,468,337,471,320,471,301,351,268,363,261,377,258,391,261,405,268,430,271,440,267,452,267,463,272,468,282,418,287,418,297,419,308,421,319,401,333,409,335,417,337,424,336,430,335,367,287,376,283,386,283,394,290,385,291,375,290,432,295,441,290,450,291,456,297,449,299,440,297,381,362,394,354,407,350,415,353,422,352,430,358,436,368,429,378,420,383,412,383,404,381,392,375,386,363,406,359,414,360,421,361,431,368,421,369,413,370,405,368
clip_20250722_125654.avi,120,0,327,293,326,313,325,333,328,354,336,372,349,389,365,402,384,410,405,414,423,412,437,402,449,387,457,371,462,354,466,338,469,321,470,304,352,269,364,262,377,261,390,264,402,271,427,275,439,271,451,271,462,275,468,284,415,290,415,302,416,312,416,324,398,337,405,340,413,342,420,341,426,339,364,291,374,290,383,291,392,295,382,296,373,296,429,300,440,298,448,300,455,304,447,306,439,304,377,362,391,358,404,356,410,359,418,358,426,362,434,367,424,375,415,379,408,379,400,378,389,373,381,363,403,365,410,367,417,367,429,367,416,367,409,368,402,367
clip_20250722_125744.avi,30,0,330,271,330,291,330,311,334,331,342,349,355,364,371,375,390,383,408,387,426,386,440,376,451,363,459,347,465,331,469,315,472,298,473,280,355,241,366,234,380,231,393,233,406,240,432,244,443,240,455,241,465,246,470,256,420,258,420,268,421,277,423,287,404,302,411,304,418,306,425,306,431,304,369,260,379,257,388,257,396,263,387,264,378,263,434,268,443,265,452,266,458,272,451,272,442,271,380,331,394,322,408,318,416,321,424,320,433,326,440,337,431,349,421,354,413,354,404,353,391,346,385,332,407,327,416,328,423,329,435,337,422,341,414,341,406,340
clip_20250722_125744.avi,60,0,314,281,315,302,317,324,322,344,332,363,348,379,367,391,386,399,404,403,420,400,433,389,443,374,451,358,457,340,461,323,463,305,462,286,342,256,354,248,369,244,383,246,397,253,422,256,433,251,445,251,455,255,461,265,411,271,413,282,415,292,417,303,397,317,405,319,413,321,419,320,425,318,358,274,368,270,378,270,386,275,377,277,368,276,425,279,434,275,443,276,449,281,442,283,434,281,375,346,388,338,403,335,411,337,418,336,427,341,433,351,426,364,417,370,408,371,400,370,386,363,379,347,402,343,410,344,418,344,428,351,417,357,409,358,401,357
clip_20250722_125744.avi,90,0,313,284,313,305,315,326,320,346,331,364,346,378,364,389,384,395,404,397,420,394,432,385,441,370,447,355,452,339,457,323,459,306,458,289,341,258,353,251,367,248,381,250,394,255,420,259,431,255,443,255,452,259,457,268,409,274,410,284,412,295,414,306,394,319,402,321,410,324,417,322,422,320,357,275,366,271,375,271,384,277,375,278,365,278,422,281,432,276,441,277,446,283,440,285,431,284,376,345,390,339,402,336,409,338,414,337,422,342,428,350,421,357,413,360,406,360,399,359,388,355,381,346,401,344,408,345,414,345,424,349,413,348,407,349,400,348
clip_20250722_125744.avi,120,0,331,273,329,295,330,316,333,337,342,356,355,372,371,385,389,394,407,399,424,398,437,388,447,374,456,359,464,343,469,327,473,310,475,292,362,251,375,244,389,242,403,246,416,253,441,258,451,255,461,255,470,259,475,268,428,273,429,284,430,295,431,307,409,318,417,321,424,324,431,323,437,322,377,271,387,268,396,269,403,275,394,275,385,274,440,282,450,278,458,280,463,286,457,287,448,285,384,342,398,335,413,333,420,337,428,336,436,342,440,352,433,363,424,368,415,368,406,365,394,358,388,343,411,342,419,344,427,345,436,351,425,354,417,354,409,352
clip_20250722_125744.avi,150,0,326,272,326,294,327,315,331,336,340,354,353,370,369,383,388,392,407,396,425,394,438,385,449,370,457,354,464,337,469,320,472,303,473,284,353,246,365,238,380,236,394,239,408,246,432,252,443,248,456,248,467,252,472,263,421,266,421,277,422,288,424,300,403,312,411,315,419,318,426,317,433,315,368,266,378,262,388,262,397,270,387,271,376,270,435,275,444,270,454,272,460,278,453,280,443,278,380,340,394,332,408,329,416,332,423,331,432,337,438,348,430,359,421,363,412,363,403,361,391,355,385,341,407,337,415,339,423,340,433,347,422,350,414,350,405,348
clip_20250722_125744.avi,180,0,319,278,319,298,320,318,325,337,334,355,346,370,363,382,382,388,401,392,419,389,432,380,443,367,450,350,455,334,459,317,462,300,462,283,343,250,355,243,369,241,382,244,395,250,420,253,431,248,443,248,453,252,459,262,408,267,409,279,411,290,412,301,393,313,401,316,409,318,415,317,422,315,358,270,367,266,377,266,385,272,376,273,366,273,423,276,432,272,441,273,447,278,440,280,431,279,373,340,385,332,399,329,407,332,415,331,424,335,430,344,423,355,414,360,405,361,396,359,383,353,377,341,398,337,406,338,414,338,426,344,414,348,405,349,397,347
clip_20250722_125744.avi,210,0,321,273,321,294,322,314,326,334,335,352,349,369,366,381,385,389,405,393,422,390,436,381,447,367,455,351,461,334,465,316,468,299,469,281,348,247,360,239,374,237,389,240,401,246,428,249,438,245,450,245,461,249,466,259,416,266,417,277,419,289,420,301,399,312,407,315,416,317,423,316,429,314,363,269,373,267,383,267,391,271,382,273,372,272,430,275,440,273,448,274,454,278,447,280,439,278,375,338,390,331,405,328,413,331,422,330,431,334,437,343,429,356,419,361,410,362,401,360,387,354,380,339,404,336,412,337,421,338,433,343,420,348,411,349,402,348
clip_20250722_125801.avi,30,0,343,285,342,307,343,329,347,350,356,370,369,387,386,401,405,410,424,414,441,410,455,399,466,384,475,368,482,351,487,333,490,316,490,297,370,263,382,255,397,253,411,256,423,263,450,266,460,262,471,262,481,266,486,276,437,284,438,295,440,306,441,318,419,329,427,332,436,334,443,333,450,332,385,285,395,285,403,286,413,289,403,290,393,289,450,293,460,292,468,293,475,296,468,298,459,297,394,355,409,348,425,345,433,347,441,346,450,351,457,360,448,375,438,381,430,382,420,380,406,373,399,356,424,353,433,354,440,355,452,360,439,368,431,369,422,368
clip_20250722_125801.avi,60,0,344,274,342,296,342,317,345,338,352,357,364,374,380,388,399,397,419,402,438,401,453,391,464,377,473,361,480,345,486,328,489,311,491,293,373,250,385,243,400,242,414,246,426,254,453,258,464,255,476,256,485,261,490,271,439,273,439,283,440,294,440,305,419,317,427,320,435,324,442,323,448,321,387,271,397,268,406,269,414,275,405,276,395,274,453,282,463,279,472,281,477,287,470,288,461,285,396,347,409,339,423,336,431,339,438,339,446,345,451,356,443,365,434,369,426,368,417,367,405,360,401,347,422,346,430,348,437,348,447,354,435,355,428,355,420,353
clip_20250722_125801.avi,90,0,341,280,339,300,340,320,344,340,352,358,365,375,381,388,401,396,422,400,441,398,454,388,464,373,472,358,478,342,482,325,485,309,485,292,368,255,380,248,394,246,408,249,420,256,446,258,457,255,468,256,478,260,483,270,434,274,435,285,437,295,438,306,416,317,424,320,433,323,441,322,447,320,384,275,393,271,403,272,411,278,402,278,392,277,448,282,458,279,466,280,471,286,465,286,457,285,393,342,407,334,422,332,429,334,437,334,447,339,452,349,444,359,434,364,426,365,417,363,404,356,397,343,421,341,429,342,436,343,448,349,435,352,427,352,419,350
clip_20250722_125801.avi,120,0,337,277,337,298,338,320,341,340,350,359,363,375,381,388,400,396,421,400,439,397,451,387,461,373,469,357,476,342,480,326,483,309,484,293,367,254,379,246,394,244,409,248,422,256,448,259,458,256,469,256,479,261,484,270,435,275,436,286,437,297,439,308,417,320,425,323,433,326,440,325,446,323,382,275,393,274,402,275,410,278,401,279,392,278,447,284,457,283,465,286,471,289,464,290,456,288,393,343,409,339,423,338,430,341,437,340,445,345,452,351,443,359,434,363,426,363,418,361,406,355,398,344,422,347,429,348,436,349,447,351,435,351,427,351,420,350
clip_20250722_130017.avi,30,0,322,293,323,315,325,337,330,358,339,377,353,393,370,406,389,415,407,419,424,416,439,406,452,392,461,375,468,356,471,337,474,318,475,298,346,265,357,257,371,254,386,257,399,263,427,266,439,261,452,260,464,265,470,275,414,283,415,295,416,306,417,318,399,332,407,334,414,336,421,335,428,333,362,286,371,282,381,282,391,288,380,289,371,289,431,291,440,286,450,287,457,292,449,294,440,293,376,362,389,354,403,351,412,353,420,351,430,356,438,365,430,379,419,385,410,385,400,384,388,378,381,363,403,359,412,360,420,360,434,365,419,371,411,372,401,371
clip_20250722_130017.avi,60,0,325,291,325,313,326,335,331,357,341,376,353,393,369,407,387,417,406,421,423,419,438,409,450,394,460,376,468,358,472,339,476,319,477,299,350,266,361,258,375,255,390,258,403,264,430,268,442,264,454,263,466,268,472,278,417,284,417,295,418,307,419,319,400,332,408,334,416,336,423,336,429,334,366,286,375,283,384,283,393,289,383,290,374,289,433,292,443,289,452,290,459,295,451,297,442,295,378,362,390,354,404,350,413,353,421,352,431,357,438,369,429,381,419,386,410,386,400,385,387,378,382,363,403,358,412,359,420,360,433,368,419,373,411,374,402,372
clip_20250722_130017.avi,90,0,325,288,324,311,325,334,328,357,337,377,350,396,366,411,384,422,402,427,419,427,435,417,448,402,460,385,468,366,474,347,479,326,482,306,351,263,364,255,379,253,394,257,408,265,436,270,448,266,461,266,473,272,479,284,421,286,420,298,421,309,421,322,401,336,408,338,416,341,423,341,430,339,367,285,377,282,387,283,396,290,385,291,375,290,437,296,447,293,457,294,464,300,456,302,446,300,375,365,389,359,404,356,412,359,420,358,430,364,438,375,428,388,417,393,408,393,399,391,386,383,380,367,403,364,412,366,419,367,433,374,418,380,410,380,401,378
clip_20250722_130017.avi,120,0,328,294,327,317,328,340,332,363,341,384,354,402,370,417,389,428,409,433,427,431,443,421,456,406,467,388,475,370,481,351,486,331,488,311,355,268,369,261,384,260,399,264,413,273,442,278,454,273,468,272,479,277,486,288,427,294,427,308,427,321,427,335,407,348,415,351,423,354,430,353,437,351,371,293,382,292,392,293,401,298,391,300,380,299,444,304,455,302,464,304,472,308,463,311,453,309,384,376,398,374,411,372,419,376,426,374,434,379,443,384,432,393,423,396,415,396,407,394,396,388,389,378,410,381,418,383,425,383,438,384,424,383,417,384,409,382
clip_20250722_130017.avi,150,0,331,290,329,313,329,336,333,359,341,381,354,400,370,416,389,428,408,433,427,431,444,420,458,405,469,387,478,369,484,350,488,331,489,311,357,267,370,260,385,259,400,264,413,272,443,278,455,274,468,273,479,279,486,290,427,294,427,308,427,322,427,336,406,346,414,349,422,352,430,351,437,350,372,292,383,292,393,294,402,298,391,299,381,297,444,305,455,304,464,306,471,308,463,311,453,309,378,370,395,367,410,366,419,369,428,368,438,372,447,378,436,394,424,400,415,401,405,399,391,390,383,372,409,374,418,376,427,376,442,379,426,386,416,387,407,385
clip_20250722_130147.avi,30,0,271,263,273,282,277,301,280,321,287,338,299,353,314,364,331,374,349,376,366,372,382,361,396,348,406,332,411,313,413,294,415,274,416,253,280,237,288,226,301,221,315,221,327,224,354,219,368,212,383,211,397,216,405,228,344,243,345,255,345,267,346,280,332,293,339,295,346,297,352,295,359,294,296,251,305,247,315,246,324,250,315,253,305,254,364,248,373,243,383,243,391,246,384,250,374,250,318,324,327,317,337,313,345,315,354,313,364,316,374,322,365,331,355,336,346,337,337,336,328,331,322,324,337,322,346,322,355,321,369,323,354,325,345,325,337,324
clip_20250722_130147.avi,60,0,261,264,263,283,267,301,270,319,276,337,287,352,302,364,318,374,336,377,353,374,369,363,382,350,391,334,396,316,399,297,402,277,403,257,269,244,278,234,291,228,305,229,318,233,342,228,356,221,371,221,385,226,393,237,332,246,332,258,333,269,333,282,321,296,327,298,334,299,340,298,346,297,286,255,294,250,304,249,313,254,304,257,294,257,352,251,361,245,371,245,379,249,372,253,362,253,309,327,316,320,326,315,334,318,341,315,351,319,361,326,352,335,343,339,335,340,326,339,317,335,314,327,326,324,334,324,342,323,356,326,342,327,334,328,326,327
clip_20250722_130147.avi,90,0,263,259,265,279,269,298,272,317,279,334,290,349,304,362,320,372,339,376,356,373,372,363,385,349,394,332,400,314,403,295,406,275,408,255,273,236,282,226,295,221,309,221,322,225,348,221,362,215,376,215,390,220,398,231,336,240,337,251,337,262,337,274,324,290,331,291,337,293,344,291,350,290,289,249,297,244,307,243,316,248,307,251,297,252,357,245,366,240,376,240,384,244,376,248,367,247,311,322,319,313,328,308,337,311,345,308,356,313,365,321,357,332,347,337,338,338,329,337,319,332,316,322,329,318,337,318,346,317,360,321,346,325,337,326,329,325
clip_20250722_130147.avi,120,0,257,260,260,279,262,298,265,318,272,336,283,352,298,365,315,376,334,379,352,376,368,365,382,351,391,334,396,315,400,296,403,276,404,256,268,240,277,229,290,224,304,225,317,229,342,224,356,218,371,217,385,222,393,233,332,243,332,255,332,267,332,279,319,294,325,296,332,298,339,296,345,295,284,252,292,248,302,247,312,251,302,254,292,254,352,248,361,243,371,244,379,247,371,251,362,251,305,325,313,318,323,314,331,316,340,314,350,318,361,324,351,335,341,339,332,340,323,339,313,335,309,325,323,322,332,322,340,322,356,325,340,328,332,329,323,328
clip_20250722_130147.avi,150,0,267,262,269,281,272,300,275,318,282,336,294,351,309,363,325,374,344,377,362,373,378,360,391,346,401,329,406,311,408,292,410,273,410,254,280,241,289,232,301,228,314,228,326,232,353,226,366,220,379,219,392,224,400,233,342,246,343,257,343,269,344,281,330,295,337,297,344,299,350,297,356,296,296,256,304,253,313,252,321,254,313,257,304,258,362,251,370,248,379,248,386,250,379,253,370,253,316,325,325,318,335,315,343,317,352,315,361,318,370,324,361,334,353,338,343,339,335,338,325,334,320,325,335,323,343,324,352,323,365,325,352,326,343,327,335,326
clip_20250722_130203.avi,30,0,269,269,272,288,276,306,280,324,287,341,298,355,311,366,327,376,345,379,362,375,377,363,389,350,398,334,403,315,406,296,408,276,408,257,277,246,283,235,295,229,308,229,320,232,346,226,359,219,374,217,387,222,395,233,336,247,337,259,338,270,338,282,327,297,334,298,340,300,346,298,351,297,292,257,300,251,310,250,318,255,310,258,300,259,357,251,365,245,375,244,382,248,376,253,366,253,317,329,323,321,332,316,340,318,348,316,358,320,368,327,359,336,350,341,341,342,333,341,324,337,321,328,333,325,341,325,349,324,363,327,349,330,341,331,333,330
clip_20250722_130203.avi,60,0,260,270,263,288,267,306,271,325,279,341,291,356,306,367,322,376,340,378,357,374,372,363,384,349,393,332,396,314,398,295,400,275,400,256,268,250,276,240,288,235,301,235,313,239,336,233,349,225,364,222,377,227,386,237,328,251,329,263,330,275,330,287,320,301,326,302,332,304,338,302,344,300,284,264,291,261,299,259,309,260,300,263,292,265,348,255,356,252,365,252,372,253,365,257,357,257,310,331,316,324,324,319,332,321,340,319,350,322,359,327,352,337,343,341,335,342,327,341,318,338,314,331,325,327,333,327,341,326,354,327,342,330,334,331,326,331
clip_20250722_130203.avi,90,0,261,270,264,288,268,306,271,324,278,341,289,356,303,368,319,377,337,380,355,376,369,365,383,352,392,336,396,317,398,298,401,278,401,257,268,250,275,241,288,236,301,237,313,241,336,234,349,227,363,224,378,228,387,238,326,252,327,264,327,275,328,287,318,302,324,303,330,304,336,302,342,300,283,262,290,257,299,255,309,260,300,264,290,264,348,255,356,249,365,248,373,252,366,256,357,257,308,333,314,325,323,320,331,322,338,319,348,322,358,329,350,339,341,343,333,344,325,344,316,341,312,332,324,329,332,329,339,327,353,329,340,332,332,333,325,333
clip_20250722_130203.avi,120,0,259,272,263,291,266,309,271,327,279,343,290,356,304,368,319,378,337,380,354,376,369,365,382,351,391,335,395,316,397,296,399,276,399,255,266,249,273,239,285,234,297,234,310,237,335,231,347,223,362,220,377,223,386,233,325,251,326,262,326,273,327,285,317,301,323,302,329,303,335,301,342,299,282,262,289,257,299,255,308,259,299,263,289,264,347,254,355,248,365,247,372,251,366,255,356,256,307,333,313,324,322,319,330,321,338,318,348,322,359,329,350,339,341,344,333,346,325,345,315,341,312,332,323,328,331,328,339,327,354,329,339,332,332,333,324,333
clip_20250722_130203.avi,150,0,261,270,264,288,267,306,270,325,277,342,287,355,302,366,318,374,335,377,353,374,368,365,381,353,390,338,395,320,397,302,399,283,401,264,271,251,278,242,291,237,304,237,316,241,340,236,354,230,368,229,381,233,390,243,330,253,330,265,330,276,330,288,320,302,325,303,332,305,337,303,343,301,286,264,294,261,303,259,311,262,303,265,294,266,351,258,359,255,368,255,375,257,368,261,359,261,308,332,316,326,324,322,332,324,339,321,348,324,359,328,349,336,341,339,333,340,326,340,317,337,312,331,325,329,332,330,340,328,354,329,340,329,333,330,325,330
clip_20250722_130217.avi,30,0,269,267,271,285,274,303,277,321,283,338,293,353,307,365,324,375,342,378,360,374,375,362,388,349,397,333,402,315,404,296,407,278,408,259,278,247,286,237,299,233,312,233,323,238,347,231,360,225,375,223,388,228,396,239,338,250,338,261,338,273,339,285,327,299,333,300,339,302,345,300,351,298,293,259,300,254,310,253,318,257,310,261,300,261,357,254,366,248,375,248,382,252,376,256,366,256,313,328,322,321,332,318,339,320,348,317,357,319,368,324,359,334,349,339,341,340,332,340,322,336,317,328,332,326,340,326,348,325,363,325,348,329,340,330,332,330
clip_20250722_130217.avi,60,0,266,266,268,284,271,301,274,320,280,337,291,352,305,364,321,375,339,378,356,374,372,363,385,350,395,335,400,317,402,298,405,279,406,260,274,248,282,238,295,234,308,234,320,238,343,233,357,226,371,226,385,230,393,240,334,250,334,261,334,273,334,285,323,298,329,300,335,301,341,299,347,298,290,259,297,254,307,253,315,257,307,260,298,261,354,254,362,248,371,248,378,252,372,256,363,256,309,327,318,321,328,318,336,320,344,317,354,320,365,324,356,335,345,339,337,341,328,340,318,336,313,327,328,325,336,325,344,324,361,325,345,329,336,330,328,330
clip_20250722_130217.avi,90,0,266,268,269,286,272,304,276,322,283,340,294,354,308,366,323,376,341,379,358,376,373,365,386,352,395,336,400,317,402,298,404,279,405,258,273,250,281,240,294,236,307,236,319,240,343,234,356,227,371,226,384,230,393,240,333,252,334,264,334,276,335,288,323,302,330,303,336,304,342,303,348,302,289,261,296,257,306,256,314,260,306,263,296,264,353,256,362,251,371,251,378,254,372,258,362,258,312,331,319,326,328,322,335,324,343,322,353,324,363,328,354,336,345,340,337,341,329,340,321,337,315,331,329,330,336,330,344,329,359,329,344,330,336,331,329,330
clip_20250722_130234.avi,30,0,264,270,266,289,270,307,273,325,279,343,289,358,303,370,319,380,336,383,354,379,370,369,383,356,392,340,397,322,399,304,402,285,404,265,272,251,281,242,294,238,307,239,319,243,343,238,357,232,371,232,385,236,393,245,333,255,333,266,333,278,333,290,321,303,327,305,333,307,340,305,346,304,288,262,295,258,305,257,314,262,305,265,295,265,353,259,361,254,370,254,378,257,371,261,362,261,310,333,317,326,326,322,334,325,342,322,351,326,360,332,352,342,343,346,335,347,326,346,317,342,315,333,326,331,334,331,342,330,355,332,342,334,334,336,326,335
clip_20250722_130234.avi,60,0,255,271,258,289,261,306,264,324,270,341,280,356,293,367,309,377,327,380,344,377,360,366,372,354,382,338,387,319,388,301,391,282,392,262,263,253,270,244,283,239,295,239,307,242,330,237,342,231,356,230,370,234,379,242,320,254,321,265,321,275,321,287,310,301,317,302,323,303,329,301,335,300,278,264,285,261,294,260,302,261,294,264,286,266,341,258,349,254,357,254,365,256,358,259,349,259,299,331,306,324,315,319,323,321,331,319,342,322,352,328,343,338,333,343,325,344,316,344,307,340,304,331,316,327,324,327,332,326,347,329,332,332,324,334,316,333
clip_20250722_130234.avi,90,0,254,275,257,293,260,311,264,329,271,345,283,359,297,369,314,378,332,381,350,377,365,366,378,353,387,337,391,318,392,299,394,280,394,260,262,256,269,245,281,240,295,240,307,243,332,237,344,229,359,228,372,232,381,242,322,255,323,267,323,278,324,291,312,304,319,306,326,307,332,305,339,303,277,267,285,262,294,260,303,264,295,267,286,268,342,259,351,254,360,253,367,257,361,260,352,260,302,333,310,326,319,322,327,324,335,322,345,324,356,328,346,338,337,342,329,343,321,343,311,340,306,333,320,329,327,329,335,328,351,329,336,332,328,334,320,333
clip_20250722_130234.avi,120,0,258,275,262,294,265,312,269,330,278,347,290,360,304,371,320,380,337,382,353,378,368,367,380,354,388,339,392,320,394,301,396,282,396,262,266,256,272,245,284,239,298,239,310,243,335,236,347,229,362,227,376,231,385,242,325,255,325,266,326,277,326,289,316,304,322,305,329,306,335,304,341,302,282,266,289,261,298,259,307,263,299,267,289,268,346,259,353,253,363,252,370,256,364,260,354,260,307,333,314,327,323,323,331,324,339,322,350,324,362,327,352,338,342,343,334,344,325,344,316,341,310,333,324,329,332,329,340,328,358,328,340,333,332,335,325,334
clip_20250722_130234.avi,150,0,254,272,257,291,261,309,264,327,272,344,283,358,297,369,313,378,331,381,348,377,362,366,375,353,383,336,387,318,389,299,391,280,391,260,262,256,269,246,281,242,294,241,306,244,329,239,341,232,355,231,369,235,378,243,319,255,320,266,320,277,321,289,311,303,317,305,323,306,329,304,335,302,277,267,284,264,293,262,301,264,294,268,285,269,340,259,348,256,356,255,364,257,357,261,349,261,302,335,308,327,316,323,324,324,331,322,340,325,350,330,342,340,334,344,326,345,318,345,310,342,306,334,317,330,324,330,332,329,346,330,332,334,325,335,318,335
clip_20250722_130327.avi,30,0,274,244,276,263,280,282,283,300,290,318,301,332,316,344,333,353,352,356,370,352,386,341,398,327,407,312,412,293,413,274,416,255,417,236,285,222,294,211,307,205,321,204,334,208,360,204,373,198,387,197,400,202,407,213,349,223,350,234,350,246,350,257,338,273,344,274,351,275,357,274,363,272,301,233,310,228,320,227,328,232,319,235,310,235,368,229,377,223,387,223,394,227,388,231,378,231,323,304,332,296,342,292,350,294,358,292,368,295,378,302,369,312,359,316,351,317,342,316,332,312,328,304,342,299,351,300,359,299,373,302,359,305,350,306,342,305
clip_20250722_130327.avi,60,0,272,244,275,264,277,283,281,302,289,319,302,333,317,345,334,354,353,357,370,353,385,341,397,327,407,310,412,292,413,273,414,254,415,235,285,221,294,210,308,204,323,204,335,209,360,204,373,198,387,197,400,203,407,215,350,225,351,236,352,247,353,259,338,274,345,276,353,277,359,276,365,274,302,234,311,229,320,228,329,233,320,235,311,236,368,230,377,226,387,226,394,229,387,233,378,232,323,304,333,297,343,294,352,296,359,294,369,297,379,303,369,313,360,318,352,319,343,318,333,313,328,304,344,301,352,301,360,301,374,304,359,307,351,308,343,307
clip_20250722_130327.avi,90,0,273,245,275,264,279,283,283,302,291,319,303,334,319,345,336,355,354,357,371,353,386,342,398,327,407,311,412,292,413,274,415,255,415,236,286,222,295,211,309,206,323,205,336,210,360,206,373,201,387,200,400,205,408,216,351,226,352,237,353,248,354,260,340,275,347,276,354,278,360,276,366,274,303,234,311,230,321,228,330,233,321,236,311,237,369,231,378,226,387,226,394,230,388,234,378,233,326,306,334,297,344,293,353,296,361,293,369,297,377,305,370,314,362,319,353,320,344,319,335,314,330,305,345,301,353,302,361,301,372,305,361,307,353,308,344,307
clip_20250722_130327.avi,120,0,273,246,276,266,279,284,283,303,290,320,302,334,318,345,336,353,355,355,372,352,386,341,398,327,407,311,412,294,414,275,416,257,416,238,287,222,296,212,310,207,324,206,337,211,363,207,376,203,390,202,402,207,409,218,352,227,353,239,354,250,355,262,340,276,347,278,354,279,360,278,366,277,304,235,312,231,322,230,331,234,322,237,312,238,370,233,379,228,388,228,395,232,389,235,379,235,326,306,335,299,345,295,353,297,361,295,370,299,378,306,370,314,362,317,354,318,345,317,335,313,330,306,345,303,353,304,361,303,373,306,361,306,353,307,345,306
clip_20250722_130327.avi,150,0,262,248,265,267,269,286,273,305,281,322,292,337,306,349,323,358,341,361,359,356,374,345,386,331,394,315,399,296,401,277,403,257,404,237,272,227,281,217,294,211,308,210,320,214,345,209,358,203,373,203,386,207,394,218,335,228,335,239,336,250,336,262,324,278,331,280,337,281,344,279,350,277,290,240,298,237,307,235,315,237,307,241,298,242,354,233,363,230,372,230,379,232,372,236,363,235,313,311,322,306,331,302,337,304,344,301,353,304,364,308,355,315,346,318,339,320,332,319,323,317,317,311,331,310,338,310,345,309,359,308,345,309,338,311,332,310
clip_20250722_130340.avi,30,0,272,250,275,269,279,288,283,306,290,323,300,338,315,349,332,358,350,361,367,358,383,347,396,334,405,318,410,300,412,281,415,261,416,241,283,228,292,218,305,212,319,213,332,217,357,212,371,206,385,204,399,209,407,221,347,232,347,243,348,255,348,268,335,281,342,283,349,285,355,283,361,281,300,239,308,234,318,233,327,238,318,241,308,241,366,236,375,230,385,230,392,234,385,238,376,237,324,311,331,303,340,299,347,301,354,299,363,303,373,311,364,319,356,323,348,323,340,322,331,318,328,310,340,307,348,308,355,307,368,310,355,311,348,312,340,311
clip_20250722_130340.avi,60,0,273,253,276,271,279,289,282,307,290,323,302,337,317,349,334,358,352,361,369,358,384,346,396,333,405,317,410,299,412,281,413,263,414,244,287,231,296,221,309,215,323,215,335,220,359,215,372,209,385,208,398,213,405,224,349,234,350,245,351,257,352,268,338,282,345,284,352,285,358,284,363,282,303,243,311,239,320,238,329,241,320,244,312,245,368,239,376,235,385,235,392,238,385,240,377,240,325,311,334,304,343,300,351,302,359,300,367,304,376,311,368,320,360,324,352,325,343,324,334,319,329,311,344,308,352,308,359,308,371,311,359,313,351,313,343,312
clip_20250722_130340.avi,90,0,270,254,273,273,277,291,282,309,289,326,300,340,315,352,330,362,347,364,364,360,378,348,390,335,399,319,404,300,406,281,408,262,409,243,278,232,286,222,299,217,312,217,324,221,349,216,362,210,377,208,390,213,398,223,340,236,341,248,341,260,342,272,329,285,336,287,343,288,349,286,354,285,295,245,302,241,311,240,320,243,312,246,303,247,359,240,367,235,376,235,384,238,377,242,368,242,318,315,326,308,334,305,342,307,350,305,360,307,370,312,361,323,353,327,344,328,336,328,327,323,323,315,335,312,343,312,351,311,365,313,351,317,343,318,335,317
clip_20250722_130354.avi,30,0,278,252,280,271,283,290,286,309,294,326,306,341,321,352,339,361,357,364,374,360,388,349,400,335,409,319,414,301,416,283,418,264,418,246,292,231,301,221,313,216,327,216,339,220,364,216,377,211,390,210,403,216,409,227,354,235,355,247,356,258,356,270,343,284,349,285,356,287,362,285,367,284,308,244,316,242,325,241,333,242,325,245,316,245,371,241,379,239,387,239,394,241,387,243,379,243,329,313,338,305,348,301,356,304,363,301,372,305,380,312,372,320,364,323,356,324,347,324,338,320,333,312,348,309,356,310,363,309,375,312,363,313,355,314,348,314
clip_20250722_130354.avi,60,0,281,252,283,271,286,289,290,306,297,322,308,337,323,348,339,358,357,361,374,358,389,346,402,332,411,316,416,298,418,280,419,262,420,244,293,228,302,219,315,214,329,214,341,219,367,214,380,209,394,208,407,213,413,225,357,234,358,246,358,257,359,269,345,282,352,284,359,286,364,284,370,283,310,241,318,237,328,236,336,241,328,243,318,244,374,239,383,234,392,234,399,238,393,242,384,241,331,311,339,304,349,300,357,303,365,301,374,305,382,312,374,321,366,325,357,326,349,325,339,320,335,311,349,308,357,309,365,309,377,312,365,314,357,314,349,313
clip_20250722_130354.avi,90,0,282,255,284,274,287,293,291,311,298,327,309,341,324,353,340,363,359,365,376,362,390,351,403,338,411,322,417,305,418,287,421,269,421,250,294,231,304,221,317,217,331,218,343,222,368,219,381,214,395,213,407,218,414,228,358,237,358,249,359,260,359,272,345,285,352,287,359,289,364,287,370,286,310,243,319,239,328,238,337,243,328,246,318,246,375,242,384,237,394,237,401,242,394,245,385,245,330,314,340,307,349,303,357,306,365,304,375,308,383,314,375,324,366,327,358,328,349,327,339,323,335,314,350,311,358,312,366,311,379,315,366,317,357,318,349,317
clip_20250722_130354.avi,120,0,280,253,283,272,287,290,291,308,298,325,308,339,322,352,338,362,356,364,372,361,386,349,398,335,407,320,412,302,415,283,418,265,419,246,291,229,300,219,312,214,326,214,338,218,362,214,376,208,390,207,402,213,409,224,353,234,354,245,354,257,355,269,341,283,348,284,355,286,361,284,366,283,306,242,314,237,324,236,333,241,324,244,314,244,371,239,380,233,389,234,396,238,390,241,380,241,328,313,337,305,347,301,354,303,362,301,372,305,380,311,372,323,363,328,355,329,347,328,337,323,333,313,347,309,355,309,362,309,376,312,363,317,354,318,347,317
clip_20250722_130354.avi,150,0,274,252,277,271,280,288,284,306,290,322,301,337,315,349,331,358,349,360,367,357,382,346,395,333,404,318,408,300,409,282,412,264,413,245,284,233,292,223,305,218,318,218,330,222,355,218,368,211,383,210,396,216,403,227,345,237,345,248,346,260,346,272,335,285,341,287,347,288,353,286,358,285,300,246,308,242,317,241,326,245,317,248,308,249,364,242,373,238,381,238,388,240,382,244,373,244,322,313,331,308,340,305,347,307,354,304,363,307,373,311,364,318,356,322,348,323,341,322,332,320,326,313,340,312,348,313,355,311,369,312,355,312,348,313,340,313
clip_20250722_130438.avi,30,0,279,255,282,274,287,292,291,311,298,328,310,343,324,356,340,366,358,369,375,365,389,353,401,339,410,322,414,303,416,283,419,263,419,243,287,235,296,226,309,221,322,222,334,226,360,220,372,213,387,210,401,214,409,224,349,238,350,250,351,262,352,275,340,288,347,290,353,291,359,289,365,287,303,246,311,241,322,239,330,244,322,248,312,249,369,240,378,234,388,233,395,237,389,242,379,242,331,320,337,312,346,308,354,310,362,307,371,310,379,317,372,328,364,333,356,334,347,334,338,329,336,319,347,316,355,316,362,315,375,317,362,321,355,322,347,322
clip_20250722_130438.avi,60,0,283,254,286,273,291,292,295,310,303,327,314,342,328,354,345,363,363,365,380,360,394,348,406,334,414,318,419,300,420,281,421,262,422,244,292,231,300,221,313,216,327,216,339,220,365,214,378,208,392,206,405,210,412,221,355,235,356,246,357,258,358,270,345,284,352,285,358,287,364,285,370,283,308,243,317,237,327,236,335,242,327,245,317,246,374,239,383,232,392,231,399,236,393,240,384,240,333,315,341,308,351,303,358,305,365,302,375,306,383,312,376,322,367,328,360,329,352,328,342,324,338,315,351,312,359,313,366,311,379,313,366,316,359,317,351,316
clip_20250722_130438.avi,90,0,283,252,286,271,291,290,295,308,302,325,314,339,328,351,345,360,363,363,380,359,394,347,406,333,415,316,419,298,420,279,422,260,423,242,293,231,301,221,314,217,328,217,341,221,365,216,378,210,392,208,405,211,413,221,356,235,357,247,358,258,359,270,346,284,353,286,359,287,365,285,370,284,309,243,317,238,327,236,336,242,327,245,317,246,374,239,383,232,393,232,400,236,394,241,384,241,334,314,342,307,351,303,359,305,367,303,376,306,384,313,377,322,369,326,360,327,352,326,343,322,338,314,352,311,359,311,367,310,379,313,368,315,359,316,352,315
clip_20250722_130438.avi,120,0,283,253,286,271,290,289,294,308,301,325,313,339,327,351,343,360,361,363,378,359,392,347,405,333,413,317,418,299,419,280,422,261,423,242,293,231,302,221,315,216,328,216,340,221,365,216,378,209,392,207,405,210,413,221,355,235,356,247,357,258,358,270,345,285,351,286,358,287,364,286,369,284,309,242,317,237,327,236,336,242,327,245,317,245,374,239,383,232,392,232,400,236,393,241,383,241,334,315,341,308,350,304,357,306,364,304,374,307,383,313,375,321,367,325,359,326,351,325,343,322,338,315,351,313,358,313,365,312,378,313,366,314,358,315,351,314
clip_20250722_130438.avi,150,0,274,252,277,271,281,289,285,307,291,324,302,338,316,350,332,359,350,361,367,358,383,348,396,335,404,319,409,301,410,282,412,263,413,243,284,235,293,226,305,221,319,222,331,226,356,221,369,215,383,213,396,216,404,227,346,237,346,249,347,261,347,273,336,287,342,288,348,289,354,287,359,286,300,247,308,245,317,243,326,245,317,249,308,250,365,242,374,239,383,239,390,241,383,245,374,245,323,314,332,310,340,306,348,308,355,306,364,308,374,312,365,319,357,322,349,323,341,323,332,320,327,314,341,313,349,314,356,313,370,313,356,313,349,314,341,314
clip_20250722_130515.avi,30,0,283,250,285,269,288,288,292,307,299,324,311,338,327,350,344,359,363,362,380,359,395,349,407,336,416,320,421,303,424,285,426,267,427,248,300,224,310,215,324,210,338,210,351,215,376,212,390,207,404,207,417,212,423,225,366,232,366,243,367,255,368,266,353,281,360,283,366,284,372,283,377,282,316,238,324,233,335,232,344,238,334,240,324,241,382,238,392,232,402,232,409,238,402,241,392,240,335,310,345,303,356,299,364,301,371,299,380,304,389,312,380,321,371,324,363,324,355,323,345,318,340,310,356,307,364,308,371,308,384,312,371,313,363,313,355,312
clip_20250722_130515.avi,60,0,293,247,295,267,297,286,300,305,308,323,320,338,336,351,353,362,372,366,389,362,404,350,417,335,426,319,431,300,433,281,435,263,436,245,311,223,321,214,335,209,350,209,362,214,388,211,401,207,414,207,426,213,431,224,377,230,378,242,379,253,380,265,364,278,371,280,377,283,383,281,389,280,327,237,336,234,346,233,354,237,345,239,336,239,393,237,403,234,411,235,418,238,411,240,403,239,346,309,356,301,367,298,376,300,384,299,393,303,400,311,392,322,383,327,374,328,365,326,355,320,351,309,367,305,376,306,384,306,396,311,383,315,374,317,366,315
clip_20250722_130515.avi,90,0,287,250,289,269,292,288,295,307,302,324,314,339,329,352,346,362,364,365,381,361,396,349,408,335,417,319,422,301,425,282,427,264,428,245,299,227,308,216,321,211,335,211,347,217,374,212,387,207,401,206,414,211,420,223,363,232,364,244,365,255,366,268,351,282,358,284,365,286,371,284,376,283,315,240,323,236,333,236,341,240,333,243,323,243,381,238,389,234,399,234,406,238,399,242,390,241,336,313,346,306,356,303,364,305,372,303,381,307,391,312,381,322,373,327,364,328,356,327,346,322,341,313,356,311,364,312,372,311,386,312,372,316,364,317,356,316
clip_20250722_130515.avi,120,0,291,251,293,270,296,288,300,307,307,324,318,339,334,350,352,359,371,361,389,357,404,346,417,332,426,316,430,298,431,280,432,262,433,244,304,227,314,217,327,212,341,212,354,216,380,212,393,207,407,207,420,212,426,224,370,233,370,244,371,255,372,267,357,282,364,283,371,285,377,284,382,283,320,239,329,235,339,234,348,240,339,242,329,242,387,238,396,233,406,233,413,238,406,241,397,240,342,311,352,305,362,302,370,305,377,303,386,306,396,311,386,318,378,320,370,321,362,321,352,318,345,311,362,311,370,312,378,310,391,311,377,311,370,312,362,311
clip_20250722_130515.avi,150,0,285,251,287,270,291,289,294,307,302,323,313,337,328,348,344,358,362,361,379,358,395,346,408,332,419,316,424,298,426,279,427,260,427,242,297,223,304,212,316,207,329,208,341,212,371,209,384,204,398,203,411,206,418,217,360,232,361,244,361,255,362,266,349,282,356,283,362,285,368,284,373,282,313,240,320,236,330,235,340,240,330,243,320,243,378,238,387,233,397,233,405,237,398,241,387,241,334,311,343,304,353,301,361,303,368,301,377,304,385,311,377,319,369,322,361,323,352,322,343,318,339,311,353,308,361,309,369,308,380,311,368,311,360,312,353,311
clip_20250722_130515.avi,180,0,279,251,282,270,286,290,290,309,297,326,308,341,323,353,340,363,359,365,377,361,392,349,405,335,414,318,419,300,420,281,422,262,422,242,290,234,299,224,313,220,327,220,339,224,365,220,378,214,392,212,405,215,413,225,354,237,355,249,355,261,356,274,343,287,350,289,356,290,362,288,368,287,307,246,315,243,325,242,334,245,325,248,316,249,373,242,381,238,390,238,398,240,391,244,382,244,330,316,339,311,349,308,356,310,364,307,372,310,382,314,373,321,365,325,357,326,349,326,340,323,334,317,349,316,357,316,364,315,378,314,364,315,357,317,349,316
clip_20250722_130528.avi,30,0,289,258,292,278,296,298,300,317,308,335,320,349,335,362,351,372,369,374,386,371,400,358,412,344,421,327,426,309,428,290,430,272,431,252,302,237,312,228,326,223,341,224,354,228,380,225,393,221,406,219,419,223,426,234,369,243,370,256,370,268,371,281,357,293,363,295,370,297,376,295,382,294,320,248,328,244,338,243,347,249,338,251,328,251,386,248,395,242,405,242,412,246,406,250,396,250,342,324,351,317,361,314,369,316,376,314,385,317,393,323,385,333,378,338,369,339,361,338,351,333,346,324,361,322,369,323,377,322,388,324,377,326,369,327,361,326
clip_20250722_130528.avi,60,0,291,251,293,271,296,291,299,310,306,328,318,343,334,356,351,366,369,370,386,366,401,354,413,340,422,323,427,305,430,287,433,268,434,249,308,230,319,221,332,217,346,218,358,223,384,220,397,216,410,215,422,220,428,231,373,238,373,250,374,261,375,273,359,287,366,289,373,291,379,289,385,288,325,245,334,242,342,241,350,244,342,246,333,247,389,244,398,241,407,242,413,245,406,247,398,247,344,317,354,310,364,307,372,309,380,308,389,311,397,317,389,327,380,332,372,333,363,332,353,327,349,317,364,315,372,316,380,315,393,317,380,321,372,322,364,321
clip_20250722_130528.avi,90,0,288,256,291,276,294,294,298,313,306,330,318,344,333,355,350,364,369,366,385,362,399,351,411,337,419,321,423,303,425,285,427,267,428,248,300,231,310,221,324,216,339,217,352,221,376,218,390,213,404,212,417,217,424,229,366,236,367,248,368,260,369,272,355,286,362,288,368,290,374,288,380,287,317,243,326,239,336,238,345,243,336,245,326,246,384,242,393,237,403,237,410,242,403,245,393,244,340,317,350,311,360,307,367,310,375,307,383,311,391,316,383,323,376,326,368,327,360,326,350,323,344,317,360,315,368,316,375,315,387,316,375,315,367,316,360,315
clip_20250722_130528.avi,120,0,288,254,291,274,294,292,298,311,305,329,317,343,332,355,349,365,367,367,384,365,398,353,409,339,418,323,423,305,425,287,428,268,429,249,301,232,311,222,325,218,339,219,352,223,377,220,390,215,404,213,417,218,424,229,367,238,367,249,368,261,369,273,355,287,361,289,368,290,374,289,379,287,318,244,326,239,336,239,345,244,336,246,326,247,384,243,393,237,403,237,410,242,403,246,393,245,340,317,349,310,359,306,367,309,375,307,383,311,391,318,384,327,376,331,367,332,358,331,349,326,345,318,359,315,367,316,375,315,386,318,375,319,367,320,359,319
clip_20250722_130528.avi,150,0,281,252,283,271,287,289,291,308,298,325,309,339,323,351,340,362,358,365,375,361,390,350,403,335,412,319,418,300,420,281,421,262,421,243,292,231,301,221,314,216,328,217,340,221,364,216,378,210,391,208,404,213,412,224,355,235,356,247,357,258,357,270,344,284,351,286,358,287,364,286,369,284,308,243,316,239,325,238,334,242,326,245,316,246,373,240,382,234,391,234,399,238,392,242,382,242,331,315,339,307,349,303,357,305,365,303,374,307,382,314,374,321,365,326,357,327,349,326,339,322,335,315,350,312,357,312,365,312,377,314,364,315,356,316,349,315
clip_20250722_130540.avi,30,0,274,257,277,277,281,296,285,315,293,332,306,347,321,359,339,368,357,370,374,366,388,354,399,339,408,322,413,304,415,285,417,266,417,246,287,234,297,225,311,220,325,221,338,225,363,221,376,215,389,213,402,217,409,227,353,239,354,251,355,262,356,274,342,289,349,290,356,291,361,290,366,289,304,246,313,241,323,240,331,245,323,248,313,249,370,243,379,237,389,237,396,241,390,245,380,245,329,321,338,313,347,308,356,311,363,308,372,312,379,319,372,329,365,333,356,335,347,334,338,330,334,321,348,317,356,317,364,316,374,319,364,321,356,322,347,322
clip_20250722_130540.avi,60,0,280,255,283,274,287,292,291,309,299,326,310,339,325,349,342,357,360,359,376,354,390,344,402,331,410,315,415,298,417,280,418,262,419,243,291,231,299,220,312,213,326,212,338,217,363,211,376,206,390,205,403,210,410,222,353,231,354,241,355,252,356,263,343,278,350,280,356,281,362,279,368,278,307,241,315,237,324,235,333,239,325,241,316,242,372,236,381,231,389,232,396,235,390,238,381,237,333,310,340,301,348,296,356,298,364,296,372,300,380,308,373,316,366,320,357,322,349,321,340,317,337,309,349,304,357,305,364,303,375,307,364,308,357,310,349,309
clip_20250722_130540.avi,90,0,280,253,282,272,286,289,290,307,296,324,308,338,322,350,339,359,357,361,374,357,388,346,400,333,409,317,413,299,415,281,417,263,418,244,291,230,299,219,312,213,326,213,338,217,363,212,376,207,390,206,403,211,409,223,353,232,354,243,355,254,356,265,343,280,349,281,356,283,362,281,368,280,307,242,315,237,324,236,333,240,324,243,315,244,371,237,380,232,388,232,396,236,389,239,380,239,329,311,337,304,347,299,355,301,363,299,372,303,381,309,373,318,364,323,356,324,348,323,338,319,334,311,348,308,356,308,364,307,376,309,363,311,355,312,348,312
clip_20250722_130540.avi,120,0,274,255,277,273,280,290,284,308,290,324,301,338,315,349,331,359,348,361,364,358,379,348,392,335,400,320,406,302,408,284,410,264,411,245,282,231,289,220,300,214,313,213,325,217,351,212,364,206,379,205,393,209,400,221,342,234,342,245,343,256,343,269,332,283,338,284,344,285,350,284,356,282,298,244,305,240,314,239,323,242,314,245,305,246,362,239,370,235,379,235,386,237,379,241,370,241,321,313,328,307,336,303,343,305,351,303,359,306,369,311,361,318,353,321,345,322,338,322,329,319,325,313,337,311,344,312,351,310,365,311,351,311,344,312,337,312
clip_20250722_130552.avi,30,0,278,253,280,272,284,291,288,309,295,326,307,341,322,352,339,362,358,364,375,360,390,349,402,335,411,319,416,301,418,283,419,264,420,245,289,232,299,223,312,218,326,218,339,223,364,218,376,213,390,212,403,216,410,225,353,236,354,248,355,259,355,272,342,285,349,286,356,288,362,286,367,285,306,244,314,240,324,239,332,243,324,245,315,246,372,240,380,237,389,237,396,240,390,242,381,242,329,313,337,306,347,302,355,305,363,302,372,306,380,312,372,321,364,325,356,326,347,325,338,321,334,313,347,310,355,311,363,310,375,312,363,315,355,316,347,315
clip_20250722_130552.avi,60,0,281,253,283,272,286,290,290,308,297,325,308,339,323,351,340,360,359,362,376,359,391,348,403,334,412,318,416,301,418,283,420,265,420,247,294,231,303,221,316,215,330,216,343,221,367,216,380,211,394,209,407,214,414,225,358,235,359,246,359,257,360,269,346,283,353,285,360,287,365,285,371,284,310,242,318,238,328,237,337,242,328,244,319,245,375,240,384,235,393,235,400,239,394,242,384,242,332,313,341,305,351,301,359,304,367,302,376,306,383,313,376,322,367,326,359,327,350,326,340,321,336,312,351,309,359,310,367,309,379,313,367,315,359,316,351,315
clip_20250722_130552.avi,90,0,280,253,282,272,285,290,289,308,297,325,308,339,323,351,339,361,357,364,374,360,388,348,401,334,410,319,416,301,418,283,420,264,420,246,291,229,301,220,313,215,327,215,339,219,366,215,379,210,392,209,405,214,411,225,355,236,356,247,356,258,357,270,343,284,350,286,357,287,363,286,368,284,308,242,316,238,326,237,335,242,326,245,316,245,373,240,382,235,391,235,398,239,392,243,382,243,330,313,339,308,349,304,356,306,363,304,372,308,380,313,373,323,364,327,357,328,349,327,339,322,334,314,349,312,356,313,363,312,376,314,363,315,356,316,349,315
clip_20250722_130552.avi,120,0,284,255,287,274,291,293,295,311,304,326,316,340,330,350,347,358,365,361,381,357,394,347,405,334,413,318,418,301,420,283,422,264,422,246,297,229,306,219,319,213,333,213,346,217,371,212,384,207,398,207,410,212,416,224,362,233,363,244,364,254,365,266,351,281,358,282,365,284,371,283,376,281,313,241,322,236,332,235,341,240,332,243,322,243,379,238,388,233,397,233,404,238,398,241,388,240,337,312,345,303,355,299,364,301,371,299,380,303,388,311,380,319,372,323,364,323,355,323,346,318,342,311,356,306,364,307,371,306,384,310,371,312,364,313,355,312
clip_20250722_130552.avi,150,0,277,256,280,274,283,291,287,309,294,326,305,340,320,351,336,360,354,362,371,359,386,348,399,336,408,320,412,302,413,284,415,265,416,247,288,235,296,225,308,219,321,219,333,223,358,218,371,212,385,210,398,216,405,227,348,237,349,249,350,260,351,272,339,285,345,287,352,288,357,286,363,285,304,246,311,242,320,241,329,245,320,247,311,248,367,241,375,237,384,237,391,240,384,243,375,243,327,314,335,308,344,305,352,307,359,304,367,307,377,311,368,318,360,322,353,323,345,322,336,320,331,314,344,312,352,313,359,312,373,312,359,312,352,313,345,313
clip_20250722_130611.avi,30,0,279,258,282,279,285,298,289,317,297,335,309,350,325,363,342,372,360,375,377,371,391,359,403,344,412,328,418,310,420,291,422,272,423,253,292,238,302,228,317,223,331,225,344,229,369,225,383,220,397,219,410,224,417,235,359,244,359,257,360,269,361,282,346,295,353,297,360,299,366,297,372,296,309,249,318,245,328,245,336,250,328,252,318,253,376,249,386,243,395,243,402,247,396,251,386,251,331,325,341,320,351,317,358,320,366,317,374,320,382,324,375,332,367,336,359,337,351,336,341,332,335,325,351,325,358,326,366,324,378,325,366,325,358,326,351,326
clip_20250722_130611.avi,60,0,289,256,290,276,293,296,297,315,304,333,316,349,331,362,348,374,367,377,383,373,397,360,409,345,418,328,423,310,426,291,430,273,431,254,305,236,316,228,331,225,345,226,358,232,383,229,396,225,408,224,421,227,427,237,372,246,373,259,373,272,374,285,357,296,364,299,372,301,378,299,384,297,321,249,330,245,340,245,349,251,340,253,330,253,388,251,397,246,407,246,414,250,407,254,398,254,340,324,351,320,362,317,370,320,378,318,386,321,394,325,386,336,378,341,369,342,361,341,350,335,345,325,362,325,370,326,378,325,390,326,378,330,369,331,361,330
clip_20250722_130611.avi,90,0,281,257,283,277,286,297,289,316,296,334,307,350,322,363,338,373,356,377,373,373,388,361,402,347,412,331,419,313,421,294,424,275,425,255,294,239,304,230,318,227,332,229,344,234,370,231,384,226,397,225,410,229,417,239,359,249,359,262,359,275,359,288,344,299,351,301,358,303,365,302,371,300,310,253,319,250,329,250,337,254,328,256,319,256,377,253,386,250,395,250,402,253,395,256,386,256,329,325,339,321,349,319,357,322,365,320,374,322,383,327,374,337,365,341,357,342,349,340,339,335,334,326,349,326,357,328,365,327,378,327,365,330,357,330,349,329
clip_20250722_130625.avi,30,0,282,263,285,284,288,303,292,322,300,340,312,355,327,368,343,379,361,382,377,378,392,365,404,350,414,333,420,315,423,295,425,276,426,257,295,241,305,233,319,230,332,231,345,237,373,233,385,227,398,225,411,228,419,237,361,252,362,265,362,278,362,291,348,303,355,305,362,307,368,305,374,303,312,256,320,252,331,251,339,257,330,260,320,260,379,256,388,250,398,250,405,254,398,259,389,258,333,331,343,326,352,323,361,325,368,323,377,326,387,331,378,341,369,346,361,347,352,346,343,341,338,331,353,331,361,332,369,331,382,332,368,335,360,335,352,334
clip_20250722_130625.avi,60,0,287,261,290,281,293,300,297,319,304,337,316,351,332,363,348,373,366,376,383,372,397,360,409,346,418,330,423,312,425,293,428,274,429,256,300,240,311,231,325,227,339,228,353,233,379,230,392,225,406,224,418,228,424,238,368,247,369,260,370,272,370,285,355,298,362,300,369,301,375,300,380,298,317,252,326,248,336,247,345,253,336,255,326,256,385,252,394,246,404,246,411,251,404,255,394,254,339,325,348,320,359,317,367,320,375,318,384,321,393,325,385,336,376,341,367,342,358,340,348,335,344,325,359,324,367,326,375,325,388,326,375,329,367,330,359,328
clip_20250722_130625.avi,90,0,287,258,289,279,293,298,297,317,304,335,315,350,330,363,347,373,365,376,381,372,396,360,408,346,417,330,423,313,426,294,429,275,430,256,301,238,312,229,326,226,341,227,354,233,380,229,393,225,407,223,420,227,426,239,368,247,369,260,369,272,369,285,354,298,361,300,368,302,374,300,380,299,318,251,327,247,337,246,346,252,337,254,327,255,385,252,394,246,404,247,411,251,404,255,394,254,338,326,348,321,359,318,367,321,374,319,382,322,391,328,382,336,374,340,366,341,358,339,348,335,343,327,359,327,367,328,374,327,386,328,374,328,366,329,358,327
clip_20250722_130625.avi,120,0,289,256,291,276,293,295,296,314,303,332,315,348,330,361,346,371,365,374,382,371,396,358,408,344,417,328,422,310,425,293,429,274,430,256,304,235,315,227,329,223,343,224,356,229,383,227,396,223,409,222,421,227,427,238,370,245,371,258,371,270,371,283,356,295,363,297,370,299,376,298,381,296,320,249,329,244,340,244,348,250,339,252,329,252,387,250,396,245,406,245,412,250,406,254,396,253,339,323,349,319,360,315,368,318,375,316,384,319,391,324,383,333,375,337,367,338,359,337,348,333,343,324,360,324,368,325,375,324,387,325,375,326,367,327,359,326
clip_20250722_130625.avi,150,0,285,259,287,278,290,297,293,315,301,332,313,346,327,358,343,369,360,372,377,369,391,356,403,342,413,327,419,310,422,291,424,272,425,253,298,234,307,225,321,220,334,221,346,226,374,223,386,218,399,216,412,221,418,232,362,243,363,256,364,267,365,280,350,293,357,294,363,296,369,295,375,293,314,249,322,244,332,244,341,249,332,252,322,252,380,248,388,243,398,243,405,247,398,251,389,251,334,321,343,315,353,311,362,314,370,312,379,316,388,322,379,333,370,337,362,338,353,336,343,331,339,321,354,320,362,320,370,320,383,322,370,325,362,325,353,324
clip_20250722_130625.avi,180,0,282,258,284,278,287,296,291,315,299,332,310,347,325,359,342,369,359,371,376,367,390,355,402,340,411,324,417,306,419,288,421,270,422,251,295,238,305,229,318,225,332,226,344,230,369,226,382,221,395,219,407,223,414,233,358,244,359,255,360,267,361,279,346,292,353,294,360,296,366,294,371,292,311,251,320,248,329,247,337,250,329,253,320,254,376,248,385,245,393,245,400,248,394,251,385,251,332,321,341,315,351,312,358,314,366,312,375,315,383,321,375,331,367,335,359,336,351,336,341,331,337,322,351,320,359,320,367,319,378,321,367,324,359,325,351,324
clip_20250722_130712.avi,30,0,278,260,282,281,287,301,292,320,300,337,312,352,327,363,344,373,362,375,379,371,394,358,406,343,414,326,419,307,421,287,423,268,424,248,290,240,300,231,314,226,328,226,342,230,368,226,381,221,395,218,408,221,416,230,357,244,358,256,359,269,360,282,347,295,354,297,361,298,367,296,372,294,307,250,316,245,327,243,336,249,327,252,316,253,376,246,385,239,395,238,403,243,396,248,386,248,336,327,344,319,353,315,361,317,368,314,376,317,383,323,377,332,370,336,362,338,354,337,345,334,341,326,353,324,361,324,369,322,378,323,369,324,361,326,354,325
clip_20250722_130712.avi,60,0,288,253,290,273,294,292,298,310,305,328,317,342,332,354,348,364,366,366,383,363,397,352,409,337,417,321,422,303,424,285,426,266,426,248,301,233,311,224,325,220,339,220,352,224,377,221,389,217,402,215,414,219,421,229,366,238,367,250,368,261,369,273,355,285,362,287,368,288,374,287,379,285,318,245,326,241,336,240,345,244,336,247,326,247,383,243,391,238,401,238,408,242,401,245,392,245,340,314,349,307,359,303,367,306,375,303,383,307,392,314,384,326,376,330,367,331,359,329,349,324,345,315,359,311,367,311,375,311,387,315,375,318,367,319,359,318
clip_20250722_130712.avi,90,0,279,257,282,276,286,294,290,313,298,330,309,345,323,357,340,367,358,369,375,365,389,353,401,339,410,322,415,304,417,285,418,267,419,247,290,237,299,227,313,223,327,223,339,227,362,223,375,217,389,215,402,218,410,228,353,240,353,252,354,263,354,275,342,289,348,290,355,291,361,290,367,288,306,249,314,246,324,244,333,248,324,251,315,252,372,245,380,241,389,241,396,243,390,247,381,247,330,320,337,312,347,308,355,310,362,307,371,311,380,318,373,328,364,333,356,334,348,333,338,329,334,320,347,316,355,316,363,315,375,318,363,321,355,322,348,322
clip_20250722_130735.avi,30,0,290,258,292,278,296,298,299,317,306,335,317,351,332,365,348,376,366,379,383,376,398,364,411,349,421,332,427,314,430,295,433,275,434,255,302,238,312,229,327,225,341,227,355,231,381,229,394,224,408,223,421,227,428,238,369,247,369,259,369,271,369,284,355,297,362,299,369,301,375,299,381,297,319,250,328,246,338,246,347,251,338,254,327,254,387,251,396,245,406,245,414,250,407,254,397,253,340,326,349,320,359,316,367,319,375,316,384,320,392,327,384,336,376,340,367,341,358,340,349,335,344,326,359,324,367,325,375,324,387,327,375,329,367,330,359,329
clip_20250722_130735.avi,60,0,291,258,294,278,297,298,301,316,309,334,321,349,336,361,353,372,371,374,388,371,402,359,414,345,424,328,430,310,432,291,435,272,436,252,305,239,316,230,330,226,344,227,358,231,383,229,396,224,409,222,423,225,430,236,372,245,373,258,373,271,374,285,359,295,366,297,373,300,379,298,385,296,322,251,331,246,341,246,350,251,341,253,331,254,390,250,398,244,408,244,415,248,408,252,399,252,343,324,353,318,363,315,371,318,380,316,389,319,397,324,389,335,381,339,371,340,362,339,352,334,348,324,363,321,371,322,380,321,392,325,380,328,371,329,363,328
clip_20250722_130754.avi,30,0,291,259,292,280,295,300,299,320,306,338,317,354,331,368,348,379,366,382,384,379,398,367,411,353,422,336,428,318,431,299,435,279,436,259,304,241,315,232,330,229,344,230,357,235,385,233,398,228,412,227,425,230,432,241,372,251,373,264,373,277,374,291,358,303,365,305,372,307,379,305,385,303,321,254,330,249,341,249,350,255,340,258,330,258,390,255,400,249,410,249,417,254,410,258,400,258,340,331,351,326,362,323,370,325,378,323,387,326,395,331,387,340,378,344,370,345,361,344,351,340,345,332,362,331,370,332,378,331,390,332,378,333,370,334,362,333
clip_20250722_130754.avi,60,0,286,259,288,280,292,300,296,319,303,337,315,353,330,366,346,376,364,379,381,375,396,363,409,348,418,331,424,313,427,295,429,275,430,256,299,240,309,231,323,228,337,229,350,233,377,231,390,226,403,224,416,228,423,238,365,249,366,262,366,274,367,288,352,300,359,302,366,304,372,302,378,300,316,254,324,249,334,249,343,254,334,257,324,258,383,254,391,247,401,247,409,252,402,256,392,256,337,329,346,323,356,319,365,322,372,320,381,323,390,329,382,340,373,344,365,345,356,344,346,339,342,330,356,328,365,328,372,328,385,330,372,332,364,333,356,332
clip_20250722_130754.avi,90,0,278,262,281,281,284,301,288,320,296,337,309,352,324,365,340,376,359,378,376,374,390,362,402,347,412,330,417,311,419,292,421,273,422,254,293,242,303,233,316,228,330,228,343,232,369,229,382,223,396,222,408,226,415,237,358,248,359,260,360,272,361,284,346,298,353,299,360,301,367,299,372,297,310,255,318,252,328,251,337,255,328,258,318,259,376,252,385,249,394,249,401,251,395,255,386,255,332,327,341,322,351,319,359,321,366,318,375,321,384,325,376,333,368,337,360,339,352,338,342,335,336,328,352,327,359,328,367,326,379,326,367,327,359,328,352,328
clip_20250722_130809.avi,30,0,279,265,282,284,285,303,289,322,297,340,309,355,324,369,340,380,358,383,375,379,390,366,403,350,413,333,419,315,421,295,423,275,423,256,291,246,300,237,314,232,328,233,341,237,367,234,380,228,394,225,407,229,415,239,356,253,357,265,358,278,358,291,344,303,351,305,358,307,364,305,370,303,308,258,316,253,326,252,335,258,326,260,316,261,375,255,383,248,393,248,401,252,394,257,384,257,332,334,340,327,350,323,357,326,364,323,373,326,381,332,374,343,366,348,358,349,350,348,340,343,336,334,350,332,357,332,365,331,377,333,365,336,357,337,350,336
clip_20250722_130809.avi,60,0,274,260,277,280,281,299,286,317,293,335,305,350,319,363,336,374,354,376,371,371,386,358,399,343,408,326,412,308,414,289,416,269,417,250,284,243,293,233,306,229,320,229,333,233,359,228,372,222,386,219,400,223,408,233,348,247,348,259,349,271,350,283,337,297,344,298,351,299,357,298,363,296,301,256,309,252,319,251,328,254,319,258,309,259,367,251,376,246,385,246,393,248,386,253,377,253,325,326,333,321,342,317,350,319,358,316,367,319,378,323,369,333,360,338,352,340,344,339,334,335,330,327,343,324,351,325,359,323,373,324,359,327,351,329,343,328
clip_20250722_130838.avi,30,0,281,259,283,279,286,298,290,317,299,334,311,350,326,363,343,373,362,375,379,371,394,358,406,343,415,326,420,308,422,289,423,270,423,250,294,241,304,231,317,227,331,227,344,232,370,227,383,222,396,220,409,225,415,235,359,246,360,259,361,271,362,284,348,296,354,298,361,300,368,297,373,295,312,254,320,252,328,251,337,252,329,255,320,256,377,250,386,248,394,249,401,250,394,253,386,252,334,325,344,320,353,317,361,319,368,316,377,319,385,323,377,331,370,335,362,336,354,336,344,332,339,325,353,325,361,325,369,324,381,324,369,324,361,326,353,325
clip_20250722_130838.avi,60,0,272,262,275,281,279,300,284,319,292,336,305,350,321,362,337,372,355,374,372,370,386,358,398,343,407,326,412,307,414,288,415,269,415,250,285,242,294,232,308,227,322,227,335,231,360,226,373,221,387,218,400,222,407,233,350,245,352,257,353,269,354,282,340,295,347,296,354,298,360,296,366,294,302,253,311,249,320,248,329,252,321,255,311,256,369,249,377,243,386,243,393,247,387,251,378,251,325,323,335,318,345,315,353,317,361,315,370,317,380,321,371,333,362,338,354,339,345,338,335,334,329,324,345,320,353,321,361,320,375,322,361,328,353,329,345,328
clip_20250722_130838.avi,90,0,264,262,267,281,271,299,275,317,283,334,295,349,309,361,326,371,344,374,360,370,374,358,386,344,395,328,400,309,401,291,404,272,405,252,277,242,286,233,299,228,312,229,324,233,349,228,362,221,376,219,389,224,396,234,340,247,341,259,341,271,342,283,329,296,336,298,342,299,348,297,354,296,293,255,301,252,311,251,319,254,311,258,302,259,358,251,367,247,376,247,383,249,376,253,368,253,317,326,326,321,335,317,341,319,348,317,356,320,365,324,357,332,350,336,343,337,336,337,327,334,322,326,335,325,342,326,349,324,360,324,349,325,342,327,336,326
clip_20250722_131016.avi,30,0,292,253,294,274,297,295,302,316,309,336,320,353,335,367,352,379,371,382,389,379,404,365,417,349,427,332,434,312,438,293,442,272,444,251,304,234,315,226,330,223,345,225,359,231,388,229,401,223,416,221,430,223,438,233,375,246,375,260,375,274,376,289,360,299,367,302,374,304,381,302,388,300,321,248,331,243,342,243,351,250,341,253,330,253,394,250,403,242,414,242,422,247,415,252,404,252,344,329,355,323,365,320,373,323,380,321,389,324,398,330,389,340,380,345,372,346,364,344,354,339,349,329,365,328,373,329,380,328,393,330,380,333,372,334,364,333
clip_20250722_131016.avi,60,0,282,256,284,276,288,296,292,316,300,335,312,351,326,365,342,377,360,380,377,377,391,363,403,348,412,330,418,311,422,292,426,272,427,251,294,236,304,226,319,222,334,224,347,229,374,225,387,219,401,217,414,221,422,231,362,245,363,258,364,270,365,284,350,296,357,298,364,300,370,298,376,296,311,249,320,244,331,244,340,250,331,253,320,253,381,249,389,243,400,242,407,247,401,252,390,252,334,327,344,321,354,317,362,320,370,317,379,321,387,326,379,337,371,342,362,344,353,343,343,337,339,327,354,326,362,327,370,326,382,327,370,330,362,331,354,331
clip_20250722_131016.avi,90,0,277,256,280,277,284,297,288,316,296,335,307,351,322,365,338,377,357,380,375,376,390,363,402,347,412,330,418,311,421,292,424,272,426,252,290,236,300,228,315,224,329,226,343,231,370,227,384,221,398,219,412,223,419,232,358,246,359,260,359,273,360,287,345,299,352,301,359,303,366,301,372,299,307,250,316,245,327,245,336,251,326,254,315,254,377,250,386,243,397,243,405,247,398,252,387,252,330,328,340,323,350,320,358,323,366,320,375,323,384,328,376,339,367,344,358,345,350,344,340,339,334,329,350,328,358,328,366,327,380,328,366,332,358,333,350,332
clip_20250722_131059.avi,30,0,274,251,276,272,279,293,283,313,290,332,301,349,315,364,331,376,350,379,368,376,383,363,396,348,406,330,413,311,417,291,422,271,424,250,284,235,295,226,310,222,325,224,338,230,366,227,380,221,394,219,409,223,417,234,353,246,353,259,353,273,352,287,338,299,345,301,352,303,359,301,365,299,302,248,311,243,322,243,331,250,321,252,310,252,372,249,382,242,392,242,401,247,393,251,383,251,323,327,333,322,343,319,351,321,358,319,368,322,377,328,368,338,359,342,351,344,342,343,332,338,328,328,343,328,351,328,359,327,372,328,359,330,351,331,343,330
clip_20250722_131059.avi,60,0,271,252,273,272,276,292,280,311,287,329,299,345,313,359,329,370,346,373,363,370,378,358,391,344,402,328,408,310,412,291,416,270,417,249,281,232,290,223,304,219,319,220,332,225,358,221,372,215,387,213,401,217,409,229,346,241,347,254,347,267,347,281,333,292,340,294,347,297,353,295,360,293,297,246,305,241,317,240,325,246,316,250,305,250,366,245,375,239,386,239,394,243,387,248,376,248,318,321,327,316,338,313,345,315,354,313,364,316,374,321,364,333,355,338,346,339,338,338,327,332,322,322,338,320,346,321,354,320,368,322,354,326,345,327,338,326
clip_20250722_131059.avi,90,0,266,253,269,272,273,292,277,312,284,330,296,345,310,358,326,369,344,371,362,367,377,355,390,340,400,323,405,304,407,284,410,265,411,244,274,233,284,224,297,220,311,221,324,226,351,221,364,215,378,213,392,217,401,227,339,240,339,253,340,266,340,279,327,291,334,293,341,295,347,293,354,291,291,246,299,241,309,241,318,246,309,249,299,250,359,244,368,237,378,237,386,241,379,246,369,246,314,321,324,316,334,313,341,315,349,313,359,315,369,317,360,328,351,334,342,335,334,334,324,330,318,322,334,322,341,322,349,321,365,319,349,322,341,324,334,323
clip_20250722_131059.avi,120,0,259,250,262,269,265,288,268,307,274,325,285,340,300,352,316,362,335,365,352,362,369,351,382,338,391,321,396,303,398,283,401,264,403,244,269,232,277,222,291,218,305,219,317,224,343,220,356,214,371,211,385,215,393,226,332,238,332,251,332,263,332,276,320,288,326,290,333,291,339,290,346,288,285,246,293,243,302,242,312,245,303,248,293,249,352,243,361,239,370,239,378,241,371,245,362,245,306,317,316,312,325,309,333,311,341,308,349,311,360,315,350,323,342,326,334,327,325,327,316,324,311,317,325,316,333,317,341,315,356,316,341,316,333,318,325,317
clip_20250722_131533.avi,30,0,245,249,246,269,248,288,251,307,257,325,267,342,282,354,299,364,318,367,338,366,355,358,371,346,381,331,387,312,391,294,394,275,397,255,257,235,268,226,282,225,296,227,310,231,332,233,347,230,361,229,375,232,384,241,321,243,321,254,321,265,320,276,305,288,312,290,319,292,326,292,333,291,273,245,281,242,290,243,299,248,290,249,280,249,342,250,351,246,360,247,369,251,360,253,351,252,290,314,301,311,311,309,318,312,326,310,335,314,346,318,335,323,325,324,317,323,309,322,300,320,294,315,310,315,318,316,325,316,343,318,325,316,317,317,310,315
clip_20250722_131533.avi,60,0,241,251,240,269,241,288,243,307,247,326,256,342,269,356,286,367,304,371,323,369,343,360,360,348,372,332,379,313,384,293,387,274,389,254,249,236,257,228,270,227,282,229,294,233,318,234,333,230,348,230,361,233,372,241,306,244,305,256,304,267,303,279,290,289,296,292,303,295,311,294,319,292,261,247,269,244,278,244,286,249,278,250,269,250,330,251,339,247,347,248,356,251,348,253,339,253,276,316,286,311,296,309,303,311,312,310,322,314,334,318,320,325,310,328,301,328,293,327,284,324,280,316,295,315,303,316,311,316,329,318,310,320,301,320,294,319
clip_20250722_131533.avi,90,0,241,252,241,271,242,289,244,308,247,327,255,344,267,357,282,369,300,374,319,373,339,364,356,352,370,337,378,318,382,299,386,280,390,260,248,239,257,231,269,230,282,232,294,236,316,238,331,234,347,234,361,237,372,246,304,248,303,260,302,271,300,283,288,294,294,296,301,299,308,298,316,296,261,250,269,248,277,248,285,252,277,254,268,253,328,254,337,251,346,253,354,256,346,258,337,257,275,321,284,316,294,314,301,316,308,315,319,319,330,324,317,331,307,333,298,333,291,332,283,328,279,321,293,320,300,322,308,322,325,324,307,324,299,324,292,323
clip_20250722_131551.avi,30,0,258,243,260,264,263,285,266,306,272,327,283,345,299,359,318,371,339,375,359,372,377,361,393,347,403,330,409,309,413,289,417,269,420,249,273,226,285,217,300,216,315,218,330,224,355,226,370,222,386,222,400,226,410,235,342,237,342,249,342,261,341,274,325,286,332,288,340,291,347,289,355,288,290,239,299,235,309,236,318,241,308,243,298,242,365,244,374,240,384,241,392,246,384,248,374,247,309,316,320,311,332,308,339,310,347,309,356,313,367,320,356,327,346,330,338,331,330,330,320,325,313,317,331,316,339,317,347,317,362,320,346,320,338,321,331,319
clip_20250722_131551.avi,60,0,247,243,247,263,249,284,252,305,257,325,267,344,282,358,300,370,321,374,342,372,361,361,378,347,390,330,396,310,399,290,403,270,406,250,258,228,268,219,283,217,297,219,311,224,337,226,352,223,368,223,382,225,393,234,324,237,323,250,323,262,322,275,306,287,314,289,322,292,330,291,338,288,273,241,282,237,292,238,301,242,291,244,282,244,347,245,357,242,367,243,375,246,366,248,357,247,290,315,302,311,313,308,321,311,330,309,340,312,352,317,339,326,329,329,320,330,311,329,300,324,295,316,313,315,321,316,330,315,346,318,329,320,320,320,312,319
clip_20250722_131551.avi,90,0,243,244,245,265,248,286,250,307,256,328,267,346,283,361,301,373,321,377,341,374,360,362,376,348,388,330,394,310,398,289,401,269,404,248,257,232,268,224,283,222,298,224,312,230,337,231,352,227,368,227,382,230,391,239,325,243,324,255,324,267,324,281,308,292,315,295,323,297,330,296,338,294,275,246,284,244,293,244,302,248,293,250,283,250,347,250,356,248,365,249,373,252,365,254,356,253,292,319,304,315,314,313,322,316,330,314,339,317,350,322,338,329,328,332,320,332,312,331,302,328,296,320,314,320,322,321,330,321,344,322,328,322,320,323,313,322
clip_20250722_131602.avi,30,0,272,249,274,271,276,291,280,313,288,333,301,350,319,364,339,375,359,378,377,375,393,364,407,350,416,333,421,314,424,295,427,276,430,256,294,235,307,227,323,226,338,229,353,234,376,236,390,232,404,232,417,235,425,244,365,247,365,259,365,271,366,283,348,294,356,297,363,299,370,298,377,296,313,249,322,248,331,248,339,251,330,253,321,252,383,254,392,253,401,254,408,256,400,258,392,257,330,321,342,318,354,315,362,318,369,317,378,320,387,325,377,333,368,337,360,337,352,336,341,331,335,322,353,323,361,324,368,324,382,325,368,327,361,327,353,326
clip_20250722_131602.avi,60,0,268,246,269,266,271,287,274,308,280,328,291,345,307,360,326,371,346,375,365,373,383,363,398,349,408,332,414,313,418,294,422,274,425,255,286,233,297,225,312,223,327,226,341,231,365,233,379,229,394,229,407,232,415,242,353,243,353,256,353,268,353,281,336,291,343,294,351,296,358,295,365,293,302,245,311,242,321,243,329,248,320,248,310,248,373,250,383,247,391,248,399,251,391,254,382,253,318,319,330,315,342,313,350,315,357,314,367,317,376,322,365,328,356,331,348,332,339,331,329,327,323,320,341,320,349,321,357,321,372,323,356,322,348,323,340,321
clip_20250722_131602.avi,90,0,266,246,267,268,270,289,274,311,282,331,295,348,313,362,333,372,353,376,371,373,386,362,399,348,409,331,415,312,418,294,422,275,425,257,290,230,304,224,320,223,335,226,350,231,375,233,388,230,402,231,414,233,421,242,363,245,363,256,363,268,364,281,344,291,352,294,360,297,367,296,374,294,308,244,318,241,328,242,336,247,327,248,317,248,380,251,390,248,399,249,406,253,398,255,389,254,325,318,338,314,351,311,358,314,365,313,374,317,382,322,372,330,364,333,356,334,348,332,337,327,330,319,350,319,358,320,365,320,377,322,364,323,357,323,349,322
clip_20250722_131602.avi,120,0,264,246,264,267,266,287,269,308,274,328,285,345,301,358,320,368,341,372,361,371,379,363,394,350,405,334,411,315,414,295,418,276,421,256,280,233,292,224,308,222,324,225,338,230,361,233,376,229,391,230,405,234,414,244,349,243,349,255,349,268,348,281,331,292,338,294,346,297,353,296,361,294,297,243,307,240,317,241,325,247,316,248,306,247,369,250,379,246,389,247,397,252,388,254,379,253,311,316,325,314,337,313,345,316,352,315,363,317,374,320,361,326,350,328,342,328,334,327,323,323,315,317,336,318,344,320,352,320,370,321,351,320,343,321,335,319
clip_20250722_131622.avi,30,0,255,252,256,270,258,290,261,309,266,327,276,344,290,357,308,367,328,371,348,368,367,359,383,348,394,332,399,314,402,295,406,276,408,257,266,231,276,222,290,220,304,222,318,227,339,228,355,224,370,225,384,228,394,237,329,240,328,250,328,261,327,273,313,285,320,287,327,289,334,288,341,288,280,243,289,239,298,239,307,245,298,246,288,246,351,247,360,242,369,243,378,248,370,250,360,249,299,315,308,308,318,304,325,307,334,306,344,311,354,318,343,325,333,327,324,327,316,326,308,322,303,315,318,312,325,313,333,313,349,318,333,319,325,319,317,317
clip_20250722_131622.avi,60,0,251,249,251,267,253,285,255,304,258,323,266,340,280,353,297,363,317,367,338,366,359,357,376,346,388,330,394,311,397,292,400,273,403,253,257,231,266,222,279,220,293,221,306,225,329,227,344,223,360,223,375,226,386,236,317,238,317,249,316,260,315,272,302,284,309,286,315,288,323,288,330,287,272,242,280,238,289,239,297,243,288,245,279,245,342,245,351,241,360,242,369,246,360,248,351,247,287,313,297,307,307,304,315,307,322,305,333,310,345,316,332,322,322,324,313,324,305,323,296,320,292,314,307,311,315,312,322,312,340,316,322,315,314,316,306,314
clip_20250722_131622.avi,90,0,254,247,255,267,257,287,259,307,264,326,275,343,291,356,309,367,329,371,348,368,367,358,382,346,393,329,399,310,402,291,405,272,407,252,267,231,278,223,292,221,305,223,319,228,343,229,357,226,372,227,385,229,395,238,331,241,330,252,330,263,330,275,315,287,322,289,329,291,336,291,343,289,283,243,292,240,301,240,309,245,300,246,291,246,352,248,361,244,371,245,379,249,370,251,361,250,299,315,310,310,321,308,329,310,336,309,346,313,357,318,345,325,335,328,327,328,319,327,309,323,303,316,320,315,328,316,336,316,352,318,335,319,328,319,320,318
clip_20250722_131646.avi,30,0,258,251,259,271,261,292,264,312,269,331,279,349,294,363,312,374,331,378,350,376,368,366,385,353,396,336,403,316,406,297,410,277,412,257,272,237,283,230,297,229,311,231,324,236,346,237,361,233,376,233,390,236,400,245,335,248,335,259,334,271,334,283,319,294,326,297,333,299,340,298,347,296,287,249,296,246,305,246,314,252,304,253,295,253,356,254,365,249,375,251,383,255,375,257,365,256,304,323,314,317,325,314,332,317,340,315,349,319,359,326,349,334,339,337,331,338,323,336,314,332,309,323,324,321,332,322,339,322,354,325,339,327,331,328,324,326
clip_20250722_131646.avi,60,0,254,250,256,270,258,289,262,309,268,327,279,344,294,356,313,365,333,369,351,367,368,358,382,345,393,330,398,311,401,293,404,274,407,255,272,233,284,224,298,222,313,223,327,228,350,229,363,226,378,226,390,230,398,239,338,241,338,252,339,263,339,275,322,286,330,289,337,291,344,289,351,288,289,244,298,240,307,240,315,245,307,247,297,246,357,247,366,243,375,244,383,249,375,251,366,250,306,314,318,308,329,305,336,307,343,306,352,310,360,317,351,324,342,326,334,327,326,325,317,322,311,315,328,312,336,313,343,313,356,317,342,318,335,318,327,316
clip_20250722_131738.avi,30,0,260,247,262,266,264,284,268,302,274,319,285,332,301,341,318,349,337,352,355,350,371,343,385,333,394,319,399,301,402,284,405,267,407,248,274,228,284,218,298,216,312,217,325,221,347,222,361,219,375,220,388,223,397,233,337,234,337,244,337,254,337,265,322,277,329,279,336,281,343,280,350,279,289,238,298,234,307,234,316,239,307,241,297,241,356,241,365,236,374,237,382,242,374,244,365,243,307,302,319,298,329,296,336,298,344,297,353,300,363,305,352,308,343,309,335,309,328,308,318,307,311,302,329,301,336,302,343,302,359,304,343,303,336,303,328,302
clip_20250722_131738.avi,60,0,260,245,261,264,263,283,266,302,272,321,283,337,298,350,315,361,333,365,351,364,368,353,382,340,392,325,399,306,402,288,405,270,408,251,278,229,288,221,302,219,315,221,328,225,350,226,364,223,377,224,390,227,397,236,339,238,339,249,339,259,338,270,322,282,329,284,337,286,344,285,351,284,293,242,302,240,310,240,318,243,309,245,301,244,358,246,366,244,374,245,381,248,374,249,366,248,306,309,317,304,328,302,335,304,343,303,353,307,362,312,352,321,342,324,334,324,326,323,316,319,311,310,328,308,335,309,343,309,357,312,342,315,334,315,327,314
clip_20250722_131738.avi,90,0,258,246,260,264,262,282,265,299,270,316,280,330,295,342,311,351,329,355,347,353,364,346,378,336,389,321,394,304,398,287,400,270,403,251,274,228,283,219,297,216,310,218,324,222,343,223,357,220,371,220,383,224,391,233,333,234,333,243,333,253,333,263,319,275,325,277,332,279,339,278,345,277,288,238,296,235,305,235,313,239,305,240,296,240,353,241,362,238,370,239,377,243,369,244,361,243,303,302,314,295,324,292,331,295,339,294,348,298,358,305,347,311,337,313,329,313,322,312,313,309,308,302,324,297,331,298,338,299,353,304,337,306,330,306,323,305
clip_20250722_131738.avi,120,0,259,242,260,261,262,281,265,300,270,318,280,334,295,347,313,356,333,359,352,358,370,349,385,337,395,321,400,302,403,283,407,265,409,245,271,224,281,215,295,213,309,214,323,219,346,220,360,216,375,217,388,220,398,229,335,231,334,242,334,253,334,264,319,277,326,280,333,281,340,281,347,279,286,235,294,231,304,232,313,236,303,238,294,238,355,238,365,235,374,236,382,240,374,242,364,241,304,305,315,301,325,299,332,301,339,300,348,304,359,309,347,314,337,315,330,315,323,314,314,312,308,306,324,305,332,306,339,306,355,309,338,307,331,307,324,306
clip_20250722_131754.avi,30,0,261,252,262,272,265,292,268,313,275,332,287,348,303,361,322,370,342,374,361,371,376,361,389,347,398,331,402,313,405,295,409,277,411,258,281,235,293,228,308,226,323,228,337,233,358,235,371,232,385,232,398,234,405,243,348,246,348,256,349,267,349,279,333,291,340,293,347,295,354,294,360,292,298,247,307,244,316,244,324,250,315,251,306,251,366,252,375,248,384,249,391,253,383,255,374,254,316,320,327,313,338,310,346,312,353,311,361,315,368,323,360,330,351,334,344,334,336,333,326,329,320,321,338,317,345,318,352,318,364,323,352,325,345,325,337,324
clip_20250722_131754.avi,60,0,269,249,270,270,272,290,276,310,283,329,296,345,313,357,333,366,353,369,371,367,386,357,398,344,406,328,410,310,413,293,417,276,419,259,292,234,305,227,320,226,335,228,349,233,372,235,385,233,398,233,409,236,415,245,361,246,361,257,362,268,362,280,344,290,351,293,359,295,365,294,371,292,309,246,318,243,327,244,335,249,327,250,317,249,377,253,386,249,395,251,402,255,395,257,386,256,326,317,338,312,350,310,357,313,364,312,372,315,379,321,371,326,363,328,355,328,348,327,337,324,330,317,349,317,356,319,364,318,375,321,363,319,356,320,349,318
clip_20250722_131754.avi,90,0,273,248,274,268,276,288,279,308,287,327,299,342,315,355,334,365,353,368,370,366,386,356,399,343,408,328,413,310,416,292,419,275,421,257,295,231,308,224,322,222,337,225,350,230,371,231,385,228,398,229,409,232,416,242,361,242,361,252,361,262,361,273,343,285,351,288,358,290,365,289,372,287,311,243,321,240,330,240,337,245,329,246,320,246,378,248,387,245,395,246,402,251,395,252,386,251,326,314,339,308,350,305,357,308,364,307,372,311,380,317,371,322,363,324,355,325,348,324,338,321,331,314,349,313,356,314,363,314,376,317,363,316,356,316,349,315
clip_20250722_131754.avi,120,0,269,245,268,263,269,282,271,301,277,319,287,335,302,348,318,359,336,362,354,360,372,351,386,339,398,324,404,306,408,288,411,270,413,252,284,229,294,223,306,221,319,224,330,229,353,230,366,227,379,227,391,230,399,239,341,241,340,251,340,262,339,273,325,283,331,286,338,288,345,287,352,286,298,242,306,240,314,240,321,244,313,245,305,245,360,247,369,245,377,246,384,249,377,250,369,250,309,308,320,304,331,303,337,305,344,304,354,307,365,311,353,318,343,320,336,320,329,319,319,316,313,309,330,309,337,310,344,310,361,312,343,313,336,313,329,312
clip_20250722_131812.avi,30,0,262,244,263,264,265,283,269,302,275,320,286,336,301,349,319,359,338,362,357,360,373,350,386,337,395,321,400,302,404,285,407,268,410,250,280,231,292,223,306,221,320,223,334,228,353,230,367,226,380,226,393,229,401,237,344,240,344,251,344,261,344,273,328,284,335,286,342,288,349,287,355,286,296,243,305,241,314,241,322,245,313,246,304,246,361,247,370,244,378,246,385,249,378,251,370,250,312,309,324,305,334,302,341,305,348,304,357,307,366,311,356,318,347,321,339,321,332,320,322,317,316,310,334,310,341,310,348,311,361,312,347,312,340,313,333,312
clip_20250722_131812.avi,60,0,268,242,269,262,271,281,275,300,282,318,293,334,309,346,326,356,345,360,362,358,378,349,390,336,399,321,405,303,408,286,412,269,415,251,288,225,300,218,314,217,328,219,342,224,364,226,377,224,390,225,402,228,409,237,353,236,353,247,353,257,353,268,337,279,343,282,350,284,357,283,363,282,304,237,313,234,322,235,330,240,321,241,312,240,371,243,379,240,388,241,395,245,387,247,379,246,320,306,331,301,342,298,349,301,356,300,364,304,372,310,363,317,355,320,347,320,340,319,330,314,324,306,341,305,348,306,355,306,368,310,355,312,348,312,341,310
clip_20250722_131812.avi,90,0,267,242,268,261,270,281,273,300,280,317,291,333,307,345,325,355,344,359,362,357,378,347,390,334,398,319,403,301,407,284,411,268,413,251,287,225,299,219,313,217,326,219,340,224,363,226,376,223,389,224,400,228,407,236,351,236,351,247,352,257,352,268,336,280,342,282,349,284,355,284,361,282,302,237,311,235,320,235,328,240,319,241,310,240,369,243,378,240,386,241,393,246,386,247,377,246,319,307,331,302,341,299,348,301,354,300,362,304,369,311,361,316,353,318,346,318,339,317,329,314,324,307,341,306,347,307,354,307,365,311,353,309,347,309,340,308
clip_20250722_131812.avi,120,0,265,240,266,259,268,278,271,296,277,314,289,330,305,342,322,351,341,355,359,353,374,344,387,332,397,317,401,299,404,282,408,265,411,247,285,223,296,216,310,214,324,216,337,221,358,223,371,221,384,221,396,225,403,234,348,234,348,244,348,254,348,265,332,276,339,279,345,281,351,280,358,279,301,236,309,235,318,235,325,238,317,239,309,239,365,241,374,240,381,241,388,244,381,245,373,244,315,303,326,298,337,295,344,297,351,296,359,300,367,307,358,312,350,314,342,314,335,313,326,310,320,304,336,303,343,304,350,304,363,307,350,306,343,306,336,304
clip_20250722_131812.avi,150,0,265,240,267,260,269,279,272,297,278,315,289,330,306,340,324,349,343,352,360,350,376,342,388,330,396,315,400,298,403,281,406,264,409,247,284,224,296,218,310,216,324,219,337,223,358,226,371,223,383,223,395,225,403,233,348,235,348,245,348,255,349,267,333,277,339,279,346,282,353,281,359,279,300,236,309,234,317,234,325,238,317,240,308,239,365,241,373,239,381,240,388,243,381,245,373,244,316,302,328,298,338,297,345,299,352,298,360,301,369,305,359,309,351,311,344,311,337,310,327,307,320,302,338,302,345,303,351,303,365,305,351,304,345,304,338,303
clip_20250722_131827.avi,30,0,262,248,264,266,266,284,270,303,277,320,289,334,305,345,322,353,341,355,359,353,373,345,385,333,393,317,398,300,400,283,402,266,404,249,281,229,291,220,305,217,318,218,331,223,352,224,364,220,377,221,389,225,396,234,342,235,343,244,344,253,344,263,329,277,336,278,342,279,349,279,355,278,297,240,306,238,314,238,321,241,314,242,305,242,359,242,367,241,375,242,381,245,374,246,367,245,313,302,325,298,336,297,342,299,349,297,357,300,366,305,356,309,348,310,341,311,334,310,324,308,317,302,335,303,342,304,348,303,362,305,348,304,341,305,335,303
clip_20250722_131827.avi,60,0,263,249,265,267,268,285,272,302,279,318,291,332,306,342,324,350,341,353,358,351,373,343,385,332,393,317,398,300,401,283,404,267,406,249,281,228,291,219,305,217,319,218,332,222,352,222,365,220,378,221,390,224,397,233,343,234,343,243,344,252,345,262,330,275,337,277,343,278,349,278,355,277,296,239,305,235,313,235,321,239,313,241,304,241,361,241,369,238,377,239,384,243,377,244,369,244,316,304,326,296,336,293,343,295,349,294,358,299,365,307,357,313,349,315,341,315,334,314,325,311,320,304,336,301,342,301,349,302,361,307,349,306,342,306,335,305
clip_20250722_131827.avi,90,0,264,250,266,269,269,287,273,305,280,321,292,336,307,348,325,357,343,361,361,358,375,348,387,335,395,320,399,303,402,286,405,269,407,252,284,228,295,221,308,219,322,220,335,224,356,225,368,222,381,223,392,226,399,235,346,237,346,246,347,256,347,266,332,279,339,281,345,283,352,282,358,280,301,242,309,240,317,239,325,242,317,244,309,244,363,244,371,243,379,244,386,247,378,248,371,247,317,307,327,300,338,297,345,299,351,298,360,302,367,311,359,318,350,321,344,321,336,320,326,316,321,308,337,304,344,305,351,305,363,311,350,312,344,312,337,311
clip_20250722_131827.avi,120,0,266,250,267,268,269,286,273,303,280,320,291,333,306,343,324,350,342,353,359,352,375,344,387,334,396,320,400,304,403,287,406,270,408,254,285,229,296,221,309,219,323,220,337,224,357,226,369,223,382,223,394,227,401,236,347,236,347,245,348,255,348,265,332,277,339,279,346,281,352,280,358,279,301,240,309,237,317,236,326,241,317,242,309,242,364,243,373,240,381,241,388,245,380,247,372,246,316,303,327,297,337,294,344,296,351,296,359,300,368,306,358,309,350,310,343,310,335,309,326,307,320,303,336,300,344,301,351,302,364,306,350,304,343,304,336,302
clip_20250722_131827.avi,150,0,265,246,267,265,269,283,272,301,279,319,290,334,305,345,322,354,340,358,358,357,373,348,386,336,394,321,400,303,403,286,407,269,409,252,285,228,296,221,309,219,323,221,336,225,357,227,369,224,382,225,393,229,400,237,347,238,347,247,347,257,347,267,332,279,338,282,345,284,351,283,357,281,301,240,309,238,317,238,325,242,317,243,308,243,364,245,372,243,380,244,387,248,379,249,371,248,316,306,326,301,337,298,343,300,350,299,358,304,366,311,357,317,348,319,342,318,335,317,325,314,320,307,336,305,343,306,349,307,362,310,349,311,343,311,336,309
clip_20250722_131827.avi,180,0,268,250,270,267,272,285,275,302,280,318,291,332,306,342,322,350,340,353,357,352,373,345,386,335,396,321,401,305,404,288,407,271,409,254,284,232,294,224,307,222,321,224,334,228,355,230,367,227,380,228,392,231,400,239,344,240,343,250,343,259,343,270,329,281,335,283,342,285,348,284,354,283,299,243,307,241,315,241,323,244,315,246,306,246,362,247,371,245,379,246,386,249,378,251,370,250,312,305,323,301,333,299,341,301,347,300,356,304,366,309,355,313,346,314,339,313,332,312,323,310,316,305,333,304,340,306,347,306,362,309,347,306,340,306,333,305
clip_20250722_131843.avi,30,0,262,250,264,269,266,287,270,305,276,323,287,338,303,349,320,358,338,361,355,360,370,351,383,338,392,324,397,307,399,290,403,273,405,255,280,232,291,224,305,222,318,224,332,228,352,230,365,226,378,227,390,230,397,239,342,241,342,250,342,260,343,270,327,282,334,284,341,286,347,285,353,284,295,244,304,240,313,241,320,245,312,247,303,246,360,247,368,244,377,245,383,249,376,251,368,250,312,310,323,303,333,300,340,302,347,301,356,306,363,314,355,320,346,323,339,323,331,322,322,318,317,310,333,307,339,308,347,308,359,313,346,314,339,314,332,313
clip_20250722_131843.avi,60,0,264,250,265,269,268,287,271,306,277,324,288,339,303,353,321,363,340,367,358,365,373,355,385,342,393,327,398,310,401,293,405,276,407,258,284,231,295,223,309,221,323,223,336,228,358,230,371,228,383,228,395,231,402,240,348,241,348,251,348,261,349,272,333,284,339,286,346,288,352,287,358,286,300,243,309,240,317,240,325,245,316,247,308,246,365,248,373,245,382,246,388,250,381,252,373,251,317,313,327,306,338,302,345,304,352,303,360,308,366,317,359,326,351,329,343,330,336,328,326,324,321,314,337,310,345,310,351,311,362,317,351,320,344,320,337,319
clip_20250722_131843.avi,90,0,262,247,264,266,266,283,270,301,276,318,287,333,303,344,320,353,339,357,356,355,371,346,384,335,392,320,397,303,400,287,403,270,405,253,282,229,293,222,306,219,320,221,333,225,354,226,367,224,380,224,391,228,398,237,344,237,344,247,345,257,345,267,329,279,336,281,343,283,349,282,355,281,297,241,305,238,314,238,322,242,314,243,305,243,361,244,370,242,378,243,384,247,377,248,369,247,315,307,326,300,336,297,342,299,348,298,356,303,364,310,355,315,347,317,340,317,334,316,325,313,319,307,335,304,341,305,347,305,359,309,347,308,341,308,335,307
clip_20250722_131843.avi,120,0,267,249,269,267,271,285,275,303,282,319,293,333,309,343,327,351,345,354,362,353,377,346,388,335,397,321,401,305,404,289,408,274,410,258,290,227,301,220,315,218,329,220,342,224,362,227,375,224,387,225,398,229,405,238,352,238,352,247,352,256,352,266,336,278,343,281,349,282,356,282,362,281,305,239,314,237,322,237,330,242,321,243,313,242,368,245,377,242,384,244,391,248,384,249,376,248,320,304,331,297,342,295,349,297,355,296,363,301,371,308,362,313,353,315,347,314,340,313,330,310,324,304,341,302,348,303,354,304,367,308,354,307,348,307,341,305
clip_20250722_131843.avi,150,0,260,249,261,267,263,285,267,302,273,318,283,332,298,343,315,350,333,353,350,352,366,345,379,334,388,320,393,304,396,288,399,271,401,254,277,229,287,221,300,219,313,220,326,224,347,226,360,223,373,224,385,228,392,237,337,236,336,246,337,255,336,266,322,278,328,280,335,281,341,281,347,280,291,241,299,238,307,238,315,241,307,243,299,243,354,244,363,242,371,243,377,247,370,248,362,247,307,304,318,299,327,296,334,299,341,298,349,301,358,307,348,310,340,310,333,310,326,309,317,308,310,304,327,302,334,303,340,303,354,307,340,304,333,304,326,303
clip_20250722_131858.avi,30,0,263,249,265,269,267,289,270,309,276,327,287,344,302,357,320,367,339,371,358,369,375,359,389,347,400,331,405,312,408,293,412,274,414,254,277,236,288,228,303,226,317,228,331,233,353,235,367,231,382,231,395,234,404,243,342,245,342,256,342,267,342,279,327,291,334,293,341,295,347,294,354,293,294,248,303,245,312,245,320,249,311,251,302,251,363,251,372,249,381,250,388,253,380,255,372,254,311,317,322,313,332,310,340,313,347,312,356,315,366,320,355,326,346,328,338,328,330,327,321,323,315,317,332,317,340,319,347,318,362,320,346,319,339,320,331,318
clip_20250722_131858.avi,60,0,267,249,269,270,272,290,275,309,282,328,293,343,309,355,328,364,348,367,367,366,382,357,395,345,404,329,408,311,411,293,415,276,417,258,288,232,300,224,315,222,330,224,344,229,368,231,381,228,394,229,406,233,413,242,356,242,356,253,357,264,357,275,340,287,347,290,354,291,361,291,367,289,304,244,314,241,323,241,332,246,322,247,313,247,374,249,383,246,392,247,399,252,391,254,382,252,322,314,335,309,346,307,353,309,360,308,367,312,375,318,366,323,358,325,351,325,343,324,333,321,326,315,345,313,352,315,359,314,371,318,359,316,351,316,344,315
clip_20250722_131858.avi,90,0,268,247,269,267,271,287,275,306,282,325,293,340,310,352,328,361,348,365,366,363,381,354,394,342,403,327,408,309,411,291,415,274,418,256,290,229,302,222,316,220,331,222,345,227,367,230,380,227,394,228,406,232,412,241,356,241,356,251,356,262,356,273,339,285,346,287,353,289,360,289,366,287,306,242,315,239,324,239,332,244,323,245,314,245,373,248,382,244,391,246,397,250,390,252,382,251,322,311,333,305,344,303,351,305,358,305,367,309,374,316,365,321,357,323,349,323,342,321,332,318,326,311,344,310,351,311,358,312,370,315,357,314,350,314,343,313
clip_20250722_131858.avi,120,0,265,246,267,265,269,284,272,303,278,321,290,335,306,346,324,354,343,357,361,356,377,349,390,338,399,324,404,307,407,290,411,272,413,255,285,227,297,219,312,218,326,220,340,224,361,227,374,224,388,226,400,229,407,239,350,238,350,248,350,258,350,269,333,281,341,283,348,285,355,285,361,284,301,239,310,236,319,236,327,242,318,243,309,242,368,245,377,242,386,243,393,248,385,250,376,248,315,305,328,302,339,300,346,302,353,302,361,305,371,311,360,314,351,314,344,314,336,313,326,311,319,306,338,305,345,307,352,307,368,311,352,308,345,308,337,306
clip_20250722_131913.avi,30,0,272,249,273,267,275,285,277,303,283,319,293,334,307,344,324,352,342,355,360,354,377,348,391,338,401,324,407,307,411,290,414,273,416,255,285,227,294,218,307,214,321,217,333,222,356,226,370,222,384,223,396,227,404,237,345,237,345,247,345,257,345,268,331,280,337,282,344,284,350,283,357,282,300,240,308,237,316,237,325,242,316,244,307,243,365,245,373,242,382,243,390,247,382,249,373,248,315,305,326,300,335,298,343,300,350,299,359,303,369,309,358,312,349,312,341,312,334,311,325,310,318,305,335,304,342,305,349,306,365,308,349,305,342,305,334,304
clip_20250722_131913.avi,60,0,260,248,261,268,263,287,266,306,272,324,282,340,296,352,313,362,331,365,349,364,367,356,381,344,392,329,398,311,402,293,406,274,408,254,274,229,284,220,297,218,310,221,323,226,347,229,360,225,375,225,387,229,396,239,335,240,334,251,334,261,334,273,320,285,326,287,333,289,339,288,346,287,290,243,297,240,306,240,314,244,306,246,297,246,355,247,364,244,373,245,380,249,372,251,363,250,307,313,317,308,325,305,331,308,337,307,346,311,355,317,345,322,337,324,330,324,324,323,316,320,311,313,325,312,331,313,337,313,350,316,337,314,331,314,324,313
clip_20250722_131913.avi,90,0,264,249,265,268,267,287,271,305,277,322,287,337,302,349,318,358,336,361,354,360,371,352,385,341,395,327,402,309,405,291,408,272,411,254,277,232,287,223,300,221,314,223,328,227,350,228,364,225,379,225,391,229,400,238,339,240,339,250,339,260,339,271,323,284,330,286,337,288,345,287,352,286,292,243,300,240,309,240,318,244,309,246,300,246,359,246,368,243,377,244,385,248,377,250,368,249,309,310,320,306,330,304,336,306,343,305,352,309,362,314,351,318,342,319,335,319,328,318,319,316,313,310,329,309,336,310,343,310,357,313,342,311,335,311,329,310
clip_20250722_131913.avi,120,0,259,248,260,267,262,285,265,304,271,321,282,336,296,348,313,357,331,360,349,359,365,351,380,340,390,325,396,308,399,290,403,272,405,254,273,231,283,222,297,220,310,222,323,226,346,228,359,224,373,224,386,228,394,237,334,239,334,249,334,259,334,270,319,283,326,285,332,287,339,286,346,284,288,242,296,239,305,239,314,244,305,245,296,245,354,246,363,242,372,243,380,247,372,249,363,248,305,310,315,305,325,303,331,305,338,304,347,307,356,313,346,318,337,320,330,320,323,319,314,316,309,310,324,309,331,310,338,310,352,313,338,312,331,312,323,311
clip_20250722_131913.avi,150,0,260,248,261,267,263,286,266,304,273,321,284,335,300,345,317,353,335,356,353,354,370,348,384,337,394,323,399,306,402,288,404,270,406,252,274,230,284,221,298,219,312,222,325,226,347,228,361,224,375,224,387,227,396,236,336,239,336,249,336,259,336,269,321,282,328,284,335,286,342,285,349,284,289,241,298,238,307,238,316,243,307,245,297,245,356,245,365,242,374,243,381,246,374,249,365,248,305,305,317,302,328,300,335,302,342,301,352,304,362,309,351,312,341,313,333,313,326,313,316,311,309,306,327,306,334,307,342,306,358,308,341,306,334,307,326,306
clip_20250722_131926.avi,30,0,263,252,264,271,266,289,269,308,275,326,285,340,300,352,317,360,335,363,353,361,370,354,384,343,395,329,400,311,404,293,407,274,410,256,277,236,287,228,301,226,315,229,328,233,349,235,362,232,376,232,389,234,398,242,338,245,338,256,338,266,338,277,323,289,330,291,337,293,344,292,350,291,292,248,300,245,309,245,317,250,309,251,300,251,358,252,367,248,375,249,383,253,375,255,367,254,307,313,319,309,329,307,336,310,343,308,352,312,363,317,351,321,342,322,334,322,327,321,318,318,311,313,328,313,335,314,343,314,359,317,342,315,335,315,328,314
clip_20250722_131926.avi,60,0,262,251,263,270,265,288,268,306,273,324,282,339,296,351,313,360,331,363,350,362,367,354,381,343,392,327,397,309,400,291,403,273,405,255,276,236,285,226,298,223,311,224,325,228,344,230,357,226,371,226,384,230,393,240,334,241,334,251,334,261,334,272,320,285,326,286,333,288,340,287,347,286,292,247,299,245,307,245,315,247,307,249,299,249,353,248,361,247,369,248,376,250,369,252,361,251,305,311,316,307,326,305,332,307,339,306,348,309,357,315,347,319,338,320,331,320,324,319,315,317,309,312,325,311,332,312,339,312,353,315,338,313,331,313,325,312
clip_20250722_131926.avi,90,0,265,251,266,269,269,286,272,303,278,320,288,335,302,346,319,355,337,358,355,356,371,348,385,337,395,323,401,306,404,288,407,271,410,254,281,231,290,222,303,220,317,221,329,225,351,226,364,223,378,224,391,227,399,236,340,238,340,248,340,257,340,267,325,280,332,282,339,283,345,283,352,281,295,242,303,240,311,240,319,243,311,245,303,245,360,245,368,242,376,244,383,247,376,248,368,247,311,307,321,300,331,297,338,299,345,299,354,303,364,309,353,315,344,317,337,317,330,317,320,314,315,307,331,304,338,305,345,305,359,309,344,309,337,309,330,308
clip_20250722_131926.avi,120,0,265,250,266,268,268,286,270,304,276,322,286,337,300,349,317,359,334,362,352,360,369,352,383,340,393,325,399,308,403,290,406,273,408,255,279,236,288,227,301,225,314,227,327,231,348,232,362,228,376,228,388,232,396,241,337,243,337,253,337,263,336,274,322,286,329,288,335,289,342,288,349,287,294,248,302,245,310,245,318,248,310,250,301,250,356,250,365,248,373,249,381,252,373,254,365,253,308,312,318,307,328,304,335,307,342,305,351,309,360,315,350,319,341,321,333,321,326,320,318,318,312,312,328,311,334,312,342,312,356,315,341,313,334,313,327,312
clip_20250722_132024.avi,30,0,265,255,267,274,270,292,273,309,279,326,289,340,304,351,322,359,340,362,359,361,375,354,388,343,397,328,402,310,404,293,408,275,410,257,281,237,291,229,305,227,319,229,333,233,353,235,366,231,379,231,392,234,400,243,343,245,343,255,344,265,344,276,329,287,336,289,342,291,348,290,355,290,296,247,305,244,314,244,322,249,313,251,304,251,362,251,370,248,379,248,387,252,379,255,370,254,314,312,324,307,334,305,341,307,348,306,356,310,366,316,356,320,347,320,340,320,332,319,324,317,318,313,333,311,341,313,348,313,362,316,347,313,340,313,333,312
clip_20250722_132024.avi,60,0,275,251,276,269,278,287,281,305,288,322,299,336,314,346,332,354,350,357,368,356,383,349,396,338,405,323,410,306,413,290,416,274,418,257,294,230,305,223,319,221,332,223,345,227,366,229,379,226,392,227,403,231,410,240,356,239,356,249,356,258,356,268,341,280,347,282,354,284,360,284,366,283,309,242,318,239,326,239,334,243,326,245,317,244,373,246,382,244,390,245,396,249,390,251,381,250,325,306,336,299,346,297,353,299,360,299,369,303,377,311,367,314,358,315,351,315,343,314,334,311,329,306,345,304,352,305,360,305,373,310,359,309,352,309,344,307
clip_20250722_132024.avi,90,0,268,251,269,269,271,287,274,304,280,321,290,336,304,348,321,357,338,360,356,358,372,350,386,339,396,325,402,307,405,290,408,273,411,255,282,233,292,225,304,223,317,225,330,229,351,230,364,227,378,227,391,231,399,240,340,241,340,250,340,260,340,270,326,282,332,284,339,286,345,285,352,284,296,245,304,243,312,243,320,246,312,247,303,247,360,248,368,246,377,247,384,250,376,252,368,251,311,309,322,304,331,301,338,303,345,302,354,306,364,312,354,318,345,320,337,320,330,319,321,316,316,310,331,308,338,308,345,308,359,312,345,312,337,312,331,311
clip_20250722_132024.avi,120,0,268,252,269,270,272,289,275,307,280,324,291,340,305,352,322,361,340,364,357,362,373,353,386,341,396,326,402,309,405,291,408,274,410,256,282,240,292,232,305,231,318,233,330,237,351,238,364,235,378,235,390,237,398,246,341,248,341,259,341,269,341,281,326,290,333,292,340,294,346,294,353,292,297,251,305,249,313,249,320,252,312,253,304,253,360,254,368,252,376,253,383,256,376,257,368,256,312,315,323,311,332,309,339,311,346,310,355,313,365,316,354,322,346,324,338,324,331,324,322,321,316,315,332,314,339,315,346,315,361,316,346,317,338,317,332,316
clip_20250722_132054.avi,30,0,263,245,264,265,266,284,269,303,275,322,285,338,300,350,318,360,338,364,357,361,375,353,390,341,401,325,406,306,409,288,413,269,415,250,276,226,287,217,301,215,315,216,328,220,352,222,366,219,381,220,395,223,404,232,340,234,340,245,340,255,340,267,325,280,332,282,339,284,346,283,352,282,292,238,300,234,310,234,319,239,310,241,300,241,361,241,371,237,380,238,388,242,380,245,371,244,310,309,321,302,331,298,338,301,346,300,355,305,364,312,354,317,345,320,337,320,329,319,320,316,315,309,331,307,338,308,346,308,360,311,345,310,337,310,330,309
clip_20250722_132054.avi,60,0,262,245,263,264,265,283,269,302,275,321,285,338,300,351,317,362,337,366,356,363,373,354,388,341,399,325,405,305,408,286,411,267,413,249,279,229,289,220,303,217,317,219,330,223,351,224,365,221,380,221,392,224,401,234,341,237,341,247,341,257,341,268,326,281,333,283,340,285,347,284,353,283,295,243,303,240,312,240,321,243,312,246,303,246,359,245,368,242,376,243,384,246,376,249,368,248,311,311,321,304,332,301,338,303,346,302,355,307,364,314,354,321,344,324,337,324,329,323,320,319,316,311,331,309,338,310,345,310,359,314,345,314,337,314,330,313
clip_20250722_132054.avi,90,0,269,243,269,262,271,281,273,300,278,318,288,335,303,348,321,357,340,360,360,359,378,351,393,339,403,323,408,305,411,286,414,268,416,249,284,224,294,215,307,212,320,214,333,218,356,220,370,216,384,217,397,221,405,232,344,231,344,242,344,252,344,263,329,277,336,278,343,280,350,279,357,278,300,237,308,234,316,234,324,237,316,239,307,239,364,239,372,237,381,239,388,241,380,243,372,242,312,305,324,301,335,299,342,302,348,300,358,303,368,308,357,312,347,313,340,313,333,313,323,311,316,305,334,305,342,306,348,306,364,307,348,307,341,308,334,306
clip_20250722_132054.avi,120,0,264,244,264,264,266,284,269,303,274,323,285,339,300,353,317,363,335,367,354,366,371,356,385,343,396,327,402,308,406,289,410,270,412,251,278,233,289,224,303,223,316,226,329,231,351,233,365,229,379,228,392,232,400,241,340,244,340,255,340,267,339,279,324,289,330,292,338,294,345,293,352,292,294,247,303,245,311,246,319,248,311,250,302,250,359,251,368,250,376,251,384,253,376,255,368,254,309,315,320,312,330,310,337,312,344,311,353,314,363,319,352,325,343,328,335,328,328,327,319,323,314,316,329,316,336,317,344,317,359,319,343,319,336,319,329,318
clip_20250722_132107.avi,30,0,274,249,275,270,278,291,282,311,287,331,298,348,314,362,333,373,352,377,371,375,388,363,401,349,411,333,416,314,420,295,424,277,427,258,292,236,305,228,320,227,335,231,348,236,372,237,385,234,399,234,412,237,420,245,361,248,361,260,361,271,361,284,344,294,351,297,358,299,365,298,372,296,309,248,318,244,328,245,336,251,327,252,317,252,379,254,389,250,398,251,405,255,398,258,389,257,327,323,338,317,349,314,356,316,364,315,373,319,381,327,372,335,363,339,355,339,347,338,336,333,331,324,348,322,356,323,364,323,377,327,363,328,355,328,348,327
clip_20250722_132107.avi,60,0,275,245,277,266,279,286,282,306,289,325,300,342,316,355,335,366,355,370,373,369,389,358,402,344,411,328,417,310,421,292,425,273,428,254,294,229,307,222,322,221,337,224,351,229,374,232,388,229,401,229,414,232,422,241,362,242,362,254,362,265,362,277,345,288,353,290,360,292,366,291,373,290,311,243,320,240,330,241,338,246,329,247,319,246,381,249,390,246,399,247,406,252,398,254,389,252,328,315,339,310,350,307,358,310,366,309,374,313,382,320,372,326,364,330,356,330,348,329,338,324,332,316,349,315,357,316,365,316,377,319,364,320,357,320,349,319
clip_20250722_132107.avi,90,0,273,245,274,265,275,285,278,304,285,323,296,339,311,352,329,362,348,366,367,364,383,354,397,342,408,326,414,308,417,290,421,272,424,253,292,230,303,223,317,221,331,223,345,228,366,230,380,227,394,227,407,231,415,240,355,242,355,252,355,263,355,274,339,286,346,288,353,291,360,290,366,288,308,245,317,243,326,243,334,247,325,249,316,249,373,249,382,247,391,248,398,251,390,254,381,253,322,313,334,308,344,306,351,308,358,307,366,310,375,317,365,322,357,325,349,325,342,324,333,321,327,314,344,312,351,313,358,313,370,317,357,315,350,316,343,315
clip_20250722_132107.avi,120,0,268,246,269,264,272,283,274,301,279,319,289,336,303,348,321,358,340,361,359,359,377,351,391,339,402,323,407,305,410,287,414,268,417,249,281,228,291,220,305,218,318,220,331,225,354,226,368,222,383,222,396,226,406,235,343,236,342,247,342,257,342,269,327,280,334,282,341,284,348,284,355,283,296,239,304,236,313,236,321,241,313,242,303,242,364,243,372,239,381,240,390,244,382,246,372,245,311,308,321,302,331,299,339,302,346,301,356,305,367,311,355,317,345,319,337,319,329,318,320,314,315,308,331,305,338,306,346,307,363,310,345,312,337,312,330,310
clip_20250722_132124.avi,30,0,274,251,276,271,279,291,282,311,288,330,300,346,317,359,336,369,356,372,376,371,392,361,405,347,413,330,418,311,421,293,425,275,428,256,293,232,305,223,321,221,336,223,350,228,374,230,387,227,401,228,414,232,421,242,362,242,362,253,363,263,363,275,346,288,354,290,361,292,368,291,374,290,310,245,320,242,329,242,337,247,328,248,319,248,382,250,391,247,400,248,407,252,399,254,391,253,330,319,341,311,352,307,360,310,367,309,376,314,384,322,375,328,366,330,358,331,350,329,340,326,335,319,352,316,359,317,367,317,379,321,367,321,359,321,351,320
clip_20250722_132124.avi,60,0,274,249,276,269,278,289,281,308,288,327,299,343,316,355,334,365,354,370,373,368,389,358,402,345,411,329,416,311,420,293,424,275,427,256,294,229,306,221,321,219,335,221,349,226,373,229,387,226,401,227,413,231,421,240,361,240,361,251,361,261,361,273,344,285,352,287,359,289,366,289,372,287,311,243,320,241,329,241,337,245,328,246,319,246,381,248,389,246,398,247,405,251,397,252,389,251,327,314,339,309,350,305,357,308,364,307,374,312,382,319,372,326,363,328,355,329,348,327,337,323,332,315,350,313,357,315,364,315,378,319,363,319,356,319,349,318
clip_20250722_132124.avi,90,0,271,250,272,270,275,290,278,309,284,328,294,344,309,358,328,368,347,372,367,370,384,360,398,347,407,331,412,312,416,294,420,276,423,257,289,231,300,222,314,219,329,221,343,225,364,227,379,224,393,226,406,230,413,241,354,239,353,249,353,260,353,271,338,285,344,287,351,289,358,288,365,287,306,244,314,241,323,241,331,245,323,246,314,246,373,248,382,245,390,247,397,251,389,252,381,251,320,314,331,307,343,304,350,307,358,306,368,310,377,318,366,326,356,329,348,329,340,327,330,324,324,315,342,312,350,313,357,313,372,318,357,320,349,320,342,319
clip_20250722_132124.avi,120,0,272,247,273,267,275,286,278,306,284,324,296,340,311,354,329,364,348,368,367,366,384,356,398,343,407,327,412,309,416,291,420,273,422,255,291,228,302,219,317,217,331,219,345,224,366,226,380,223,394,224,407,228,414,238,355,238,355,248,355,258,355,269,339,282,346,285,353,287,360,286,366,284,308,242,317,239,325,239,333,243,325,244,316,244,374,246,383,244,391,246,398,249,390,251,382,249,322,312,333,305,344,302,352,304,359,303,369,308,377,317,367,325,357,328,350,328,342,327,331,322,326,313,344,310,351,311,359,311,372,317,358,318,350,318,343,317
clip_20250722_132124.avi,150,0,271,246,272,264,273,283,275,302,280,320,290,335,304,347,321,356,340,360,359,359,376,352,391,340,402,325,408,307,412,289,416,271,418,252,286,231,295,222,309,220,322,222,335,227,356,229,370,225,385,225,398,229,406,239,345,239,345,250,345,260,344,272,329,283,336,286,343,288,350,287,357,285,301,244,309,243,318,242,326,245,317,247,308,247,364,247,373,246,381,248,389,250,381,253,372,251,313,309,325,306,334,303,342,306,349,305,358,308,367,314,356,318,347,320,340,320,332,319,323,316,318,310,334,309,342,310,348,310,363,313,348,312,341,312,333,311
clip_20250722_132138.avi,30,0,269,251,270,271,274,291,277,310,283,328,294,343,309,355,327,364,347,367,366,366,382,358,395,346,405,331,410,313,413,294,417,276,420,257,285,235,297,226,312,223,327,225,341,230,363,232,377,229,391,229,404,233,412,242,352,243,352,254,353,265,353,277,336,289,343,291,351,293,358,292,365,290,302,246,311,243,320,243,329,248,320,249,310,249,371,250,381,247,390,248,397,252,389,254,380,253,319,314,331,310,342,308,349,310,357,309,365,312,375,318,365,322,356,324,348,324,340,323,330,320,323,314,341,314,349,315,357,315,371,318,356,316,348,316,341,315
clip_20250722_132138.avi,60,0,267,246,268,267,271,286,274,305,280,324,291,340,306,353,324,362,343,366,362,365,379,356,392,344,402,327,408,309,411,291,415,272,417,253,284,231,295,223,309,221,323,223,337,228,359,229,373,226,387,227,400,230,408,240,348,240,348,251,348,262,348,273,332,286,339,288,346,290,353,289,360,287,299,243,308,240,317,240,326,245,317,246,307,246,367,248,376,244,385,245,393,249,385,251,376,250,316,314,327,308,338,305,345,307,352,306,361,310,369,317,360,323,351,326,344,326,336,325,326,321,320,314,337,313,345,314,352,314,365,317,351,316,344,316,337,315
clip_20250722_132138.avi,90,0,270,246,271,265,273,285,276,303,282,321,293,336,309,348,327,356,346,360,364,359,381,351,395,340,404,325,410,307,413,289,417,271,419,253,288,228,299,220,314,218,328,220,342,225,363,227,377,224,391,225,403,229,411,238,352,238,352,248,352,259,352,270,336,282,343,284,349,286,356,286,363,285,304,240,313,238,322,238,330,242,321,243,312,243,371,245,380,243,388,244,396,248,388,249,379,248,319,308,330,303,341,301,348,303,354,302,363,306,372,312,362,317,353,319,345,318,338,317,329,314,323,308,340,306,347,308,354,308,368,312,353,310,346,309,339,308
clip_20250722_132138.avi,120,0,266,246,267,265,269,284,272,302,278,320,288,336,302,349,319,359,338,363,356,362,373,353,388,341,398,325,404,307,407,290,411,272,414,254,283,229,293,221,307,218,320,220,334,225,356,227,369,224,383,224,396,228,403,238,345,237,344,247,344,257,344,268,329,281,335,283,342,285,349,284,356,283,299,242,307,239,316,239,324,242,315,244,307,244,364,245,373,243,381,245,388,248,380,249,372,248,312,310,323,303,333,300,341,302,348,301,357,306,366,313,356,321,346,324,339,324,331,323,321,319,317,310,333,307,341,308,347,308,361,313,347,314,340,314,332,313
clip_20250722_132138.avi,150,0,263,246,263,266,265,285,268,304,274,322,285,337,301,348,318,356,337,359,355,357,373,350,387,339,398,324,403,307,406,289,410,271,412,253,277,231,287,223,301,221,315,223,328,228,351,229,365,226,379,226,392,230,401,238,340,240,339,251,339,262,339,273,323,285,330,287,337,289,345,288,352,287,293,243,301,240,310,240,319,245,310,246,301,245,360,247,369,244,378,246,385,249,378,251,369,250,305,308,318,305,328,303,336,306,344,305,354,308,364,313,352,316,342,317,334,317,326,316,316,313,309,308,328,309,336,310,344,310,360,313,343,310,335,310,327,309
clip_20250722_132155.avi,30,0,274,250,274,270,276,291,280,311,286,330,298,347,314,359,333,370,352,374,370,373,386,362,398,349,407,333,412,314,416,296,419,279,422,261,296,234,308,227,323,225,338,228,351,233,373,235,386,233,399,233,411,237,417,246,362,246,362,257,363,268,363,279,345,290,352,293,359,295,366,294,372,292,313,248,322,246,331,246,339,250,330,251,321,251,378,253,387,252,395,254,402,257,395,258,387,257,327,319,339,312,351,309,358,312,365,311,373,316,380,324,371,331,363,334,355,334,348,333,338,328,332,319,350,317,357,318,364,319,375,324,363,324,356,324,349,322
clip_20250722_132155.avi,60,0,275,249,275,269,277,289,281,309,288,327,300,343,317,356,336,366,356,370,374,369,389,359,402,346,410,330,415,312,418,295,422,277,425,260,297,230,310,224,325,223,340,225,353,231,376,233,389,230,402,231,414,234,421,244,365,244,365,254,365,265,365,276,348,288,355,291,362,293,369,293,375,291,314,244,323,241,332,242,340,246,331,247,322,247,382,251,391,248,400,250,406,254,399,255,390,254,330,315,342,309,353,307,360,310,366,309,375,314,383,321,373,327,365,329,358,329,350,327,340,323,335,315,352,315,359,317,366,317,378,321,366,319,359,319,351,317
clip_20250722_132155.avi,90,0,273,248,273,268,275,288,279,309,285,328,297,345,313,358,332,369,352,373,370,371,386,360,398,347,407,331,412,313,415,295,419,278,421,260,294,234,306,226,321,225,335,228,349,233,371,235,384,232,398,232,410,236,416,245,360,245,360,256,360,267,360,278,342,289,350,292,357,295,364,294,370,292,311,246,320,244,329,245,336,249,328,250,319,249,377,252,386,250,394,252,401,255,393,257,385,255,325,317,337,312,348,310,355,312,362,311,370,316,379,323,369,330,360,333,353,333,345,332,335,327,330,318,347,316,354,318,361,318,374,322,360,324,354,324,347,322
clip_20250722_132155.avi,120,0,269,246,270,266,273,285,275,304,281,322,291,338,307,350,324,360,343,364,362,364,379,355,393,344,402,328,408,310,411,292,415,273,418,254,286,231,297,224,311,222,325,224,339,229,362,231,375,228,389,229,402,232,410,242,350,241,350,252,350,263,350,274,334,286,341,288,348,290,355,290,362,288,302,244,311,242,319,242,328,246,319,247,310,247,369,249,378,247,386,249,394,252,386,253,377,252,318,313,329,309,339,307,346,309,353,308,362,312,371,318,361,322,352,324,345,324,337,322,328,319,322,314,339,313,346,314,353,314,367,318,353,315,346,315,338,314
clip_20250722_132155.avi,150,0,270,245,271,264,273,284,276,302,282,320,294,335,309,347,326,355,344,359,362,358,379,350,392,339,402,323,408,306,411,288,415,270,418,252,288,228,299,219,314,216,328,218,342,223,362,225,376,222,390,223,403,227,409,238,352,235,352,246,352,256,352,267,335,279,342,281,349,283,356,283,363,282,305,239,314,237,322,237,330,240,322,242,313,242,369,244,378,242,386,244,393,247,386,248,377,247,320,307,331,302,341,300,347,303,354,302,361,306,369,312,360,316,352,317,345,316,338,315,330,313,324,307,340,305,347,307,353,307,365,311,352,308,346,308,340,307
clip_20250722_132155.avi,180,0,266,245,267,264,269,283,272,302,278,320,289,335,304,347,322,355,341,358,360,357,377,349,390,338,400,323,405,305,407,287,411,269,413,250,281,231,292,224,306,222,319,225,332,229,354,231,367,227,381,228,394,231,402,240,343,241,343,252,343,263,343,274,328,285,335,287,342,289,348,288,355,287,297,245,305,244,313,244,321,246,313,247,305,247,363,248,371,247,379,249,387,251,379,252,371,251,312,309,323,305,333,303,341,306,348,305,357,308,368,314,356,317,347,317,340,317,332,315,323,313,316,309,333,309,340,310,348,310,364,313,347,310,340,311,332,309
